published_date,open,high,low,Close,per_change,traded_quantity,traded_amount,status,Date,ema_short,ema_long,ema_diff,ema_cross
2020-07-09,331.0,364.0,331.0,364.0,0.0,230.0,82440.0,0,2020-07-09,364.0,364.0,0.0,0
2020-07-12,371.0,400.0,371.0,400.0,9.89,260.0,103250.0,1,2020-07-12,371.2,367.7894736842105,3.4105263157894683,1
2020-07-13,408.0,440.0,408.0,440.0,10.0,400.0,175200.0,1,2020-07-13,384.96,375.39058171745154,9.56941828254844,0
2020-07-14,448.0,484.0,448.0,484.0,10.0,250.0,119810.0,1,2020-07-14,404.76800000000003,386.823152062983,17.944847937017016,0
2020-07-15,508.0,532.0,508.0,532.0,9.92,1050.0,558180.0,1,2020-07-15,430.21440000000007,402.10492553003746,28.109474469962606,0
2020-07-16,542.0,585.0,542.0,585.0,9.96,1170.0,683360.0,1,2020-07-16,461.1715200000001,421.35703863213877,39.81448136786133,0
2020-07-19,614.0,626.0,614.0,626.0,7.01,20.0,12400.0,1,2020-07-19,494.1372160000001,442.89840298665047,51.23881301334961,0
2020-07-20,657.0,688.0,657.0,688.0,9.9,8160.0,5611680.0,1,2020-07-20,532.9097728,468.69857109331883,64.21120170668121,0
2020-07-21,722.0,756.0,722.0,756.0,9.88,38948.0,29340328.0,1,2020-07-21,577.5278182400001,498.9408267677063,78.58699147229379,0
2020-07-22,793.0,831.0,793.0,805.0,6.48,221826.0,181584816.0,1,2020-07-22,623.0222545920001,531.1575818447899,91.8646727472102,0
2020-07-23,820.0,820.0,781.0,793.0,-1.49,89223.0,70704096.0,-1,2020-07-23,657.0178036736002,558.7199416506015,98.29786202299863,0
2020-07-26,795.0,795.0,775.0,781.0,-1.51,80655.0,62925156.0,-1,2020-07-26,681.8142429388802,582.1178425294855,99.69640040939464,0
2020-07-27,780.0,855.0,780.0,821.0,5.12,96139.0,77920088.0,1,2020-07-27,709.6513943511042,607.2633327895397,102.38806156156443,0
2020-07-28,811.0,839.0,810.0,830.0,1.1,59825.0,49478792.0,1,2020-07-28,733.7211154808833,630.7092977590619,103.01181772182144,0
2020-07-29,840.0,840.0,807.0,812.0,-2.17,53350.0,43768120.0,-1,2020-07-29,749.3768923847067,649.7925295738975,99.58436281080924,0
2020-07-30,812.0,820.0,800.0,806.0,-0.74,44120.0,35646808.0,-1,2020-07-30,760.7015139077654,666.2354211976977,94.46609271006764,0
2020-08-02,810.0,810.0,783.0,787.0,-2.36,52090.0,41116160.0,-1,2020-08-02,765.9612111262123,678.9474821242559,87.01372900195645,0
2020-08-03,775.0,799.0,772.0,787.0,0.0,29520.0,23091984.0,0,2020-08-03,770.1689689009698,690.3214313743342,79.84753752663562,0
2020-08-05,785.0,785.0,768.0,770.0,-2.16,33236.0,25656934.0,-1,2020-08-05,770.1351751207759,698.7086491244044,71.42652599637154,0
2020-08-06,775.0,775.0,760.0,763.0,-0.91,27895.0,21309064.0,-1,2020-08-06,768.7081400966208,705.4761597428881,63.23198035373275,0
2020-08-09,755.0,764.0,730.0,756.0,-0.92,43385.0,32388976.0,-1,2020-08-09,766.1665120772967,710.7944587173209,55.37205335997578,0
2020-08-10,742.0,795.0,742.0,793.0,4.89,34851.0,26764632.0,1,2020-08-10,771.5332096618374,719.4476735891819,52.085536072655486,0
2020-08-11,793.0,793.0,772.0,778.0,-1.89,30656.0,23869104.0,-1,2020-08-11,772.82656772947,725.611076369268,47.21549136020201,0
2020-08-12,775.0,780.0,765.0,767.0,-1.41,26710.0,20570024.0,-1,2020-08-12,771.661254183576,729.9678051725028,41.6934490110732,0
2020-08-13,753.0,770.0,753.0,759.0,-1.04,30385.0,23114275.0,-1,2020-08-13,769.1290033468608,733.0238256806604,36.10517766620046,0
2021-03-31,780.0,795.0,780.0,795.0,4.74,239.0,188336.0,1,2021-03-31,774.3032026774887,739.5476335037488,34.7555691737399,0
2021-04-01,834.0,874.0,834.0,874.0,9.94,451.0,391934.0,1,2021-04-01,794.2425621419909,753.7005141875647,40.54204795442615,0
2021-04-04,917.0,961.0,917.0,961.0,9.95,3460.0,3322541.0,1,2021-04-04,827.5940497135928,775.5215126941368,52.07253701945592,0
2021-04-05,980.0,1057.0,980.0,1057.0,9.99,1217.0,1283947.0,1,2021-04-05,873.4752397708743,805.1508271473856,68.32441262348868,0
2021-04-06,1109.0,1162.0,1109.0,1162.0,9.93,1052.0,1220515.0,1,2021-04-06,931.1801918166994,842.7138979739766,88.46629384272285,0
2021-04-07,1220.0,1278.0,1220.0,1278.0,9.98,1399.0,1786322.0,1,2021-04-07,1000.5441534533596,888.5334876609264,112.0106657924332,0
2021-04-08,1297.0,1405.0,1297.0,1405.0,9.94,731.0,1024845.0,1,2021-04-08,1081.4353227626877,942.8983836966183,138.5369390660694,0
2021-04-12,1475.0,1545.0,1475.0,1545.0,9.96,2882.0,4431210.0,1,2021-04-12,1174.1482582101503,1006.2775012022374,167.87075700791286,0
2021-04-13,1622.0,1699.0,1622.0,1699.0,9.97,10426.0,17712269.0,1,2021-04-13,1279.1186065681202,1079.195658970423,199.9229475976972,0
2021-04-15,1783.0,1868.0,1783.0,1868.0,9.95,269135.0,498963998.0,1,2021-04-15,1396.8948852544963,1162.2276948682731,234.66719038622318,0
2021-04-18,1961.0,2037.0,1831.0,1899.0,1.66,288975.0,553227180.0,1,2021-04-18,1497.315908203597,1239.7826743558232,257.5332338477738,0
2021-04-19,1935.0,1940.0,1840.0,1849.0,-2.63,123524.0,231182553.0,-1,2021-04-19,1567.6527265628777,1303.9108138973154,263.74191266556227,0
2021-04-20,1900.0,1900.0,1802.0,1818.0,-1.68,85694.0,156451074.0,-1,2021-04-20,1617.7221812503021,1358.025465066019,259.6967161842831,0
2021-04-21,1900.0,1900.0,1785.0,1793.0,-1.38,77827.0,140637057.0,-1,2021-04-21,1652.7777450002418,1403.8122582169644,248.96548678327736,0
2021-04-22,1882.0,1885.0,1764.0,1837.0,2.45,116471.0,213579007.0,1,2021-04-22,1689.6221960001935,1449.4109678783366,240.21122812185695,0
2021-04-25,1900.0,1900.0,1761.0,1764.0,-3.97,71662.0,128018564.0,-1,2021-04-25,1704.4977568001548,1482.5256028385118,221.97215396164302,0
2021-04-26,1750.0,1794.0,1700.0,1701.0,-3.57,73976.0,127765392.0,-1,2021-04-26,1703.7982054401239,1505.5229078028788,198.2752976372451,0
2021-04-27,1701.0,1760.0,1700.0,1755.0,3.17,38987.0,67630180.0,1,2021-04-27,1714.0385643520992,1531.783654349944,182.25491000215516,0
2021-04-28,1842.0,1842.0,1718.0,1729.0,-1.48,28733.0,50020377.0,-1,2021-04-28,1717.0308514816795,1552.543269681529,164.48758180015056,0
2021-04-29,1730.0,1750.0,1711.0,1726.0,-0.17,20952.0,36232702.0,-1,2021-04-29,1718.8246811853437,1570.8018728729471,148.0228083123966,0
2021-05-02,1730.0,1748.0,1710.0,1736.0,0.58,39847.0,68933507.0,1,2021-05-02,1722.259744948275,1588.1911494126368,134.06859553563822,0
2021-05-03,1744.0,1765.0,1721.0,1738.0,0.12,28252.0,49240759.0,1,2021-05-03,1725.4077959586202,1603.9605021060436,121.44729385257665,0
2021-05-04,1738.0,1830.0,1725.0,1809.0,4.09,62225.0,110577683.0,1,2021-05-04,1742.1262367668962,1625.5436071475126,116.58262961938362,0
2021-05-05,1850.0,1910.0,1825.0,1873.0,3.54,119789.0,223615625.0,1,2021-05-05,1768.300989413517,1651.591648500406,116.70934091311096,0
2021-05-06,1880.0,1885.0,1820.0,1821.0,-2.78,48227.0,88706563.0,-1,2021-05-06,1778.8407915308137,1669.424106552995,109.4166849778187,0
2021-05-09,1821.0,1821.0,1764.0,1769.0,-2.86,36361.0,64941917.0,-1,2021-05-09,1776.872633224651,1679.9057795474164,96.96685367723467,0
2021-05-10,1750.0,1800.0,1747.0,1780.0,0.62,21338.0,37998836.0,1,2021-05-10,1777.498106579721,1690.4420132792675,87.05609330045354,0
2021-05-11,1780.0,1805.0,1771.0,1780.0,0.0,25790.0,46150209.0,0,2021-05-11,1777.998485263777,1699.8691697761865,78.12931548759047,0
2021-05-12,1786.0,1795.0,1766.0,1773.0,-0.39,21623.0,38521761.0,-1,2021-05-12,1776.9987882110217,1707.5671519050088,69.43163630601293,0
2021-05-13,1750.0,1800.0,1750.0,1772.0,-0.06,19962.0,35404082.0,-1,2021-05-13,1775.9990305688175,1714.3495569676395,61.64947360117799,0
2021-05-16,1775.0,1795.0,1775.0,1790.0,1.02,29210.0,52070339.0,1,2021-05-16,1778.7992244550542,1722.3127614973616,56.48646295769254,0
2021-05-17,1790.0,1810.0,1780.0,1783.0,-0.39,29173.0,52165636.0,-1,2021-05-17,1779.6393795640433,1728.7008918660604,50.938487697982964,0
2021-05-18,1800.0,1800.0,1780.0,1790.0,0.39,39058.0,69702401.0,1,2021-05-18,1781.7115036512348,1735.1534295643698,46.55807408686496,0
2021-05-19,1800.0,1836.0,1781.0,1798.0,0.45,66643.0,120666365.0,1,2021-05-19,1784.9692029209878,1741.7688580312783,43.20034488970941,0
2021-05-20,1800.0,1820.0,1776.0,1783.0,-0.83,31918.0,57211350.0,-1,2021-05-20,1784.5753623367905,1746.1089782385122,38.46638409827824,0
2021-05-23,1750.0,1793.0,1750.0,1780.0,-0.17,33784.0,60100764.0,-1,2021-05-23,1783.6602898694325,1749.6764542134056,33.98383565602694,0
2021-05-24,1780.0,1790.0,1760.0,1762.0,-1.01,35799.0,63426867.0,-1,2021-05-24,1779.3282318955462,1750.9736695593629,28.354562336183335,0
2021-05-25,1780.0,1785.0,1758.0,1758.0,-0.23,23995.0,42364981.0,-1,2021-05-25,1775.0625855164371,1751.7132832899563,23.34930222648086,0
2021-05-27,1671.0,1733.0,1607.0,1673.0,-4.84,111261.0,187343940.0,-1,2021-05-27,1754.6500684131497,1743.4276745225925,11.222393890557214,0
2021-05-30,1670.0,1700.0,1655.0,1658.0,-0.9,41047.0,68517318.0,-1,2021-05-30,1735.32005473052,1734.4352877307408,0.8847669997792309,0
2021-05-31,1655.0,1683.0,1644.0,1650.0,-0.48,43055.0,71223032.0,-1,2021-05-31,1718.256043784416,1725.5473627064523,-7.291318922036226,-1
2021-06-01,1650.0,1666.0,1622.0,1633.0,-1.03,26567.0,43599744.0,-1,2021-06-01,1701.2048350275331,1715.8055350531415,-14.600700025608376,0
2021-06-02,1670.0,1670.0,1631.0,1643.0,0.61,20574.0,33661845.0,1,2021-06-02,1689.5638680220268,1708.141794521232,-18.577926499205205,0
2021-06-03,1725.0,1725.0,1649.0,1649.0,0.37,25530.0,42426662.0,1,2021-06-03,1681.4510944176216,1701.9163424663654,-20.465248048743888,0
2021-06-06,1650.0,1681.0,1641.0,1644.0,-0.3,25578.0,42154787.0,-1,2021-06-06,1673.9608755340973,1695.8198853646427,-21.859009830545347,0
2021-06-07,1644.0,1660.0,1634.0,1634.0,-0.61,21195.0,34798306.0,-1,2021-06-07,1665.968700427278,1689.3125290104697,-23.34382858319168,0
2021-06-08,1705.0,1705.0,1626.0,1628.0,-0.37,34635.0,56525182.0,-1,2021-06-08,1658.3749603418223,1682.8585785883151,-24.483618246492824,0
2021-06-09,1628.0,1651.0,1625.0,1629.0,0.06,34825.0,56779964.0,1,2021-06-09,1652.4999682734579,1677.1892545263872,-24.689286252929378,0
2021-06-10,1650.0,1650.0,1614.0,1617.0,-0.74,29349.0,47569564.0,-1,2021-06-10,1645.3999746187665,1670.8535435236095,-25.453568904842996,0
2021-06-13,1625.0,1628.0,1605.0,1609.0,-0.49,36522.0,58978353.0,-1,2021-06-13,1638.1199796950132,1664.3426442053346,-26.222664510321465,0
2021-06-14,1620.0,1635.0,1605.0,1616.0,0.44,28333.0,45797248.0,1,2021-06-14,1633.6959837560107,1659.2539448152995,-25.5579610592888,0
2021-06-15,1606.0,1622.0,1600.0,1603.0,-0.8,29455.0,47286247.0,-1,2021-06-15,1627.5567870048085,1653.3324769400049,-25.775689935196397,0
2021-06-16,1603.0,1709.0,1595.0,1660.0,3.56,61567.0,102540870.0,1,2021-06-16,1634.045429603847,1654.0343214726358,-19.98889186878887,0
2021-06-17,1690.0,1723.0,1619.0,1629.0,-1.87,24410.0,40068621.0,-1,2021-06-17,1633.0363436830776,1651.3991297386742,-18.362786055596644,0
2021-06-20,1628.0,1640.0,1595.0,1599.0,-1.84,27748.0,44567447.0,-1,2021-06-20,1626.229074946462,1645.8834318714453,-19.654356924983176,0
2021-06-21,1520.0,1620.0,1520.0,1566.0,-2.06,27217.0,42897180.0,-1,2021-06-21,1614.1832599571699,1637.474649569188,-23.291389612018065,0
2021-06-22,1580.0,1598.0,1550.0,1573.0,0.45,23267.0,36538558.0,1,2021-06-22,1605.946607965736,1630.6878443513788,-24.74123638564288,0
2021-06-23,1589.0,1589.0,1539.0,1539.0,-2.16,20286.0,31506527.0,-1,2021-06-23,1592.5572863725888,1621.0364923143916,-28.479205941802775,0
2021-06-24,1500.0,1566.0,1500.0,1516.0,-1.49,23509.0,35712348.0,-1,2021-06-24,1577.2458290980712,1609.9800194391926,-32.73419034112135,0
2021-06-27,1520.0,1540.0,1499.0,1507.0,-0.59,20011.0,30205233.0,-1,2021-06-27,1563.1966632784572,1599.1400173929617,-35.94335411450447,0
2021-06-28,1525.0,1566.0,1510.0,1544.0,2.46,25558.0,39398538.0,1,2021-06-28,1559.3573306227659,1593.3358050358079,-33.97847441304202,0
2021-06-29,1570.0,1610.0,1546.0,1548.0,0.26,24360.0,38278161.0,1,2021-06-29,1557.0858644982127,1588.5636150320388,-31.47775053382611,0
2021-06-30,1520.0,1555.0,1515.0,1516.0,-2.07,12917.0,19685637.0,-1,2021-06-30,1548.8686915985702,1580.9253397655084,-32.0566481669382,0
2021-07-01,1524.0,1538.0,1510.0,1516.0,0.0,15784.0,23981906.0,0,2021-07-01,1542.2949532788564,1574.0910934744022,-31.79614019554583,0
2021-07-04,1509.0,1530.0,1509.0,1510.0,-0.4,12304.0,18664137.0,-1,2021-07-04,1535.8359626230852,1567.34466258236,-31.508699959274736,0
2021-07-05,1538.0,1539.0,1497.0,1500.0,-0.66,21852.0,32836318.0,-1,2021-07-05,1528.6687700984683,1560.255750731585,-31.58698063311681,0
2021-07-06,1525.0,1525.0,1496.0,1500.0,0.0,17498.0,26264463.0,0,2021-07-06,1522.9350160787747,1553.9130401282603,-30.97802404948561,0
2021-07-07,1495.0,1520.0,1495.0,1499.0,-0.07,14768.0,22197389.0,-1,2021-07-07,1518.1480128630196,1548.1327201147592,-29.984707251739565,0
2021-07-08,1500.0,1528.0,1499.0,1511.0,0.8,13684.0,20695454.0,1,2021-07-08,1516.7184102904157,1544.2240127342582,-27.505602443842463,0
2021-07-11,1530.0,1550.0,1511.0,1550.0,2.58,16629.0,25534551.0,1,2021-07-11,1523.3747282323327,1544.83201139381,-21.457283161477335,0
2021-07-12,1570.0,1570.0,1525.0,1538.0,-0.77,19812.0,30610156.0,-1,2021-07-12,1526.299782585866,1544.1128522997246,-17.813069713858567,0
2021-07-13,1550.0,1555.0,1525.0,1539.0,0.07,7292.0,11207935.0,1,2021-07-13,1528.839826068693,1543.5746573208062,-14.734831252113281,0
2021-07-14,1530.0,1548.0,1518.0,1531.0,-0.52,7827.0,12000438.0,-1,2021-07-14,1529.2718608549544,1542.251009181774,-12.97914832681954,0
2021-07-15,1536.0,1545.0,1530.0,1545.0,0.91,17437.0,26769455.0,1,2021-07-15,1532.4174886839635,1542.540376636324,-10.122887952360543,0
2021-07-18,1575.0,1612.0,1560.0,1605.0,3.88,27529.0,43664803.5,1,2021-07-18,1546.9339909471707,1549.1150738325005,-2.1810828853297153,0
2021-07-19,1619.0,1669.0,1608.0,1615.0,0.62,19763.0,32231326.3,1,2021-07-19,1560.5471927577366,1556.050329218553,4.4968635391835505,1
2021-07-20,1615.0,1636.0,1600.0,1605.0,-0.62,11650.0,18776750.7,-1,2021-07-20,1569.4377542061893,1561.202926142916,8.234828063273198,0
2021-07-22,1605.0,1620.0,1591.0,1595.4,-0.6,16338.0,26143636.5,-1,2021-07-22,1574.6302033649517,1564.8026181278724,9.827585237079347,0
2021-07-25,1600.0,1601.0,1590.5,1594.0,-0.09,15010.0,23954406.0,-1,2021-07-25,1578.5041626919615,1567.876026745991,10.62813594597037,0
2021-07-26,1585.1,1642.0,1585.1,1638.0,2.76,31482.0,51272370.3,1,2021-07-26,1590.4033301535692,1575.2574976148342,15.145832538735021,0
2021-07-27,1605.3,1611.0,1551.1,1599.0,-2.38,42050.0,66999672.3,-1,2021-07-27,1592.1226641228554,1577.75670839222,14.365955730635505,0
2021-07-28,1590.0,1635.0,1588.0,1605.0,0.38,17791.0,28668836.7,1,2021-07-28,1594.6981312982844,1580.6244232983022,14.073707999982162,0
2021-07-29,1610.0,1630.0,1590.2,1595.0,-0.62,13485.0,21554026.7,-1,2021-07-29,1594.7585050386276,1582.1376418984808,12.620863140146866,0
2021-08-01,1620.0,1649.9,1600.0,1608.0,0.82,16141.0,26039269.6,1,2021-08-01,1597.406804030902,1584.8599953828511,12.546808648050956,0
2021-08-02,1640.0,1640.0,1610.0,1630.0,1.37,21357.0,34683582.6,1,2021-08-02,1603.9254432247217,1589.6115748162351,14.313868408486542,0
2021-08-03,1650.0,1711.0,1650.0,1697.0,4.11,68028.0,114900749.0,1,2021-08-03,1622.5403545797776,1600.9156195724208,21.624735007356776,0
2021-08-04,1725.0,1780.0,1675.0,1677.0,-1.18,50206.0,85407193.1,-1,2021-08-04,1633.4322836638223,1608.9245017226924,24.507781941129906,0
2021-08-05,1650.0,1680.0,1635.0,1641.5,-2.12,28817.0,47664478.1,-1,2021-08-05,1635.045826931058,1612.3535015413563,22.692325389701637,0
2021-08-08,1674.0,1674.0,1602.0,1615.0,-1.61,29655.0,48359741.8,-1,2021-08-08,1631.0366615448465,1612.6320803264766,18.404581218369913,0
2021-08-09,1620.0,1625.0,1592.0,1610.0,-0.31,20822.0,33502654.4,-1,2021-08-09,1626.8293292358774,1612.3550192394791,14.474309996398233,0
2021-08-10,1610.0,1651.0,1592.0,1620.0,0.62,19278.0,31338580.9,1,2021-08-10,1625.463463388702,1613.1597540563762,12.303709332325752,0
2021-08-11,1620.0,1630.0,1605.0,1610.0,-0.62,20691.0,33425226.5,-1,2021-08-11,1622.3707707109616,1612.8271483662313,9.543622344730238,0
2021-08-12,1610.0,1633.0,1600.0,1602.2,-0.48,20561.0,33036484.6,-1,2021-08-12,1618.3366165687694,1611.708501169786,6.628115398983482,0
2021-08-15,1634.2,1634.2,1588.0,1610.0,0.49,25826.0,41547973.9,1,2021-08-15,1616.6692932550156,1611.5286589413872,5.140634313628425,0
2021-08-16,1608.0,1620.0,1590.0,1594.0,-0.99,19288.0,30896645.2,-1,2021-08-16,1612.1354346040125,1609.683536947557,2.4518976564554578,0
2021-08-17,1595.0,1610.0,1577.0,1580.0,-0.88,21499.0,34102858.1,-1,2021-08-17,1605.7083476832101,1606.558954110972,-0.8506064277619316,-1
2021-08-18,1581.0,1581.0,1538.6,1575.0,-0.32,22238.0,34922356.5,-1,2021-08-18,1599.5666781465682,1603.236958941396,-3.6702807948279315,0
2021-08-19,1562.0,1605.0,1562.0,1567.0,-0.51,16232.0,25538416.3,-1,2021-08-19,1593.0533425172548,1599.422542210723,-6.36919969346809,0
2021-08-24,1570.1,1575.0,1540.0,1546.6,-1.3,16197.0,25188843.2,-1,2021-08-24,1583.762674013804,1593.8622746095941,-10.099600595790207,0
2021-08-25,1530.0,1555.0,1520.0,1532.0,-0.94,9030.0,13908687.8,-1,2021-08-25,1573.4101392110433,1587.3504562296368,-13.940317018593532,0
2021-08-26,1540.0,1560.0,1510.0,1519.0,-0.85,21214.0,32283882.1,-1,2021-08-26,1562.5281113688347,1580.1556713633593,-17.627559994524518,0
2021-08-29,1520.0,1545.0,1498.0,1498.0,-1.38,20556.0,31068366.3,-1,2021-08-29,1549.622489095068,1571.50770595669,-21.885216861621984,0
2021-08-31,1492.0,1510.0,1457.8,1464.0,-2.27,21127.0,31179357.7,-1,2021-08-31,1532.4979912760543,1560.19110532967,-27.693114053615773,0
2021-09-01,1455.1,1500.0,1455.1,1473.0,0.61,13843.0,20481328.6,1,2021-09-01,1520.5983930208436,1551.0130942423364,-30.414701221492805,0
2021-09-02,1475.0,1498.0,1450.0,1460.0,-0.88,17417.0,25599485.1,-1,2021-09-02,1508.4787144166748,1541.4327685326168,-32.95405411594197,0
2021-09-05,1445.0,1450.0,1375.0,1405.0,-3.77,22687.0,31766395.2,-1,2021-09-05,1487.7829715333398,1527.0714244765518,-39.28845294321195,0
2021-09-06,1387.3,1458.0,1387.3,1455.0,3.56,13113.0,18698272.3,1,2021-09-06,1481.226377226672,1519.484958742178,-38.258581515505966,0
2021-09-07,1455.0,1456.1,1417.1,1422.0,-2.27,10128.0,14521453.7,-1,2021-09-07,1469.3811017813377,1509.223384137738,-39.84228235640035,0
2021-09-08,1440.0,1444.0,1399.0,1407.0,-1.05,12596.0,17828825.0,-1,2021-09-08,1456.9048814250702,1498.4630279127132,-41.558146487642944,0
2021-09-09,1402.0,1434.0,1402.0,1404.0,-0.21,9419.0,13273552.6,-1,2021-09-09,1446.3239051400562,1488.5195512903224,-42.19564615026616,0
2021-09-12,1432.0,1432.0,1405.0,1417.0,0.93,11374.0,16101157.1,1,2021-09-12,1440.4591241120452,1480.9911774702884,-40.532053358243274,0
2021-09-13,1421.0,1446.0,1410.0,1415.0,-0.14,11932.0,16968467.0,-1,2021-09-13,1435.367299289636,1474.044737736574,-38.67743844693791,0
2021-09-14,1405.0,1420.0,1400.0,1406.0,-0.64,12326.0,17344285.5,-1,2021-09-14,1429.493839431709,1466.882133764303,-37.388294332594114,0
2021-09-15,1406.0,1409.0,1390.0,1392.0,-1.0,10160.0,14195509.4,-1,2021-09-15,1421.9950715453672,1458.9998038943766,-37.00473234900937,0
2021-09-16,1390.0,1391.0,1340.0,1341.0,-3.66,22041.0,29860294.4,-1,2021-09-16,1405.7960572362938,1446.5787719054947,-40.782714669200914,0
2021-09-20,1340.0,1364.0,1290.1,1294.0,-3.5,17623.0,23124714.0,-1,2021-09-20,1383.436845789035,1430.5178485470215,-47.081002757986425,0
2021-09-21,1271.0,1356.0,1250.0,1285.0,-0.7,18152.0,23333604.4,-1,2021-09-21,1363.7494766312282,1415.2001802789139,-51.450703647685714,0
2021-09-22,1310.0,1341.0,1293.0,1335.0,3.89,10781.0,14299411.8,1,2021-09-22,1357.9995813049825,1406.7580560390284,-48.758474734045876,0
2021-09-23,1360.0,1380.0,1324.0,1325.0,-0.75,13846.0,18579744.5,-1,2021-09-23,1351.399665043986,1398.1519448770252,-46.75227983303921,0
2021-09-26,1325.0,1325.0,1290.0,1303.0,-1.66,10413.0,13559283.9,-1,2021-09-26,1341.7197320351888,1388.1359506794436,-46.41621864425474,0
2021-09-27,1305.0,1305.0,1260.0,1262.0,-3.15,10596.0,13477886.2,-1,2021-09-27,1325.7757856281512,1374.8584821868706,-49.08269655871936,0
2021-09-28,1250.0,1287.0,1237.1,1265.0,0.24,17318.0,21897622.9,1,2021-09-28,1313.620628502521,1363.294431430358,-49.67380292783696,0
2021-09-29,1265.0,1278.0,1250.2,1268.0,0.24,8860.0,11177583.5,1,2021-09-29,1304.496502802017,1353.263438648215,-48.766935846198066,0
2021-09-30,1292.0,1292.0,1265.0,1275.0,0.55,11290.0,14374401.8,1,2021-09-30,1298.5972022416136,1345.0251819484029,-46.4279797067893,0
2021-10-03,1265.0,1295.0,1256.0,1262.0,-1.02,9286.0,11845039.4,-1,2021-10-03,1291.277761793291,1336.285689111729,-45.00792731843808,0
2021-10-04,1279.0,1280.0,1240.0,1269.0,0.55,9604.0,12128911.9,1,2021-10-04,1286.8222094346327,1329.2029849947048,-42.38077556007215,0
2021-10-05,1243.7,1243.7,1142.1,1142.1,-10.0,14027.0,16035983.3,-1,2021-10-05,1257.8777675477063,1309.5079339426306,-51.630166394924345,0
2021-10-06,1119.3,1190.0,1027.9,1140.0,-0.18,153332.0,168594398.2,-1,2021-10-06,1234.302214038165,1291.6649935276168,-57.362779489451896,0
2021-10-10,1160.0,1200.0,1140.0,1160.0,1.75,25099.0,29235177.0,1,2021-10-10,1219.4417712305321,1277.80552052471,-58.36374929417775,0
2021-10-11,1138.0,1140.0,1114.5,1133.0,-2.33,36007.0,40559403.6,-1,2021-10-11,1202.1534169844258,1262.5628341536878,-60.40941716926204,0
2021-10-17,1134.0,1148.0,1110.5,1130.0,-0.26,10754.0,12046535.1,-1,2021-10-17,1187.7227335875407,1248.6088516111945,-60.88611802365381,0
2021-10-18,1108.0,1128.0,1090.0,1097.0,-2.92,15305.0,16902769.2,-1,2021-10-18,1169.5781868700326,1232.6500251258055,-63.071838255772946,0
2021-10-19,1076.0,1097.0,1038.0,1097.0,0.0,20819.0,21958618.1,0,2021-10-19,1155.0625494960261,1218.3710751125627,-63.3085256165366,0
2021-10-20,1118.0,1130.0,1078.0,1084.0,-1.19,18591.0,20392625.8,-1,2021-10-20,1140.850039596821,1204.2267514165035,-63.37671181968244,0
2021-10-21,1090.0,1091.2,1062.0,1063.0,-1.94,10449.0,11146624.3,-1,2021-10-21,1125.280031677457,1189.3607775831872,-64.08074590573028,0
2021-10-24,1051.0,1088.0,1051.0,1081.2,1.71,13406.0,14464590.7,1,2021-10-24,1116.4640253419657,1177.9754325744307,-61.51140723246499,0
2021-10-25,1065.1,1116.0,1065.1,1110.0,2.66,18487.0,20407425.0,1,2021-10-25,1115.1712202735725,1170.8201238823854,-55.648903608812816,0
2021-10-26,1125.0,1130.9,1100.0,1124.0,1.26,26737.0,29851028.9,1,2021-10-26,1116.936976218858,1165.8916897895026,-48.95471357064457,0
2021-10-27,1146.4,1235.0,1146.4,1205.0,7.21,81893.0,98273112.4,1,2021-10-27,1134.5495809750864,1170.0083540221865,-35.45877304710007,0
2021-10-28,1223.0,1241.0,1181.1,1232.1,2.25,29483.0,35689565.4,1,2021-10-28,1154.0596647800692,1176.544316756693,-22.48465197662381,0
2021-10-31,1235.0,1320.0,1213.0,1310.0,6.32,38731.0,49419422.4,1,2021-10-31,1185.2477318240553,1190.5922834138833,-5.3445515898279154,0
2021-11-01,1330.0,1389.0,1305.0,1313.0,0.23,33043.0,44075016.1,1,2021-11-01,1210.7981854592445,1203.4773062124218,7.320879246822642,1
2021-11-02,1310.0,1340.2,1273.0,1301.0,-0.91,20771.0,26857728.4,-1,2021-11-02,1228.8385483673956,1213.7428529269039,15.095695440491681,0
2021-11-03,1300.0,1369.9,1300.0,1311.0,0.77,17452.0,23071036.3,1,2021-11-03,1245.2708386939164,1223.9804473556508,21.290391338265636,0
2021-11-08,1311.0,1337.0,1285.0,1286.0,-1.91,14052.0,18171539.6,-1,2021-11-08,1253.4166709551332,1230.508821318214,22.90784963691931,0
2021-11-09,1301.0,1301.0,1220.0,1231.0,-4.28,15371.0,19068449.0,-1,2021-11-09,1248.9333367641066,1230.5605243373493,18.372812426757264,0
2021-11-11,1207.0,1233.0,1185.0,1185.0,-3.74,13472.0,16118622.6,-1,2021-11-11,1236.1466694112853,1225.76467967026,10.381989741025336,0
2021-11-14,1185.0,1199.0,1162.0,1181.0,-0.34,9489.0,11223643.5,-1,2021-11-14,1225.1173355290282,1221.052608126022,4.064727403006145,0
2021-11-15,1204.0,1210.0,1186.0,1199.0,1.52,8677.0,10391787.5,1,2021-11-15,1219.8938684232226,1218.7312809548616,1.1625874683609254,0
2021-11-16,1177.0,1306.4,1177.0,1276.0,6.42,16780.0,20775269.7,1,2021-11-16,1231.1150947385781,1224.7595671701392,6.355527568438902,0
2021-11-17,1280.0,1327.5,1280.0,1291.0,1.18,31637.0,41321609.5,1,2021-11-17,1243.0920757908625,1231.7322443101245,11.359831480737967,0
2021-11-18,1290.0,1316.0,1268.0,1272.0,-1.47,15663.0,20053252.7,-1,2021-11-18,1248.8736606326902,1235.9709554353744,12.902705197315754,0
2021-11-21,1252.1,1276.0,1252.0,1270.2,-0.14,11212.0,14177473.7,-1,2021-11-21,1253.1389285061523,1239.5740127579666,13.56491574818574,0
2021-11-22,1293.3,1300.0,1270.0,1276.0,0.46,14018.0,17973068.2,1,2021-11-22,1257.7111428049218,1243.4083272044963,14.302815600425447,0
2021-11-23,1276.0,1299.9,1250.0,1260.0,-1.25,22252.0,28244022.5,-1,2021-11-23,1258.1689142439375,1245.154819077707,13.01409516623039,0
2021-11-24,1235.0,1245.0,1220.0,1233.1,-2.13,9818.0,12100557.5,-1,2021-11-24,1253.15513139515,1243.8858907537378,9.269240641412125,0
2021-11-25,1250.0,1250.0,1220.1,1220.2,-1.05,5382.0,6606066.7,-1,2021-11-25,1246.5641051161201,1241.3926390954496,5.17146602067055,0
2021-11-28,1196.0,1244.0,1175.0,1189.0,-2.56,21071.0,25372646.4,-1,2021-11-28,1235.0512840928961,1235.8776244538233,-0.8263403609271336,-1
2021-11-29,1175.0,1231.1,1175.0,1191.0,0.17,8098.0,9653314.3,1,2021-11-29,1226.241027274317,1231.1536639849999,-4.912636710682818,0
2021-11-30,1212.1,1212.5,1172.0,1180.0,-0.92,8278.0,9780814.7,-1,2021-11-30,1216.9928218194536,1225.7690677760525,-8.776245956598814,0
2021-12-01,1182.0,1191.0,1172.4,1173.1,-0.58,4872.0,5776789.2,-1,2021-12-01,1208.2142574555628,1220.2249553785732,-12.010697923010412,0
2021-12-02,1173.0,1188.8,1137.0,1137.0,-3.08,11463.0,13192902.5,-1,2021-12-02,1193.9714059644502,1211.464433759776,-17.493027795325816,0
2021-12-05,1114.6,1114.6,1081.1,1091.0,-4.05,13341.0,14612488.2,-1,2021-12-05,1173.3771247715601,1198.7839670482208,-25.406842276660655,0
2021-12-06,1071.0,1150.0,1060.0,1100.0,0.82,11990.0,12932314.2,1,2021-12-06,1158.701699817248,1188.3856547273554,-29.68395491010733,0
2021-12-07,1103.1,1140.0,1100.0,1100.0,0.0,7262.0,8087295.0,0,2021-12-07,1146.9613598537985,1179.0819015981601,-32.12054174436162,0
2021-12-08,1110.0,1110.0,1068.0,1070.0,-2.73,6817.0,7345257.5,-1,2021-12-08,1131.5690878830387,1167.5995961667747,-36.030508283736026,0
2021-12-09,1050.0,1061.0,1026.0,1026.0,-4.11,17197.0,17922039.8,-1,2021-12-09,1110.455270306431,1152.6943755176405,-42.23910521120956,0
2021-12-12,1025.0,1030.0,994.1,994.1,-3.11,16162.0,16188897.4,-1,2021-12-12,1087.1842162451449,1136.0002307263098,-48.816014481164984,0
2021-12-13,981.0,1012.0,946.0,952.0,-4.23,18641.0,18046621.1,-1,2021-12-13,1060.147372996116,1116.6317853866983,-56.48441239058229,0
2021-12-14,971.0,1040.0,952.0,1014.0,6.51,4899.0,4895958.0,1,2021-12-14,1050.917898396893,1105.8284395565195,-54.91054115962652,0
2021-12-15,1034.0,1052.0,985.0,997.1,-1.67,15433.0,15836433.5,-1,2021-12-15,1040.1543187175143,1094.3833406558333,-54.229021938318965,0
2021-12-16,990.0,999.0,981.0,992.0,-0.51,5203.0,5155015.0,-1,2021-12-16,1030.5234549740117,1083.6061469025876,-53.08269192857597,0
2021-12-20,977.0,1030.0,974.0,993.0,0.1,4570.0,4521372.5,1,2021-12-20,1023.0187639792094,1074.0686577549468,-51.04989377573736,0
2021-12-21,979.1,1029.0,979.1,1015.0,2.22,9133.0,9163995.5,1,2021-12-21,1021.4150111833676,1067.8509043070576,-46.43589312368999,0
2021-12-22,1033.3,1057.0,1025.0,1052.0,3.65,9954.0,10402667.4,1,2021-12-22,1027.532008946694,1066.1823880642094,-38.650379117515286,0
2021-12-23,1065.0,1065.0,1033.0,1045.0,-0.67,5785.0,6057809.0,-1,2021-12-23,1031.0256071573554,1063.952663004819,-32.927055847463635,0
2021-12-26,1065.9,1108.9,1050.0,1088.0,4.11,11360.0,12281043.3,1,2021-12-26,1042.4204857258842,1066.4839616358906,-24.063475910006446,0
2021-12-27,1109.0,1130.0,1057.0,1064.0,-2.21,11329.0,12273400.4,-1,2021-12-27,1046.7363885807074,1066.2224919900073,-19.486103409299858,0
2021-12-28,1043.0,1055.0,1022.1,1040.0,-2.26,6238.0,6509384.0,-1,2021-12-28,1045.389110864566,1063.4622296752696,-18.07311881070359,0
2021-12-29,1060.0,1060.0,1040.0,1049.0,0.87,5244.0,5491059.4,1,2021-12-29,1046.1112886916528,1061.9398897094516,-15.828601017798746,0
2022-01-02,1045.0,1142.0,1045.0,1110.0,5.82,15254.0,16730062.1,1,2022-01-02,1058.8890309533222,1066.998848687404,-8.109817734081844,0
2022-01-03,1132.0,1207.0,1110.0,1203.0,8.38,42249.0,50103407.4,1,2022-01-03,1087.7112247626578,1081.3147593518877,6.3964654107701335,1
2022-01-04,1227.0,1259.0,1195.0,1227.0,2.0,17898.0,21986844.0,1,2022-01-04,1115.5689798101264,1096.6500478411626,18.91893196896376,0
2022-01-05,1249.0,1260.0,1188.2,1190.0,-3.02,17672.0,21315437.5,-1,2022-01-05,1130.4551838481011,1106.4763585947244,23.978825253376726,0
2022-01-06,1200.0,1211.0,1170.2,1209.0,1.6,17760.0,21167035.8,1,2022-01-06,1146.164147078481,1117.2683208479114,28.895826230569583,0
2022-01-09,1230.0,1230.0,1200.0,1210.0,0.08,21288.0,25846543.9,1,2022-01-09,1158.9313176627847,1127.0295502323418,31.901767430442987,0
2022-01-10,1190.1,1234.0,1190.0,1200.0,-0.83,11121.0,13407573.2,-1,2022-01-10,1167.145054130228,1134.7106502078848,32.43440392234311,0
2022-01-11,1205.0,1275.0,1191.0,1240.0,3.33,30235.0,37438883.0,1,2022-01-11,1181.7160433041822,1145.7937396596865,35.92230364449574,0
2022-01-12,1260.0,1290.0,1223.0,1235.0,-0.4,21132.0,26697919.4,-1,2022-01-12,1192.3728346433459,1155.183872327088,37.18896231625786,0
2022-01-13,1243.0,1331.0,1235.0,1290.0,4.45,33575.0,42818499.2,1,2022-01-13,1211.8982677146769,1169.375043661079,42.523224053597914,0
2022-01-16,1315.0,1330.0,1280.0,1300.0,0.78,29257.0,38201804.9,1,2022-01-16,1229.5186141717415,1183.125039065176,46.39357510656555,0
2022-01-17,1305.0,1305.0,1279.0,1290.0,-0.77,17075.0,22032015.2,-1,2022-01-17,1241.6148913373931,1194.3750349530524,47.23985638434078,0
2022-01-18,1300.0,1315.0,1265.0,1265.2,-1.92,27128.0,34779709.1,-1,2022-01-18,1246.3319130699147,1201.8302944316783,44.50161863823632,0
2022-01-19,1290.0,1290.0,1235.0,1244.0,-1.68,20707.0,25849453.8,-1,2022-01-19,1245.8655304559318,1206.2692108072913,39.596319648640474,0
2022-01-20,1268.0,1268.0,1221.0,1240.0,-0.32,19357.0,24011910.9,-1,2022-01-20,1244.6924243647454,1209.8198201959976,34.872604168747785,0
2022-01-23,1264.8,1300.0,1250.0,1290.0,4.03,48299.0,61725513.0,1,2022-01-23,1253.7539394917962,1218.2598391227348,35.49410036906147,0
2022-01-24,1290.0,1290.0,1230.0,1245.0,-3.49,31776.0,39789824.4,-1,2022-01-24,1252.003151593437,1221.074592899289,30.928558694148023,0
2022-01-25,1245.0,1265.0,1230.0,1238.0,-0.56,15608.0,19458469.0,-1,2022-01-25,1249.2025212747496,1222.8562146993638,26.346306575385825,0
2022-01-26,1235.0,1235.0,1191.0,1210.0,-2.26,24642.0,29745099.8,-1,2022-01-26,1241.3620170197996,1221.502928941536,19.85908807826354,0
2022-01-27,1200.0,1220.0,1195.0,1197.0,-1.07,8341.0,10030000.8,-1,2022-01-27,1232.4896136158397,1218.9236732634797,13.56594035236003,0
2022-01-30,1220.9,1254.5,1220.9,1249.2,4.36,14141.0,17513073.2,1,2022-01-30,1235.8316908926718,1222.1106550252189,13.721035867452883,0
2022-01-31,1250.0,1250.0,1222.0,1231.0,-1.46,16234.0,20001554.6,-1,2022-01-31,1234.8653527141375,1223.04637554888,11.818977165257593,0
2022-02-01,1232.0,1250.0,1216.0,1240.0,0.73,16484.0,20220131.0,1,2022-02-01,1235.89228217131,1224.8309675963665,11.06131457494348,0
2022-02-03,1245.0,1250.0,1221.0,1228.0,-0.97,9833.0,12164390.8,-1,2022-02-03,1234.3138257370479,1225.1645499546437,9.149275782404175,0
2022-02-06,1211.0,1225.0,1200.0,1210.0,-1.47,15362.0,18567950.7,-1,2022-02-06,1229.4510605896385,1223.5682815383655,5.882779051273019,0
2022-02-07,1191.0,1222.0,1191.0,1206.9,-0.26,10933.0,13151389.1,-1,2022-02-07,1224.940848471711,1221.8137255869588,3.127122884752225,0
2022-02-08,1231.0,1255.0,1190.0,1193.1,-1.14,11782.0,14245673.0,-1,2022-02-08,1218.5726787773688,1218.7912281567526,-0.21854937938383046,-1
2022-02-09,1196.0,1200.0,1169.4,1175.0,-1.52,13926.0,16422356.5,-1,2022-02-09,1209.858143021895,1214.181625192884,-4.323482170988882,0
2022-02-10,1170.0,1194.0,1170.0,1179.9,0.42,10369.0,12216219.7,1,2022-02-10,1203.866514417516,1210.5730330673173,-6.706518649801183,0
2022-02-13,1180.0,1180.0,1136.0,1140.0,-3.38,10418.0,11915446.4,-1,2022-02-13,1191.0932115340129,1203.1442927444418,-12.051081210428947,0
2022-02-14,1155.0,1163.0,1140.0,1142.0,0.18,6297.0,7238865.0,1,2022-02-14,1181.2745692272103,1196.7080514029215,-15.433482175711106,0
2022-02-15,1126.0,1161.0,1126.0,1155.0,1.14,5525.0,6348259.2,1,2022-02-15,1176.0196553817682,1192.317730202614,-16.29807482084584,0
2022-02-16,1178.0,1178.0,1139.0,1149.0,-0.52,5130.0,5879672.2,-1,2022-02-16,1170.6157243054147,1187.7579691286548,-17.142244823240162,0
2022-02-17,1145.0,1163.0,1140.1,1144.0,-0.44,3251.0,3748922.0,-1,2022-02-17,1165.2925794443317,1183.1518671151123,-17.85928767078053,0
2022-02-20,1135.0,1135.0,1105.0,1124.5,-1.7,8519.0,9539509.0,-1,2022-02-20,1157.1340635554654,1176.9779863661531,-19.843922810687673,0
2022-02-21,1103.0,1130.0,1103.0,1126.0,0.13,5071.0,5694779.6,1,2022-02-21,1150.9072508443724,1171.611882538137,-20.704631693764668,0
2022-02-22,1148.5,1148.5,1122.0,1123.0,-0.27,6161.0,6952880.3,-1,2022-02-22,1145.325800675498,1166.4948422709647,-21.16904159546675,0
2022-02-23,1115.0,1125.0,1110.0,1120.0,-0.27,6299.0,7048084.0,-1,2022-02-23,1140.2606405403985,1161.6006483477051,-21.34000780730662,0
2022-02-24,1101.0,1110.0,1098.0,1099.5,-1.83,9720.0,10711776.2,-1,2022-02-24,1132.108512432319,1155.063737995315,-22.95522556299602,0
2022-02-27,1100.0,1105.0,1085.1,1089.0,-0.95,4474.0,4890592.2,-1,2022-02-27,1123.4868099458552,1148.1096603115975,-24.62285036574235,0
2022-02-28,1090.0,1111.0,1068.0,1075.0,-1.29,5387.0,5844592.0,-1,2022-02-28,1113.7894479566842,1140.4139065945872,-26.62445863790299,0
2022-03-02,1054.1,1070.0,1051.0,1056.0,-1.77,4964.0,5252118.0,-1,2022-03-02,1102.2315583653474,1131.5282322162095,-29.296673850862135,0
2022-03-06,1040.0,1070.0,1040.0,1045.0,-1.04,5830.0,6119500.3,-1,2022-03-06,1090.785246692278,1122.4199972460822,-31.634750553804224,0
2022-03-07,1031.0,1052.0,1030.0,1030.0,-1.44,8441.0,8739567.1,-1,2022-03-07,1078.6281973538225,1112.6915764833366,-34.06337912951403,0
2022-03-09,1021.0,1040.0,1021.0,1025.0,-0.49,4958.0,5087320.0,-1,2022-03-09,1067.902557883058,1103.4608842219327,-35.55832633887462,0
2022-03-10,1020.0,1049.0,1020.0,1049.0,2.34,8456.0,8696906.0,1,2022-03-10,1064.1220463064465,1097.7281595669924,-33.60611326054595,0
2022-03-13,1069.9,1090.0,1053.0,1089.9,3.9,8466.0,9094317.0,1,2022-03-13,1069.2776370451572,1096.904142770467,-27.6265057253097,0
2022-03-14,1095.0,1100.0,1085.0,1096.0,0.56,2518.0,2748801.5,1,2022-03-14,1074.6221096361257,1096.80896984726,-22.186860211134217,0
2022-03-15,1081.0,1105.0,1080.0,1080.0,-1.46,4866.0,5284269.4,-1,2022-03-15,1075.6976877089005,1095.03960460018,-19.341916891279425,0
2022-03-16,1060.0,1090.0,1060.0,1071.0,-0.83,5500.0,5922221.6,-1,2022-03-16,1074.7581501671204,1092.509119905424,-17.750969738303638,0
2022-03-20,1071.0,1071.1,1061.1,1067.0,-0.37,4107.0,4379942.0,-1,2022-03-20,1073.2065201336964,1089.8239493890637,-16.61742925536737,0
2022-03-21,1055.0,1083.0,1055.0,1080.0,1.22,2887.0,3080333.2,1,2022-03-21,1074.565216106957,1088.7898494533729,-14.224633346415885,0
2022-03-22,1100.0,1100.0,1060.5,1080.0,0.0,4359.0,4752480.6,0,2022-03-22,1075.6521728855655,1087.8646021424915,-12.212429256926043,0
2022-03-23,1080.0,1085.0,1062.2,1080.0,0.0,3323.0,3561058.1,0,2022-03-23,1076.5217383084523,1087.0367492853873,-10.515010976934946,0
2022-03-24,1061.0,1073.0,1061.0,1066.0,-1.3,2997.0,3198081.1,-1,2022-03-24,1074.417390646762,1084.8223546237675,-10.404963977005536,0
2022-03-27,1050.0,1066.0,1045.1,1048.0,-1.69,4916.0,5184760.0,-1,2022-03-27,1069.1339125174095,1080.94631729495,-11.81240477754045,0
2022-03-28,1030.1,1050.0,1030.1,1037.0,-1.05,3291.0,3408958.5,-1,2022-03-28,1062.7071300139278,1076.3203891586395,-13.61325914471172,0
2022-03-29,1035.0,1043.0,1020.5,1025.0,-1.16,3991.0,4102200.5,-1,2022-03-29,1055.1657040111422,1070.9182429314144,-15.752538920272173,0
2022-03-30,1012.1,1080.0,1012.1,1054.0,2.83,6552.0,6909004.1,1,2022-03-30,1054.9325632089137,1069.1373752544234,-14.204812045509698,0
2022-03-31,1060.0,1060.0,1040.0,1040.0,-1.33,3592.0,3772176.0,-1,2022-03-31,1051.946050567131,1066.070283122379,-14.124232555248,0
2022-04-03,1050.0,1050.0,999.1,1020.0,-1.92,4592.0,4678843.2,-1,2022-04-03,1045.5568404537048,1061.2207796358127,-15.663939182107924,0
2022-04-04,1035.0,1045.0,1006.0,1014.0,-0.59,2973.0,3027335.5,-1,2022-04-04,1039.245472362964,1056.2501712530957,-17.00469889013175,0
2022-04-05,1015.0,1015.0,996.0,1002.2,-1.16,7339.0,7349633.0,-1,2022-04-05,1031.8363778903713,1050.5606795422436,-18.724301651872338,0
2022-04-06,1001.0,1010.0,990.0,993.0,-0.92,5623.0,5608749.0,-1,2022-04-06,1024.0691023122972,1044.5016606430602,-20.43255833076296,0
2022-04-07,1000.0,1016.0,990.0,1005.5,1.26,4492.0,4497925.0,1,2022-04-07,1020.3552818498379,1040.3962226806327,-20.040940830794852,0
2022-04-11,1025.6,1040.0,987.0,987.0,-1.84,5169.0,5208906.2,-1,2022-04-11,1013.6842254798703,1034.7755676616187,-21.09134218174836,0
2022-04-12,970.0,1000.0,970.0,984.0,-0.3,5933.0,5852522.6,-1,2022-04-12,1007.7473803838964,1029.4307710656587,-21.683390681762376,0
2022-04-13,980.0,1000.0,975.0,1000.0,1.63,3625.0,3581375.0,1,2022-04-13,1006.1979043071171,1026.3327951640103,-20.134890856893207,0
2022-04-17,1000.0,1005.0,981.0,988.0,-1.2,4019.0,3999332.7,-1,2022-04-17,1002.5583234456938,1022.2977640941145,-19.739440648420782,0
2022-04-18,988.0,990.0,972.0,980.0,-0.81,3734.0,3646744.2,-1,2022-04-18,998.0466587565551,1017.8453678736814,-19.79870911712635,0
2022-04-19,965.1,1007.0,965.1,999.0,1.94,3138.0,3117900.2,1,2022-04-19,998.2373270052442,1015.8616449396097,-17.624317934365536,0
2022-04-20,990.0,1009.0,971.0,981.1,-1.79,3759.0,3743457.0,-1,2022-04-20,994.8098616041955,1012.2025244196508,-17.39266281545531,0
2022-04-21,963.0,991.0,963.0,975.0,-0.62,4157.0,4060001.9,-1,2022-04-21,990.8478892833564,1008.2864692175823,-17.438579934225913,0
2022-04-24,975.0,1025.0,975.0,1024.0,5.03,4343.0,4369518.0,1,2022-04-24,997.4783114266852,1009.9405250894157,-12.462213662730505,0
2022-04-25,1024.0,1030.0,992.8,1000.0,-2.34,4346.0,4378031.5,-1,2022-04-25,997.9826491413482,1008.894154027372,-10.91150488602375,0
2022-04-26,990.0,1010.0,985.0,994.9,-0.51,3976.0,3949045.0,-1,2022-04-26,997.3661193130787,1007.4210851823855,-10.054965869306784,0
2022-04-27,990.0,994.0,971.0,990.0,-0.49,2645.0,2590324.9,-1,2022-04-27,995.892895450463,1005.5872867421343,-9.694391291671309,0
2022-04-28,975.6,990.0,975.0,984.0,-0.61,2490.0,2443963.0,-1,2022-04-28,993.5143163603705,1003.3149407692781,-9.800624408907652,0
2022-05-02,972.0,984.0,955.0,979.0,-0.51,7422.0,7160090.6,-1,2022-05-02,990.6114530882965,1000.7554733198805,-10.144020231584022,0
2022-05-04,979.0,983.0,960.0,965.0,-1.43,2925.0,2821230.0,-1,2022-05-04,985.4891624706372,996.9917392862088,-11.502576815571615,0
2022-05-05,970.0,973.0,946.0,946.0,-1.97,6661.0,6376398.5,-1,2022-05-05,977.5913299765099,991.6241877823974,-14.032857805887488,0
2022-05-08,927.1,964.0,911.0,945.0,-0.11,4174.0,3927894.2,-1,2022-05-08,971.073063981208,986.7163785421451,-15.643314560937142,0
2022-05-09,946.0,1010.0,946.0,966.1,2.23,6772.0,6653437.2,1,2022-05-09,970.0784511849664,984.5462334324457,-14.46778224747925,0
2022-05-10,950.1,1014.9,950.1,1008.0,4.34,3801.0,3792264.8,1,2022-05-10,977.6627609479732,987.0150509658724,-9.352290017899236,0
2022-05-11,1006.0,1040.0,998.0,1025.0,1.69,3824.0,3880931.3,1,2022-05-11,987.1302087583786,991.0134666536753,-3.883257895296765,0
2022-05-12,1020.0,1035.0,995.0,995.0,-2.93,2985.0,3020209.6,-1,2022-05-12,988.7041670067028,991.4331017427621,-2.728934736059273,0
2022-05-17,976.6,1000.0,966.0,979.0,-1.61,2840.0,2779239.5,-1,2022-05-17,986.7633336053623,990.1243541908924,-3.3610205855301274,0
2022-05-18,960.0,990.0,941.0,973.0,-0.61,1579.0,1524398.0,-1,2022-05-18,984.0106668842899,988.3217905918511,-4.311123707561251,0
2022-05-19,961.0,979.0,961.0,963.1,-1.02,1866.0,1803369.8,-1,2022-05-19,979.828533507432,985.6668652663932,-5.838331758961203,0
2022-05-20,963.0,982.3,946.1,965.0,0.2,2027.0,1955394.3,1,2022-05-20,976.8628268059456,983.4914057646675,-6.62857895872196,0
2022-05-23,953.1,955.0,936.0,945.0,-2.07,3814.0,3606985.5,-1,2022-05-23,970.4902614447565,979.439678842071,-8.949417397314505,0
2022-05-24,945.0,960.0,930.0,943.0,-0.21,2243.0,2123224.0,-1,2022-05-24,964.9922091558052,975.6039231744846,-10.611714018679436,0
2022-05-25,942.1,959.0,942.0,945.0,0.21,1797.0,1704985.4,1,2022-05-25,960.9937673246442,972.3824575771705,-11.388690252526317,0
2022-05-26,930.0,955.0,930.0,945.0,0.0,1640.0,1551691.0,0,2022-05-26,957.7950138597154,969.500093621679,-11.705079761963589,0
2022-05-27,945.0,960.0,942.0,942.0,-0.32,1003.0,947996.5,-1,2022-05-27,954.6360110877723,966.6053469246601,-11.969335836887808,0
2022-05-30,940.0,951.0,930.2,932.0,-1.06,2416.0,2269371.0,-1,2022-05-30,950.1088088702179,962.9626788273274,-12.85386995710951,0
2022-05-31,925.0,930.0,889.0,891.1,-4.39,15919.0,14313348.7,-1,2022-05-31,938.3070470961744,955.3981863191876,-17.091139223013215,0
2022-06-01,890.0,900.0,881.0,889.0,-0.24,1652.0,1466514.0,-1,2022-06-01,928.4456376769397,948.4089035487468,-19.963265871807153,0
2022-06-02,900.0,906.0,888.0,890.0,0.11,2612.0,2326858.7,1,2022-06-02,920.7565101415518,942.2605979120367,-21.504087770484944,0
2022-06-03,872.3,889.0,872.3,876.0,-1.57,3583.0,3154690.0,-1,2022-06-03,911.8052081132415,935.2857981318223,-23.480590018580756,0
2022-06-06,867.0,885.0,867.0,876.0,0.0,2920.0,2556212.3,0,2022-06-06,904.6441664905933,929.0451878021568,-24.401021311563454,0
2022-06-07,859.0,875.9,843.3,863.0,-1.48,3997.0,3449564.7,-1,2022-06-07,896.3153331924747,922.0930627703508,-25.77772957787613,0
2022-06-08,870.0,900.0,855.0,900.0,4.29,3934.0,3483499.5,1,2022-06-08,897.0522665539797,919.767477215577,-22.71521066159721,0
2022-06-09,884.0,914.9,865.0,875.1,-2.77,4668.0,4164375.3,-1,2022-06-09,892.6618132431838,915.0656375086742,-22.403824265490357,0
2022-06-10,860.0,880.0,860.0,866.0,-1.04,1694.0,1468568.8,-1,2022-06-10,887.3294505945471,909.9008335603927,-22.5713829658456,0
2022-06-13,860.0,870.0,850.0,850.0,-1.85,3699.0,3174468.5,-1,2022-06-13,879.8635604756378,903.5954826592988,-23.731922183661027,0
2022-06-14,840.0,850.0,834.0,835.0,-1.76,3579.0,2998662.0,-1,2022-06-14,870.8908483805103,896.3749055372673,-25.48405715675699,0
2022-06-15,820.0,830.0,810.0,820.0,-1.8,2674.0,2187197.5,-1,2022-06-15,860.7126787044083,888.3354417965023,-27.622763092094033,0
2022-06-16,806.0,850.0,806.0,824.0,0.49,1850.0,1535000.0,1,2022-06-16,853.3701429635266,881.5632900284494,-28.193147064922755,0
2022-06-17,825.0,842.5,824.0,825.0,0.12,1390.0,1158393.0,1,2022-06-17,847.6961143708213,875.609259499139,-27.913145128317638,0
2022-06-19,812.1,819.0,809.0,809.0,-1.94,3965.0,3221670.8,-1,2022-06-19,839.9568914966571,868.5977584992296,-28.640867002572463,0
2022-06-20,794.0,795.0,775.0,776.0,-4.08,8314.0,6504008.8,-1,2022-06-20,827.1655131973258,858.8506260256265,-31.685112828300703,0
2022-06-21,761.0,805.8,761.0,795.0,2.45,3960.0,3138329.0,1,2022-06-21,820.7324105578607,852.1295074966133,-31.39709693875261,0
2022-06-22,780.0,800.0,779.1,787.0,-1.01,3706.0,2916218.5,-1,2022-06-22,813.9859284462885,845.2737698653909,-31.287841419102392,0
2022-06-23,772.0,779.0,756.6,769.9,-2.17,6462.0,4933278.0,-1,2022-06-23,805.1687427570309,837.3396888269286,-32.170946069897695,0
2022-06-24,757.1,799.6,757.1,775.1,0.68,2360.0,1824013.0,1,2022-06-24,799.1549942056248,830.7881426346203,-31.63314842899547,0
2022-06-26,790.6,840.0,790.4,840.0,8.37,7511.0,6133523.4,1,2022-06-26,807.3239953644999,831.757811830976,-24.433816466476173,0
2022-06-27,840.0,850.0,823.0,824.0,-1.9,6099.0,5069986.6,-1,2022-06-27,810.6591962916,830.9412000592944,-20.28200376769439,0
2022-06-28,815.0,815.0,800.0,803.0,-2.55,5594.0,4520586.5,-1,2022-06-28,809.1273570332801,828.0000211056844,-18.87266407240429,0
2022-06-29,800.0,822.9,800.0,820.0,2.12,1476.0,1202726.0,1,2022-06-29,811.3018856266241,827.1579136208754,-15.856027994251349,0
2022-06-30,820.0,881.0,820.0,864.1,5.38,11228.0,9610307.7,1,2022-06-30,821.8615085012993,831.0465542923623,-9.185045791062976,0
2022-07-01,880.0,908.0,850.1,887.0,2.65,17359.0,15420562.0,1,2022-07-01,834.8892068010394,836.93639068264,-2.0471838816005175,0
2022-07-03,887.0,970.0,869.4,938.0,5.75,9281.0,8476385.8,1,2022-07-03,855.5113654408316,847.5746653476252,7.936700093206355,1
2022-07-04,955.0,960.0,884.0,922.0,-1.71,14477.0,13579153.0,-1,2022-07-04,868.8090923526653,855.4089111005068,13.400181252158518,0
2022-07-05,904.0,934.9,885.0,885.0,-4.01,6381.0,5700102.4,-1,2022-07-05,872.0472738821322,858.5237625636113,13.523511318520946,0
2022-07-06,867.3,887.4,850.0,876.0,-1.02,6008.0,5197467.4,-1,2022-07-06,872.8378191057059,860.3633665042838,12.474452601422058,0
2022-07-07,893.5,895.0,849.8,862.0,-1.6,8193.0,7089385.0,-1,2022-07-07,870.6702552845647,860.5356437143591,10.134611570205607,0
2022-07-08,860.0,860.0,830.1,842.0,-2.32,2591.0,2185956.5,-1,2022-07-08,864.9362042276518,858.584523323374,6.351680904277828,0
2022-07-11,826.0,826.0,805.0,807.2,-4.13,5784.0,4687320.5,-1,2022-07-11,853.3889633821216,853.1756261314399,0.21333725068166132,0
2022-07-12,814.0,823.0,800.0,814.0,0.84,5066.0,4102912.0,1,2022-07-12,845.5111707056974,849.0518760123409,-3.540705306643531,-1
2022-07-13,810.0,862.0,809.0,842.0,3.44,4196.0,3497979.3,1,2022-07-13,844.8089365645579,848.3095732741998,-3.500636709641867,0
2022-07-14,858.8,879.0,831.5,859.0,2.02,4597.0,3925336.3,1,2022-07-14,847.6471492516464,849.4348813505999,-1.7877320989534837,0
2022-07-15,850.0,859.9,838.0,859.9,0.1,1496.0,1268132.5,1,2022-07-15,850.0977194013171,850.5364727873789,-0.4387533860617623,0
2022-07-17,865.0,875.7,852.0,861.0,0.13,4978.0,4304381.6,1,2022-07-17,852.2781755210538,851.6378967044969,0.6402788165568154,1
2022-07-18,855.0,870.0,850.0,870.0,1.05,6105.0,5257285.0,1,2022-07-18,855.822540416843,853.5707496829709,2.251790733872099,0
2022-07-19,884.0,907.0,871.0,897.0,3.1,10995.0,9869549.3,1,2022-07-19,864.0580323334744,858.1422497163425,5.915782617131981,0
2022-07-20,885.0,905.9,880.0,890.0,-0.78,4001.0,3582209.1,-1,2022-07-20,869.2464258667796,861.4956971146221,7.750728752157556,0
2022-07-21,881.0,897.0,875.0,880.0,-1.12,6022.0,5310127.3,-1,2022-07-21,871.3971406934238,863.4435184709777,7.953622222446143,0
2022-07-22,897.6,897.6,862.0,870.0,-1.14,3114.0,2735976.5,-1,2022-07-22,871.1177125547391,864.1336744214011,6.984038133338004,0
2022-07-24,880.0,908.2,867.0,904.0,3.91,13417.0,11878535.7,1,2022-07-24,877.6941700437912,868.3301297454641,9.364040298327154,0
2022-07-25,915.0,939.0,910.0,934.0,3.32,12540.0,11549636.5,1,2022-07-25,888.955336035033,875.2427476669941,13.71258836803895,0
2022-07-26,935.0,938.0,900.2,909.0,-2.68,10135.0,9302898.5,-1,2022-07-26,892.9642688280264,878.7961426494157,14.168126178610692,0
2022-07-27,927.1,927.1,890.4,920.0,1.21,18076.0,16386590.9,1,2022-07-27,898.3714150624212,883.1333907915825,15.23802427083865,0
2022-07-28,938.0,975.0,922.5,944.0,2.61,20486.0,19564153.4,1,2022-07-28,907.4971320499369,889.5404022872054,17.95672976273147,0
2022-07-29,944.0,944.0,925.0,925.0,-2.01,4879.0,4557175.4,-1,2022-07-29,910.9977056399496,893.2729915201312,17.724714119818373,0
2022-07-31,915.0,943.0,915.0,932.0,0.76,7369.0,6882478.2,1,2022-07-31,915.1981645119597,897.3495187285384,17.84864578342126,0
2022-08-01,950.0,969.6,920.1,929.0,-0.32,11516.0,10791213.6,-1,2022-08-01,917.9585316095679,900.6811483360607,17.277383273507212,0
2022-08-02,947.0,948.8,926.0,948.8,2.13,7096.0,6633248.0,1,2022-08-02,924.1268252876544,905.7462906164753,18.38053467117902,0
2022-08-03,965.0,967.0,931.2,954.7,0.62,8692.0,8216074.1,1,2022-08-03,930.2414602301236,910.8993126568463,19.342147573277316,0
2022-08-04,940.0,945.0,922.0,922.1,-3.41,8731.0,8127180.1,-1,2022-08-04,928.6131681840989,912.0783323771783,16.53483580692057,0
2022-08-05,930.0,930.0,900.0,900.0,-2.4,6110.0,5549680.6,-1,2022-08-05,922.8905345472791,910.8069289690542,12.083605578224933,0
2022-08-07,900.0,924.0,891.0,898.0,-0.22,6578.0,5939168.0,-1,2022-08-07,917.9124276378234,909.4588311828379,8.453596454985473,0
2022-08-08,900.0,930.0,900.0,918.0,2.23,12460.0,11440138.1,1,2022-08-08,917.9299421102588,910.3579015846444,7.572040525614398,0
2022-08-09,900.0,910.0,880.5,881.0,-4.03,8227.0,7344845.2,-1,2022-08-09,910.5439536882071,907.2675961546818,3.2763575335253563,0
2022-08-10,871.0,885.0,860.4,881.0,0.0,5575.0,4855681.6,0,2022-08-10,904.6351629505658,904.5025860331363,0.13257691742956013,0
2022-08-11,877.0,894.0,866.0,866.1,-1.69,3874.0,3389560.8,-1,2022-08-11,896.9281303604528,900.4602085559641,-3.5320781955113034,-1
2022-08-14,853.0,873.0,850.1,856.0,-1.17,4431.0,3797506.5,-1,2022-08-14,888.7425042883623,895.7801866027047,-7.037682314342419,0
2022-08-15,865.0,895.0,853.0,895.0,4.56,3779.0,3308077.1,1,2022-08-15,889.9940034306899,895.6980616971568,-5.704058266466973,0
2022-08-16,909.0,909.0,868.0,884.0,-1.23,4100.0,3617636.3,-1,2022-08-16,888.795202744552,894.4666867816667,-5.6714840371147375,0
2022-08-17,871.0,880.0,871.0,880.0,-0.45,1360.0,1191227.2,-1,2022-08-17,887.0361621956416,892.9438776467545,-5.907715451112836,0
2022-08-18,870.0,899.0,869.0,882.0,0.23,4239.0,3768151.4,1,2022-08-18,886.0289297565133,891.7918905260435,-5.762960769530196,0
2022-08-21,885.5,895.0,872.1,885.0,0.34,4179.0,3680074.0,1,2022-08-21,885.8231438052107,891.0769546811969,-5.253810875986119,0
2022-08-22,880.0,883.0,865.0,872.0,-1.47,4124.0,3593679.3,-1,2022-08-22,883.0585150441686,889.0688541884393,-6.010339144270688,0
2022-08-23,864.4,882.4,864.4,870.0,-0.23,1994.0,1732922.5,-1,2022-08-23,880.4468120353349,887.0616063791299,-6.614794343794983,0
2022-08-24,865.0,887.4,863.1,875.0,0.57,955.0,834232.0,1,2022-08-24,879.357449628268,885.7919636023794,-6.434513974111383,0
2022-08-25,875.0,887.0,862.5,866.0,-1.03,6188.0,5402380.0,-1,2022-08-25,876.6859597026145,883.7085990126552,-7.022639310040745,0
2022-08-26,883.3,883.3,849.0,860.0,-0.69,4301.0,3668745.2,-1,2022-08-26,873.3487677620916,881.212957011323,-7.864189249231458,0
2022-08-28,850.0,860.0,820.0,820.5,-4.59,7983.0,6612219.8,-1,2022-08-28,862.7790142096734,874.8221194311838,-12.04310522151036,0
2022-08-29,821.0,821.0,804.1,815.0,-0.67,4823.0,3921992.5,-1,2022-08-29,853.2232113677387,868.5250542279013,-15.301842860162537,0
2022-08-30,820.0,847.0,815.0,820.0,0.61,2198.0,1812205.5,1,2022-08-30,846.578569094191,863.4171537828589,-16.83858468866788,0
2022-08-31,820.0,820.0,806.1,807.5,-1.52,2594.0,2100954.6,-1,2022-08-31,838.7628552753529,857.5311375951895,-18.768282319836658,0
2022-09-01,795.0,823.6,795.0,798.0,-1.18,5265.0,4249503.5,-1,2022-09-01,830.6102842202823,851.2647020588538,-20.654417838571476,0
2022-09-02,798.0,816.0,798.0,807.0,1.13,879.0,705249.0,1,2022-09-02,825.8882273762259,846.6052597368691,-20.717032360643202,0
2022-09-04,812.0,816.0,801.1,811.0,0.5,4747.0,3846756.9,1,2022-09-04,822.9105819009808,842.857337659304,-19.946755758323206,0
2022-09-05,801.0,818.0,800.7,810.0,-0.12,2465.0,1989204.5,-1,2022-09-05,820.3284655207847,839.398670537272,-19.070205016487307,0
2022-09-06,800.0,813.0,790.0,795.0,-1.85,4289.0,3408735.5,-1,2022-09-06,815.2627724166277,834.7251262701907,-19.462353853562945,0
2022-09-07,790.0,795.0,781.3,788.0,-0.88,3801.0,2989121.2,-1,2022-09-07,809.8102179333023,829.8066919259601,-19.996473992657798,0
2022-09-08,781.0,795.0,777.0,782.5,-0.7,3786.0,2961937.0,-1,2022-09-08,804.3481743466418,824.8270401442801,-20.478865797638264,0
2022-09-11,768.1,783.3,768.0,773.0,-1.21,3084.0,2398523.6,-1,2022-09-11,798.0785394773135,819.3715622343559,-21.293022757042422,0
2022-09-12,779.0,780.0,765.1,768.0,-0.65,2100.0,1618261.0,-1,2022-09-12,792.0628315818509,813.9640293675816,-21.901197785730687,0
2022-09-13,768.0,786.0,768.0,779.0,1.43,2407.0,1878832.0,1,2022-09-13,789.4502652654808,810.2836052236256,-20.833339958144848,0
2022-09-14,786.0,807.0,782.0,800.0,2.7,4975.0,3954707.9,1,2022-09-14,791.5602122123846,809.201120463244,-17.64090825085941,0
2022-09-15,815.9,815.9,770.0,770.1,-3.74,8070.0,6284929.2,-1,2022-09-15,787.2681697699077,805.0852130460604,-17.81704327615273,0
2022-09-16,755.0,769.0,755.0,765.0,-0.66,5456.0,4146449.7,-1,2022-09-16,782.8145358159262,800.8657169359487,-18.051181120022534,0
2022-09-18,765.0,765.0,745.0,745.2,-2.59,6421.0,4828145.2,-1,2022-09-18,775.2916286527411,795.0061677847963,-19.714539132055165,0
2022-09-20,735.0,736.0,708.6,708.6,-4.91,6809.0,4908357.8,-1,2022-09-20,761.953302922193,785.9107817021861,-23.957478779993153,0
2022-09-21,722.0,734.0,710.5,725.0,2.31,4794.0,3467786.5,1,2022-09-21,754.5626423377544,779.499120470377,-24.936478132622597,0
2022-09-22,723.0,732.0,710.0,713.4,-1.6,2690.0,1926664.4,-1,2022-09-22,746.3301138702036,772.5413183156004,-26.21120444539679,0
2022-09-25,710.0,720.0,699.3,705.0,-1.18,5405.0,3803377.0,-1,2022-09-25,738.0640910961629,765.4317058613267,-27.367614765163808,0
2022-09-27,710.0,731.0,698.0,698.0,-0.99,8992.0,6389112.3,-1,2022-09-27,730.0512728769304,758.3336315601344,-28.282358683204052,0
2022-09-28,710.0,723.0,705.0,705.0,1.0,1475.0,1050465.0,1,2022-09-28,725.0410183015443,752.7195650801203,-27.678546778575992,0
2022-09-29,705.5,729.0,702.7,720.0,2.13,2884.0,2051220.4,1,2022-09-29,724.0328146412355,749.2754003348446,-25.242585693609044,0
2022-10-09,715.0,730.0,715.0,730.0,1.39,3594.0,2598203.0,1,2022-10-09,725.2262517129884,747.2464108259136,-22.02015911292517,0
2022-10-10,730.0,731.0,716.0,717.1,-1.77,2790.0,2021671.5,-1,2022-10-10,723.6010013703908,744.0731044231859,-20.47210305279509,0
2022-10-11,715.0,724.0,706.0,712.0,-0.71,2027.0,1440992.0,-1,2022-10-11,721.2808010963126,740.6969881681136,-19.416187071801005,0
2022-10-12,710.0,720.0,700.1,712.2,0.03,1560.0,1110431.0,1,2022-10-12,719.4646408770502,737.697305203049,-18.232664325998826,0
2022-10-13,698.0,729.0,698.0,728.0,2.22,2622.0,1888512.6,1,2022-10-13,721.1717127016402,736.676536234307,-15.50482353266682,0
2022-10-16,714.2,720.0,713.5,720.0,-1.1,2671.0,1912971.0,-1,2022-10-16,720.9373701613122,734.9211113675378,-13.983741206225659,0
2022-10-17,706.0,720.0,706.0,718.0,-0.28,1132.0,810408.6,-1,2022-10-17,720.3498961290497,733.1399417499023,-12.790045620852538,0
2022-10-19,718.0,718.0,699.0,709.9,-1.13,5735.0,4033133.1,-1,2022-10-19,718.2599169032399,730.6936320920179,-12.433715188778024,0
2022-10-20,697.0,714.0,697.0,706.0,-0.55,1658.0,1173160.0,-1,2022-10-20,715.807933522592,728.0943023981213,-12.28636887552932,0
2022-10-23,710.0,714.9,705.0,714.0,1.13,1939.0,1376363.0,1,2022-10-23,715.4463468180736,726.6106916193717,-11.164344801298057,0
2022-10-31,706.0,720.0,705.1,720.0,0.84,3278.0,2333731.6,1,2022-10-31,716.3570774544589,725.9148293436483,-9.557751889189376,0
2022-11-01,715.0,749.8,712.1,749.8,4.14,6421.0,4723297.2,1,2022-11-01,723.0456619635672,728.4290578337907,-5.383395870223467,0
2022-11-02,742.0,779.0,735.0,759.0,1.23,5252.0,3958443.0,1,2022-11-02,730.2365295708539,731.6470517460232,-1.4105221751692625,0
2022-11-03,760.0,760.0,735.3,738.1,-2.75,3485.0,2587506.8,-1,2022-11-03,731.8092236566831,732.3263094569681,-0.5170858002850309,0
2022-11-06,731.1,784.0,731.1,778.0,5.41,8451.0,6483487.0,1,2022-11-06,741.0473789253465,737.1340663562346,3.913312569111895,1
2022-11-07,793.5,793.5,735.0,744.0,-4.37,18217.0,13588287.8,-1,2022-11-07,741.6379031402773,737.856796213473,3.781106926804341,0
2022-11-08,739.0,751.0,737.1,743.0,-0.13,3025.0,2246003.1,-1,2022-11-08,741.9103225122219,738.398186085739,3.5121364264829253,0
2022-11-09,735.1,738.0,721.0,727.0,-2.15,4758.0,3469582.6,-1,2022-11-09,738.9282580097776,737.1983770240822,1.7298809856953312,0
2022-11-10,720.0,740.0,710.0,720.0,-0.96,4400.0,3164820.5,-1,2022-11-10,735.1426064078221,735.388021547863,-0.2454151400409046,-1
2022-11-13,720.0,720.0,705.0,708.0,-1.67,2770.0,1969374.7,-1,2022-11-13,729.7140851262577,732.5050719112458,-2.7909867849880357,0
2022-11-14,704.0,714.0,703.0,711.0,0.42,1736.0,1230958.7,1,2022-11-14,725.9712681010062,730.2413801311146,-4.2701120301084075,0
2022-11-15,703.0,719.0,703.0,706.1,-0.69,1735.0,1229068.9,-1,2022-11-15,721.997014480805,727.7001822225762,-5.703167741771267,0
2022-11-16,704.1,715.0,704.0,710.0,0.55,3311.0,2346642.9,1,2022-11-16,719.597611584644,725.8370051465156,-6.239393561871566,0
2022-11-17,723.0,723.0,712.1,718.9,1.25,2325.0,1667387.9,1,2022-11-17,719.4580892677152,725.1067940784613,-5.648704810746153,0
2022-11-22,729.0,730.0,706.0,720.0,0.15,1760.0,1257596.0,1,2022-11-22,719.5664714141722,724.5692368070444,-5.00276539287222,0
2022-11-23,728.0,728.0,706.0,710.0,-1.39,1462.0,1035001.5,-1,2022-11-23,717.6531771313378,723.0356329326186,-5.382455801280798,0
2022-11-24,702.0,717.6,702.0,711.0,0.14,1912.0,1358268.9,1,2022-11-24,716.3225417050703,721.7687242028693,-5.446182497798986,0
2022-11-27,711.0,737.0,711.0,737.0,3.66,6941.0,5030942.4,1,2022-11-27,720.4580333640563,723.3720163920409,-2.9139830279846137,0
2022-11-28,725.5,739.0,725.5,734.0,-0.41,5479.0,4004809.6,-1,2022-11-28,723.1664266912451,724.4907515086683,-1.3243248174231894,0
2022-11-29,723.2,750.0,723.0,748.0,1.91,3745.0,2772173.0,1,2022-11-29,728.1331413529961,726.9654092445979,1.167732108398127,1
2022-11-30,733.7,746.0,733.3,743.5,-0.6,2816.0,2085232.2,-1,2022-11-30,731.2065130823969,728.7058924820087,2.5006206003881744,0
2022-12-01,745.0,760.0,731.5,742.0,-0.2,8869.0,6662723.7,-1,2022-12-01,733.3652104659175,730.1052722207446,3.2599382451728616,0
2022-12-04,735.0,756.0,735.0,743.0,0.13,3561.0,2661365.2,1,2022-12-04,735.2921683727341,731.462611986982,3.8295563857520847,0
2022-12-05,743.0,743.0,725.1,726.1,-2.27,4128.0,3024233.5,-1,2022-12-05,733.4537346981873,730.8981265146681,2.5556081835192117,0
2022-12-06,730.0,730.9,720.0,729.0,0.4,3692.0,2680763.0,1,2022-12-06,732.56298775855,730.6983237236503,1.864664034899647,0
2022-12-07,723.0,729.0,716.0,720.0,-1.23,2288.0,1654755.4,-1,2022-12-07,730.05039020684,729.5721843843187,0.4782058225213177,0
2022-12-11,710.0,717.0,703.0,710.0,-1.39,3439.0,2444510.4,-1,2022-12-11,726.0403121654721,727.5119544491272,-1.4716422836551146,-1
2022-12-12,717.0,718.0,710.2,712.5,0.35,2619.0,1869383.8,1,2022-12-12,723.3322497323777,725.9317487176402,-2.5994989852624713,0
2022-12-13,711.0,720.0,710.5,715.0,0.35,1360.0,969470.5,1,2022-12-13,721.6657997859022,724.7810383263097,-3.1152385404075176,0
2022-12-14,702.2,715.0,702.2,711.0,-0.56,1530.0,1087511.1,-1,2022-12-14,719.5326398287218,723.330402713014,-3.797762884292183,0
2022-12-15,710.0,715.0,703.2,706.4,-0.65,1417.0,1003032.1,-1,2022-12-15,716.9061118629775,721.5482550590126,-4.642143196035136,0
2022-12-18,702.0,705.0,694.0,697.0,-1.33,3962.0,2767564.8,-1,2022-12-18,712.9248894903819,718.9642282106955,-6.039338720313594,0
2022-12-19,688.0,710.0,687.3,710.0,1.87,3273.0,2285821.6,1,2022-12-19,712.3399115923056,718.0206252411487,-5.680713648843039,0
2022-12-20,710.0,720.0,700.0,720.0,1.41,3588.0,2547778.0,1,2022-12-20,713.8719292738446,718.2289804789225,-4.357051205077937,0
2022-12-21,705.6,719.4,700.0,703.9,-2.24,4167.0,2939083.9,-1,2022-12-21,711.8775434190757,716.720666744299,-4.84312332522336,0
2022-12-22,700.0,714.0,693.2,703.1,-0.11,4262.0,3010073.5,-1,2022-12-22,710.1220347352605,715.2869123501622,-5.164877614901684,0
2022-12-26,710.0,734.4,709.0,734.4,4.45,3639.0,2617559.7,1,2022-12-26,714.9776277882085,717.2988163133031,-2.3211885250946125,0
2022-12-27,748.0,753.0,735.0,745.0,1.44,11593.0,8605762.6,1,2022-12-27,720.9821022305667,720.214730385587,0.7673718449797207,1
2022-12-28,744.0,745.0,730.1,732.0,-1.74,3263.0,2398235.5,-1,2022-12-28,723.1856817844534,721.455285081841,1.7303967026124383,0
2022-12-29,727.0,764.9,727.0,764.9,4.49,7211.0,5391050.6,1,2022-12-29,731.5285454275628,726.028412967963,5.50013245959974,0
2023-01-01,755.0,775.0,744.0,756.0,-1.16,11130.0,8412910.5,-1,2023-01-01,736.4228363420503,729.1833168660722,7.239519475978113,0
2023-01-02,750.0,774.0,745.0,756.2,0.03,9771.0,7431373.8,1,2023-01-02,740.3782690736404,732.027178248591,8.351090825049369,0
2023-01-03,753.0,809.0,752.0,789.0,4.34,17283.0,13555946.1,1,2023-01-03,750.1026152589122,738.0243173803183,12.078297878593958,0
2023-01-04,800.0,843.0,793.0,840.0,6.46,20309.0,16553172.7,1,2023-01-04,768.0820922071298,748.7585997613375,19.32349244579234,0
2023-01-05,856.8,860.0,816.4,845.0,0.6,22895.0,19206607.4,1,2023-01-05,783.4656737657039,758.8892734706703,24.576400295033523,0
2023-01-08,859.0,861.0,828.2,840.0,-0.59,18815.0,15909101.7,-1,2023-01-08,794.7725390125631,767.427244684284,27.345294328279124,0
2023-01-09,840.0,854.0,828.0,852.0,1.43,13176.0,11157752.0,1,2023-01-09,806.2180312100505,776.3296399806752,29.888391229375316,0
2023-01-10,852.0,878.0,825.0,840.0,-1.41,34734.0,29814701.2,-1,2023-01-10,812.9744249680405,783.0317831406041,29.94264182743632,0
2023-01-12,856.0,873.0,806.5,820.0,-2.38,18556.0,15451618.6,-1,2023-01-12,814.3795399744324,786.9231743889616,27.45636558547085,0
2023-01-17,820.0,833.3,809.0,824.0,0.49,8482.0,6949491.5,1,2023-01-17,816.303631979546,790.8259981374919,25.47763384205416,0
2023-01-18,821.0,840.4,816.1,821.0,-0.36,15629.0,12952943.7,-1,2023-01-18,817.2429055836369,794.0022088598612,23.240696723775727,0
2023-01-19,822.0,830.0,810.0,830.0,1.1,5919.0,4855602.0,1,2023-01-19,819.7943244669095,797.7914500325073,22.0028744344022,0
2023-01-23,822.0,828.0,810.0,815.0,-1.81,8974.0,7333250.3,-1,2023-01-23,818.8354595735277,799.602876344875,19.232583228652743,0
2023-01-24,801.0,816.0,801.0,808.0,-0.86,6286.0,5075353.1,-1,2023-01-24,816.6683676588223,800.4867840980461,16.181583560776176,0
2023-01-25,808.0,837.4,805.0,825.9,2.22,13107.0,10801360.2,1,2023-01-25,818.514694127058,803.1618594561465,15.35283467091142,0
2023-01-26,811.0,836.0,811.0,823.0,-0.35,4193.0,3448409.6,-1,2023-01-26,819.4117553016464,805.2500847765522,14.161670525094223,0
2023-01-29,806.9,823.0,805.0,805.0,-2.19,6204.0,5028193.7,-1,2023-01-29,816.5294042413171,805.2237600632309,11.305644178086254,0
2023-01-30,790.3,810.0,789.0,790.0,-1.86,6259.0,4989359.8,-1,2023-01-30,811.2235233930537,803.6212590039434,7.60226438911036,0
2023-01-31,775.0,785.0,770.0,778.0,-1.52,14252.0,11034677.3,-1,2023-01-31,804.5788187144431,800.9242843719494,3.654534342493662,0
2023-02-01,765.0,777.0,763.0,764.0,-1.8,5149.0,3941460.4,-1,2023-02-01,796.4630549715546,797.0375175959548,-0.574462624400212,-1
2023-02-02,758.0,775.0,745.0,745.0,-2.49,7424.0,5564556.7,-1,2023-02-02,786.1704439772437,791.5598841648017,-5.389440187557966,0
2023-02-05,735.1,759.9,735.1,746.0,0.13,4630.0,3461060.2,1,2023-02-05,778.1363551817951,786.7641068842962,-8.627751702501087,0
2023-02-06,750.0,760.0,740.0,746.6,0.08,6606.0,4970712.5,1,2023-02-06,771.8290841454362,782.5363061596335,-10.707222014197214,0
2023-02-07,746.0,775.0,746.0,773.0,3.54,5157.0,3938761.2,1,2023-02-07,772.0632673163491,781.5324844586194,-9.469217142270281,0
2023-02-08,775.0,785.0,760.0,764.0,-1.16,4213.0,3251684.7,-1,2023-02-08,770.4506138530794,779.6869597787647,-9.236345925685328,0
2023-02-09,770.0,779.1,752.1,768.0,0.52,4572.0,3483250.8,1,2023-02-09,769.9604910824636,778.4567534862632,-8.49626240379962,0
2023-02-12,752.8,755.0,745.0,745.0,-2.99,4265.0,3202422.5,-1,2023-02-12,764.9683928659709,774.9349899613934,-9.966597095422458,0
2023-02-14,740.0,745.0,722.0,734.0,-1.48,8017.0,5850955.9,-1,2023-02-14,758.7747142927767,770.6260436496678,-11.851329356891142,0
2023-02-15,721.1,730.0,720.0,725.0,-1.23,3976.0,2877528.3,-1,2023-02-15,752.0197714342214,765.8233022128607,-13.803530778639242,0
2023-02-16,714.0,730.0,710.5,718.0,-0.97,5624.0,4059357.0,-1,2023-02-16,745.2158171473772,760.7892704009806,-15.573453253603475,0
2023-02-20,710.0,714.0,700.0,706.0,-1.67,6031.0,4250619.4,-1,2023-02-20,737.3726537179018,755.0219787798247,-17.649325061922923,0
2023-02-22,706.0,714.0,696.0,699.0,-0.99,7920.0,5556008.2,-1,2023-02-22,729.6981229743214,749.1249283819484,-19.426805407626944,0
2023-02-23,685.2,687.0,629.1,629.1,-10.0,38612.0,24939593.3,-1,2023-02-23,709.5784983794572,736.4907253943749,-26.912227014917676,0
2023-02-26,616.6,660.0,597.1,655.0,4.12,14919.0,9354735.6,1,2023-02-26,698.6627987035657,727.9127543002301,-29.249955596664336,0
2023-02-27,663.9,668.0,640.0,651.0,-0.61,6219.0,4060358.8,-1,2023-02-27,689.1302389628527,719.8166749002058,-30.686435937353167,0
2023-02-28,640.2,654.8,640.0,646.0,-0.77,4600.0,2963728.0,-1,2023-02-28,680.5041911702822,712.046498594921,-31.542307424638807,0
2023-03-01,646.0,646.0,600.0,612.7,-5.15,15303.0,9426376.9,-1,2023-03-01,666.9433529362259,701.5889724270345,-34.6456194908086,0
2023-03-02,600.5,624.7,600.5,601.0,-1.91,5096.0,3095131.8,-1,2023-03-02,653.7546823489807,691.0006595399783,-37.245977190997564,0
2023-03-05,610.0,613.0,588.0,590.0,-1.83,6242.0,3707989.0,-1,2023-03-05,641.0037458791846,680.369011167349,-39.36526528816432,0
2023-03-07,590.0,594.0,570.0,579.0,-1.86,14029.0,8149463.6,-1,2023-03-07,628.6029967033478,669.698588939207,-41.09559223585916,0
2023-03-09,588.0,598.9,581.0,598.9,3.44,5850.0,3434685.9,1,2023-03-09,622.6623973626782,662.2461058929746,-39.58370853029635,0
2023-03-12,610.8,610.8,582.2,588.0,-1.82,7450.0,4378260.8,-1,2023-03-12,615.7299178901426,654.4307263252931,-38.70080843515052,0
2023-03-13,595.0,595.0,576.2,588.0,0.0,3941.0,2287663.4,0,2023-03-13,610.183934312114,647.4380182910518,-37.25408397893773,0
2023-03-14,577.2,586.0,570.0,584.0,-0.68,10829.0,6247379.7,-1,2023-03-14,604.9471474496913,640.7603321551517,-35.813184705460344,0
2023-03-15,572.4,580.0,565.2,572.0,-2.05,12401.0,7071706.0,-1,2023-03-15,598.3577179597531,633.5224024546094,-35.16468449485626,0
2023-03-16,566.0,575.0,561.0,571.5,-0.09,5752.0,3271284.1,-1,2023-03-16,592.9861743678025,626.993728512019,-34.00755414421644,0
2023-03-19,566.1,575.0,560.3,568.9,-0.45,10424.0,5892922.3,-1,2023-03-19,588.1689394942421,620.8785991949643,-32.70965970072223,0
2023-03-20,560.0,576.0,560.0,571.0,0.37,2908.0,1659231.6,1,2023-03-20,584.7351515953937,615.6282203323365,-30.893068736942723,0
2023-03-22,574.0,580.0,565.2,569.8,-0.21,5419.0,3094734.2,-1,2023-03-22,581.748121276315,610.8041971394589,-29.05607586314386,0
2023-03-23,572.0,572.0,559.0,564.0,-1.02,5277.0,2963200.5,-1,2023-03-23,578.198497021052,605.8774395458316,-27.678942524779586,0
2023-03-26,555.0,560.0,550.0,555.0,-1.6,7212.0,3997023.1,-1,2023-03-26,573.5587976168417,600.5219195936388,-26.963121976797083,0
2023-03-27,544.0,566.1,544.0,565.0,1.8,4326.0,2409543.7,1,2023-03-27,571.8470380934734,596.7827701627295,-24.93573206925612,0
2023-03-28,560.0,589.5,558.4,580.4,2.73,5967.0,3433194.1,1,2023-03-28,573.5576304747788,595.058268040337,-21.500637565558236,0
2023-03-29,590.0,590.0,565.0,579.9,-0.09,1775.0,1017660.5,-1,2023-03-29,574.826104379823,593.4626608781962,-18.636556498373125,0
2023-03-30,580.0,583.8,569.0,578.0,-0.33,3843.0,2213323.9,-1,2023-03-30,575.4608835038584,591.8350123647019,-16.374128860843484,0
2023-04-02,589.5,589.5,569.0,570.0,-1.38,5932.0,3425054.3,-1,2023-04-02,574.3687068030868,589.5365900105228,-15.167883207436034,0
2023-04-03,560.0,570.0,556.0,564.0,-1.05,2712.0,1522276.8,-1,2023-04-03,572.2949654424694,586.848527904152,-14.553562461682532,0
2023-04-04,570.0,575.0,556.0,566.0,0.35,2569.0,1442391.3,1,2023-04-04,571.0359723539756,584.6539460195044,-13.61797366552878,0
2023-04-05,558.0,576.0,558.0,576.0,1.77,1749.0,996040.0,1,2023-04-05,572.0287778831805,583.7430043332407,-11.71422645006021,0
2023-04-06,584.0,584.0,556.1,570.0,-1.04,6289.0,3578599.9,-1,2023-04-06,571.6230223065445,582.2963722981627,-10.673349991618238,0
2023-04-09,563.0,570.0,555.2,557.0,-2.28,3736.0,2089238.9,-1,2023-04-09,568.6984178452357,579.6335962667772,-10.935178421541536,0
2023-04-10,567.0,572.0,556.1,558.6,0.29,2463.0,1384730.5,1,2023-04-10,566.6787342761886,577.4195335018533,-10.74079922566466,0
2023-04-11,550.0,574.0,550.0,573.9,2.74,3076.0,1742741.9,1,2023-04-11,568.122987420951,577.0490562911318,-8.92606887018087,0
2023-04-12,585.0,598.0,562.5,590.0,2.81,9766.0,5695225.6,1,2023-04-12,572.4983899367608,578.4123135236442,-5.91392358688347,0
2023-04-13,601.0,613.0,585.1,592.0,0.34,22541.0,13355311.8,1,2023-04-13,576.3987119494086,579.842596310629,-3.443884361220398,0
2023-04-16,588.8,588.8,569.0,584.0,-1.35,3924.0,2267016.0,-1,2023-04-16,577.9189695595269,580.2802177516155,-2.361248192088624,0
2023-04-17,575.0,584.0,565.0,573.0,-1.88,6106.0,3500252.5,-1,2023-04-17,576.9351756476216,579.513879040919,-2.5787033932974737,0
2023-04-18,580.0,580.0,565.0,572.9,-0.02,4016.0,2287382.0,-1,2023-04-18,576.1281405180973,578.8176812471381,-2.6895407290408,0
2023-04-19,584.3,584.3,566.0,579.3,1.12,1525.0,870022.0,1,2023-04-19,576.7625124144779,578.8684516421762,-2.1059392276982862,0
2023-04-20,568.1,578.9,560.0,560.0,-3.33,6391.0,3633211.4,-1,2023-04-20,573.4100099315824,576.8822988377366,-3.4722889061541764,0
2023-04-23,549.0,567.0,549.0,563.0,0.54,1784.0,995714.3,1,2023-04-23,571.328007945266,575.421004223238,-4.09299627797202,0
2023-04-24,563.0,563.0,555.0,562.0,-0.18,1833.0,1026618.6,-1,2023-04-24,569.4624063562128,574.0082669365813,-4.545860580368526,0
2023-04-25,556.0,570.0,555.0,557.0,-0.89,5066.0,2825849.3,-1,2023-04-25,566.9699250849702,572.2179230485201,-5.247997963549892,0
2023-04-26,555.0,571.2,555.0,559.0,0.36,2542.0,1431684.8,1,2023-04-26,565.3759400679762,570.8265627276232,-5.450622659647024,0
2023-04-27,555.0,563.0,548.0,555.0,-0.72,5324.0,2941759.2,-1,2023-04-27,563.3007520543811,569.1606087562944,-5.8598567019133725,0
2023-04-30,553.0,553.0,542.0,547.0,-1.44,4905.0,2685610.5,-1,2023-04-30,560.0406016435048,566.8279130977371,-6.787311454232281,0
2023-05-02,538.1,568.0,538.1,550.0,0.55,4571.0,2531136.1,1,2023-05-02,558.0324813148038,565.0565538242911,-7.024072509487269,0
2023-05-03,561.0,569.4,539.3,541.5,-1.55,2901.0,1589826.0,-1,2023-05-03,554.725985051843,562.5769165796289,-7.8509315277858605,0
2023-05-04,540.0,548.0,537.1,545.0,0.65,2626.0,1423875.0,1,2023-05-04,552.7807880414745,560.7267148344048,-7.945926792930322,0
2023-05-07,536.0,545.8,536.0,537.0,-1.47,2312.0,1243858.2,-1,2023-05-07,549.6246304331796,558.2291659044674,-8.604535471287818,0
2023-05-08,536.0,541.9,528.0,539.0,0.37,4752.0,2529676.0,1,2023-05-08,547.4997043465437,556.2050431776814,-8.705338831137738,0
2023-05-09,530.0,547.9,529.6,544.0,0.93,1930.0,1035138.0,1,2023-05-09,546.799763477235,554.9203017905571,-8.120538313322072,0
2023-05-10,538.1,540.0,531.0,540.0,-0.74,2202.0,1179294.5,-1,2023-05-10,545.4398107817881,553.3497437073406,-7.909932925552539,0
2023-05-11,536.0,540.0,531.0,535.0,-0.93,1305.0,698604.8,-1,2023-05-11,543.3518486254304,551.4181917381469,-8.066343112716481,0
2023-05-14,535.1,538.0,520.0,520.0,-2.8,5902.0,3118434.0,-1,2023-05-14,538.6814789003444,548.1110136604473,-9.42953476010291,0
2023-05-15,516.0,530.4,516.0,526.3,1.21,5800.0,3026512.3,1,2023-05-15,536.2051831202755,545.8151174856633,-9.609934365387858,0
2023-05-16,526.0,532.0,516.3,532.0,1.08,4305.0,2262091.0,1,2023-05-16,535.3641464962204,544.3608945924357,-8.996748096215242,0
2023-05-17,525.0,542.0,522.0,526.9,-0.96,6316.0,3327132.0,-1,2023-05-17,533.6713171969764,542.5229056879688,-8.851588490992413,0
2023-05-18,520.0,555.9,520.0,546.0,3.62,3391.0,1830177.3,1,2023-05-18,536.1370537575812,542.888915615551,-6.751861857969857,0
2023-05-21,555.0,555.0,535.0,542.3,-0.68,4437.0,2413251.7,-1,2023-05-21,537.369643006065,542.8269244981246,-5.457281492059678,0
2023-05-22,537.0,558.9,532.1,554.9,2.32,4997.0,2722027.1,1,2023-05-22,540.875714404852,544.0977745509535,-3.222060146101512,0
2023-05-23,550.0,573.2,550.0,572.9,3.24,15348.0,8667621.1,1,2023-05-23,547.2805715238817,547.1295877561163,0.15098376776541045,1
2023-05-24,572.9,603.0,566.0,597.0,4.21,11027.0,6475035.1,1,2023-05-24,557.2244572191054,552.3791048344199,4.845352384685498,0
2023-05-28,597.0,608.0,580.3,582.0,-2.51,14744.0,8774484.1,-1,2023-05-28,562.1795657752843,555.4970937992179,6.682471976066495,0
2023-05-30,582.0,582.0,557.1,560.0,-3.78,20577.0,11581811.3,-1,2023-05-30,561.7436526202275,555.971083925616,5.77256869461155,0
2023-05-31,551.0,571.9,541.0,571.9,2.13,10709.0,5929754.6,1,2023-05-31,563.7749220961821,557.6478119334458,6.127110162736244,0
2023-06-01,579.0,579.0,549.4,565.0,-1.21,3854.0,2151675.0,-1,2023-06-01,564.0199376769457,558.4217264667674,5.598211210178306,0
2023-06-04,576.3,598.0,564.0,571.0,1.06,5920.0,3394382.5,1,2023-06-04,565.4159501415566,559.7457552597392,5.670194881817338,0
2023-06-05,570.0,583.0,567.1,572.0,0.18,5109.0,2941684.4,1,2023-06-05,566.7327601132453,561.035675758714,5.697084354531285,0
2023-06-06,561.2,580.0,561.2,572.0,0.0,4443.0,2534258.6,0,2023-06-06,567.7862080905962,562.1898151525336,5.59639293806265,0
2023-06-07,567.0,595.0,567.0,594.0,3.85,12455.0,7279833.4,1,2023-06-07,573.028966472477,565.5382556627932,7.490710809683833,0
2023-06-08,595.0,602.0,583.2,599.9,0.99,8421.0,5015610.9,1,2023-06-08,578.4031731779817,569.1552813824992,9.247891795482474,0
2023-06-11,609.0,626.9,601.0,625.0,4.18,10734.0,6563761.8,1,2023-06-11,587.7225385423853,575.0336728159203,12.688865726464996,0
2023-06-12,615.3,634.0,615.3,634.0,1.44,15005.0,9390414.0,1,2023-06-12,596.9780308339083,581.2406546247709,15.737376209137437,0
2023-06-13,621.4,650.0,615.0,647.0,2.05,17608.0,11275046.7,1,2023-06-13,606.9824246671267,588.1626909800582,18.819733687068492,0
2023-06-14,637.0,663.0,637.0,650.0,0.46,15172.0,9886815.9,1,2023-06-14,615.5859397337014,594.67188140321,20.914058330491343,0
2023-06-15,660.0,660.0,626.0,633.5,-2.54,12072.0,7671642.9,-1,2023-06-15,619.1687517869611,598.7590517818194,20.409700005141758,0
2023-06-18,630.0,670.0,630.0,667.0,5.29,10745.0,7067070.0,1,2023-06-18,628.7350014295689,605.9423094889963,22.79269194057258,0
2023-06-19,666.0,675.0,648.0,664.0,-0.45,9400.0,6212169.6,-1,2023-06-19,635.7880011436552,612.05364533226,23.734355811395176,0
2023-06-20,662.9,675.0,642.0,660.0,-0.6,11773.0,7758372.0,-1,2023-06-20,640.6304009149242,617.1006300341274,23.52977088079672,0
2023-06-21,646.8,663.0,634.0,662.9,0.44,9347.0,6011975.1,1,2023-06-21,645.0843207319394,621.9216163463246,23.162704385614802,0
2023-06-22,650.1,663.0,638.1,650.0,-1.95,8740.0,5675302.1,-1,2023-06-22,646.0674565855516,624.8772356782905,21.19022090726105,0
2023-06-25,662.9,669.0,642.0,665.9,2.45,21439.0,14117244.3,1,2023-06-25,650.0339652684413,629.1954213963652,20.838543872076116,0
2023-06-26,666.0,703.0,655.4,703.0,5.57,29205.0,20088904.0,1,2023-06-26,660.627172214753,636.9643244072741,23.662847807478897,0
2023-06-27,703.0,773.3,703.0,773.3,10.0,35822.0,26820905.8,1,2023-06-27,683.1617377718024,651.3154481538769,31.84628961792555,0
2023-06-28,788.7,788.7,737.0,748.0,-3.27,18919.0,14154483.4,-1,2023-06-28,696.129390217442,661.4927694008372,34.63662081660482,0
2023-07-02,748.0,748.0,700.0,721.9,-3.49,21058.0,15080402.1,-1,2023-07-02,701.2835121739537,667.8514252533807,33.43208692057294,0
2023-07-03,708.0,727.0,694.1,715.0,-0.96,12233.0,8746495.1,-1,2023-07-03,704.026809739163,672.814433121446,31.21237661771704,0
2023-07-04,720.0,729.0,704.1,718.0,0.42,7574.0,5373660.9,1,2023-07-04,706.8214477913305,677.5708085823464,29.250639208984012,0
2023-07-05,710.0,715.0,700.0,700.1,-2.49,10295.0,7254139.7,-1,2023-07-05,705.4771582330644,679.9423024157837,25.534855817280686,0
2023-07-06,695.0,702.0,688.0,694.0,-0.87,5527.0,3839832.9,-1,2023-07-06,703.1817265864515,681.4220600562276,21.759666530223967,0
2023-07-09,707.0,710.1,696.1,705.0,1.59,7834.0,5536372.8,1,2023-07-09,703.5453812691612,683.9039484713616,19.641432797799666,0
2023-07-10,715.0,748.0,705.0,720.0,2.13,12468.0,8976621.2,1,2023-07-10,706.836305015329,687.7035328427971,19.132772172531872,0
2023-07-11,725.0,725.0,706.2,711.0,-1.25,4155.0,2967407.4,-1,2023-07-11,707.6690440122633,690.1557925435553,17.51325146870795,0
2023-07-12,710.0,735.0,701.0,735.0,3.38,11546.0,8375386.2,1,2023-07-12,713.1352352098106,694.8762354337074,18.258999776103224,0
2023-07-13,749.7,749.7,725.0,725.1,-1.35,14696.0,10853831.5,-1,2023-07-13,715.5281881678485,698.0576843354224,17.47050383242606,0
2023-07-16,725.0,729.0,718.2,729.0,0.54,4638.0,3358961.6,1,2023-07-16,718.2225505342788,701.3147701948516,16.907780339427177,0
2023-07-17,714.8,754.0,714.8,754.0,3.43,5329.0,3945317.4,1,2023-07-17,725.378040427423,706.8605838585514,18.51745656887158,0
2023-07-18,739.0,780.0,735.0,743.0,-1.46,7290.0,5508243.3,-1,2023-07-18,728.9024323419385,710.6647329260724,18.237699415866132,0
2023-07-19,745.0,752.0,730.2,742.0,-0.13,7312.0,5398475.7,-1,2023-07-19,731.5219458735507,713.9631820917489,17.558763781801872,0
2023-07-20,728.1,750.7,728.0,738.0,-0.54,7564.0,5545241.7,-1,2023-07-20,732.8175566988407,716.4933734505121,16.32418324832861,0
2023-07-23,739.0,765.0,729.0,754.0,2.17,7895.0,5922407.7,1,2023-07-23,737.0540453590727,720.4414394030897,16.612605955982986,0
2023-07-24,739.1,750.0,730.0,733.0,-2.79,10723.0,7914659.9,-1,2023-07-24,736.2432362872582,721.7633931501329,14.479843137125386,0
2023-07-25,725.0,735.0,718.0,718.0,-2.05,5067.0,3662242.1,-1,2023-07-25,732.5945890298067,721.3672465027504,11.227342527056294,0
2023-07-26,715.0,730.0,701.1,719.0,0.14,9427.0,6743932.7,1,2023-07-26,729.8756712238453,721.1180626603557,8.757608563489612,0
2023-07-27,705.0,719.0,690.0,704.0,-2.09,9206.0,6444678.7,-1,2023-07-27,724.7005369790763,719.3161613276866,5.384375651389746,0
2023-07-30,692.0,694.5,682.0,684.8,-2.73,5524.0,3791021.4,-1,2023-07-30,716.7204295832611,715.6828811879301,1.0375483953309868,0
2023-07-31,680.0,698.0,674.0,677.7,-1.04,6236.0,4252355.8,-1,2023-07-31,708.916343666609,711.684683168148,-2.7683395015390033,-1
2023-08-01,679.0,690.0,662.0,662.0,-2.32,6707.0,4504507.3,-1,2023-08-01,699.5330749332873,706.4547165188692,-6.921641585581938,0
2023-08-02,667.0,667.0,650.0,664.8,0.42,5423.0,3559346.0,1,2023-08-02,692.5864599466298,702.0700095168829,-9.483549570253103,0
2023-08-03,677.0,686.0,652.0,686.0,3.19,10637.0,7112769.4,1,2023-08-03,691.2691679573039,700.3784295677374,-9.109261610433464,0
2023-08-06,675.0,675.2,655.0,656.0,-4.37,5928.0,3924370.2,-1,2023-08-06,684.2153343658432,695.7070159290282,-11.491681563185011,0
2023-08-07,656.0,673.2,650.0,666.8,1.65,5257.0,3468155.5,1,2023-08-07,680.7322674926746,692.6641721470252,-11.931904654350546,0
2023-08-08,679.8,679.8,652.0,662.8,-0.6,4463.0,2939747.0,-1,2023-08-08,677.1458139941396,689.5205750789172,-12.37476108477756,0
2023-08-09,649.6,669.9,649.6,667.9,0.77,5112.0,3357139.6,1,2023-08-09,675.2966511953118,687.2447250706101,-11.948073875298292,0
2023-08-10,654.6,691.6,654.6,674.0,0.91,4947.0,3303214.6,1,2023-08-10,675.0373209562495,685.8505434842301,-10.813222527980656,0
2023-08-13,667.0,680.0,660.6,674.9,0.13,4599.0,3071636.1,1,2023-08-13,675.0098567649997,684.6978546964164,-9.687997931416703,0
2023-08-14,680.0,682.0,662.2,667.2,-1.14,10373.0,6948995.9,-1,2023-08-14,673.4478854119998,682.8559752546884,-9.408089842688582,0
2023-08-15,656.1,678.9,650.0,670.0,0.42,5604.0,3689294.0,1,2023-08-15,672.7583083295998,681.5027147015633,-8.744406371963464,0
2023-08-16,656.7,669.0,656.7,661.0,-1.34,9639.0,6361037.1,-1,2023-08-16,670.4066466636799,679.3445342066618,-8.937887542981912,0
2023-08-17,653.0,683.0,653.0,676.6,2.36,8700.0,5798815.6,1,2023-08-17,671.645317330944,679.0556358691184,-7.410318538174465,0
2023-08-20,665.0,679.8,660.3,663.1,-2.0,5270.0,3522533.0,-1,2023-08-20,669.9362538647551,677.3760952513164,-7.439841386561284,0
2023-08-21,656.0,669.9,655.0,661.0,-0.32,3922.0,2578893.7,-1,2023-08-21,668.1490030918042,675.6522957511778,-7.503292659373642,0
2023-08-22,655.0,669.0,652.1,661.0,0.0,4118.0,2718173.0,0,2023-08-22,666.7192024734434,674.1099488300011,-7.39074635655777,0
2023-08-23,664.8,677.0,654.0,672.0,1.66,6455.0,4327849.8,1,2023-08-23,667.7753619787547,673.8878489531589,-6.112486974404192,0
2023-08-24,661.0,685.0,660.0,663.0,-1.34,4810.0,3221538.5,-1,2023-08-24,666.8202895830038,672.7417595896685,-5.921470006664663,0
2023-08-27,652.0,663.0,650.2,660.0,-0.45,6231.0,4092708.4,-1,2023-08-27,665.4562316664031,671.4005217381246,-5.9442900717214116,0
2023-08-28,647.0,670.0,647.0,663.9,0.59,5655.0,3714519.9,1,2023-08-28,665.1449853331225,670.6109931341115,-5.4660078009890185,0
2023-08-29,660.0,670.0,651.1,657.4,-0.98,2309.0,1526788.3,-1,2023-08-29,663.595988266498,669.2203622778893,-5.624374011391296,0
2023-08-30,644.7,664.9,644.7,653.0,-0.67,4183.0,2743757.2,-1,2023-08-30,661.4767906131984,667.512955722322,-6.036165109123544,0
2023-09-03,665.9,665.9,642.0,645.0,-1.23,7552.0,4894725.2,-1,2023-09-03,658.1814324905588,665.1431709094459,-6.96173841888708,0
2023-09-04,633.9,657.0,633.9,648.0,0.47,4525.0,2910846.9,1,2023-09-04,656.145145992447,663.3386266031885,-7.193480610741403,0
2023-09-05,635.1,655.0,635.1,638.0,-1.54,1878.0,1202067.0,-1,2023-09-05,652.5161167939577,660.6714027502212,-8.15528595626347,0
2023-09-07,625.3,650.0,623.0,649.0,1.72,7190.0,4516330.3,1,2023-09-07,651.8128934351662,659.4428340396715,-7.62994060450535,0
2023-09-10,636.1,645.9,633.0,641.9,-1.09,3580.0,2284922.0,-1,2023-09-10,649.830314748133,657.5962199302325,-7.765905182099459,0
2023-09-11,629.1,661.9,629.1,658.0,2.51,18424.0,12000105.5,1,2023-09-11,651.4642517985064,657.6387230954712,-6.174471296964725,0
2023-09-12,644.9,650.0,637.0,641.0,-2.58,2225.0,1432759.5,-1,2023-09-12,649.3714014388053,655.8872785591059,-6.515877120300615,0
2023-09-13,653.0,656.9,632.1,656.0,2.34,5010.0,3260563.2,1,2023-09-13,650.6971211510443,655.8991439739369,-5.202022822892673,0
2023-09-17,643.5,647.0,628.5,629.0,-4.12,6446.0,4098738.6,-1,2023-09-17,646.3576969208355,653.0676551345751,-6.7099582137396965,0
2023-09-18,630.0,641.0,625.1,634.0,0.79,2285.0,1452105.2,1,2023-09-18,643.8861575366684,651.060533541462,-7.174376004793544,0
2023-09-19,640.0,649.8,627.2,649.8,2.49,2233.0,1422335.6,1,2023-09-19,645.0689260293348,650.9278458002555,-5.858919770920693,0
2023-09-21,659.0,702.0,642.4,691.5,6.42,43423.0,28883610.7,1,2023-09-21,654.3551408234678,655.1985988739128,-0.843458050445065,0
2023-09-24,677.7,732.0,677.7,695.0,0.51,26935.0,18646867.5,1,2023-09-24,662.4841126587743,659.3882200450798,3.0958926136944456,1
2023-09-25,681.2,684.9,668.0,679.0,-2.3,20840.0,14021762.1,-1,2023-09-25,665.7872901270196,661.4526179350714,4.33467219194813,0
2023-09-26,665.5,690.0,665.5,683.5,0.66,4775.0,3241410.2,1,2023-09-26,669.3298321016157,663.7733949945376,5.556437107078068,0
2023-09-27,669.9,684.4,665.0,667.0,-2.41,12648.0,8474373.5,-1,2023-09-27,668.8638656812925,664.1130376266916,4.750828054600902,0
2023-10-01,653.7,678.3,650.1,655.0,-1.8,5463.0,3578692.8,-1,2023-10-01,666.091092545034,663.1537705080925,2.9373220369415094,0
2023-10-02,642.3,707.0,642.3,666.0,1.68,3261.0,2155750.4,1,2023-10-02,666.0728740360273,663.4533736125038,2.6195004235235047,0
2023-10-03,652.7,681.0,651.0,657.0,-1.35,8256.0,5433593.2,-1,2023-10-03,664.2582992288219,662.7740711269771,1.484228101844792,0
2023-10-04,647.0,667.0,647.0,660.0,0.46,3049.0,2009081.4,1,2023-10-04,663.4066393830575,662.4820636399269,0.9245757431306174,0
2023-10-05,647.3,669.0,647.3,654.0,-0.91,6255.0,4100667.8,-1,2023-10-05,661.5253115064461,661.5892148357241,-0.06390332927799136,-1
2023-10-08,643.1,655.9,625.0,639.0,-2.29,7837.0,5003071.0,-1,2023-10-08,657.0202492051569,659.2114027477531,-2.1911535425962256,0
2023-10-09,628.1,638.0,625.0,625.0,-2.19,4714.0,2961561.1,-1,2023-10-09,650.6161993641256,655.6102024585159,-4.994003094390337,0
2023-10-10,615.0,628.0,613.0,620.0,-0.8,3815.0,2346639.6,-1,2023-10-10,644.4929594913004,651.8617600944616,-7.368800603161162,0
2023-10-11,610.1,630.0,610.1,625.0,0.81,4301.0,2661880.1,1,2023-10-11,640.5943675930404,649.0342064003078,-8.439838807267392,0
2023-10-12,615.1,625.0,612.0,616.0,-1.44,5508.0,3381300.9,-1,2023-10-12,635.6754940744323,645.5569215160649,-9.881427441632582,0
2023-10-16,615.1,620.0,608.2,608.3,-1.25,4049.0,2484037.8,-1,2023-10-16,630.2003952595459,641.6351403038475,-11.434745044301621,0
2023-10-17,615.0,615.0,602.0,604.0,-0.71,4577.0,2777053.0,-1,2023-10-17,624.9603162076367,637.673546587653,-12.713230380016398,0
2023-10-18,600.9,628.0,589.1,615.0,1.82,5391.0,3279081.1,1,2023-10-18,622.9682529661093,635.2868574731632,-12.31860450705392,0
2023-10-19,615.0,615.0,603.0,606.5,-1.38,7312.0,4441897.5,-1,2023-10-19,619.6746023728874,632.2566619496723,-12.5820595767849,0
2023-10-29,596.0,609.9,590.0,608.7,0.36,4160.0,2485339.5,1,2023-10-29,617.47968189831,629.777013323391,-12.297331425080984,0
2023-10-30,596.7,602.0,590.0,600.0,-1.43,1048.0,624692.1,-1,2023-10-30,613.983745518648,626.6425908682971,-12.658845349649141,0
2023-10-31,588.0,595.9,585.1,595.0,-0.83,1723.0,1012594.4,-1,2023-10-31,610.1869964149184,623.311791829529,-13.124795414610617,0
2023-11-01,585.1,600.0,575.3,585.0,-1.68,3386.0,1959712.6,-1,2023-11-01,605.1495971319348,619.2789716369471,-14.129374505012265,0
2023-11-02,573.3,584.0,570.0,574.0,-1.88,4159.0,2389773.8,-1,2023-11-02,598.9196777055479,614.5127640962158,-15.593086390667963,0
2023-11-05,570.0,615.0,560.6,614.0,6.97,8506.0,4808808.2,1,2023-11-05,601.9357421644384,614.4587889281931,-12.523046763754792,0
2023-11-06,601.8,601.8,568.0,590.0,-3.91,2210.0,1295127.7,-1,2023-11-06,599.5485937315507,611.8841795673306,-12.335585835779966,0
2023-11-07,581.4,598.0,581.4,598.0,1.36,2780.0,1640651.9,1,2023-11-07,599.2388749852406,610.4226869812958,-11.18381199605517,0
2023-11-08,594.2,605.0,583.0,598.0,0.0,2644.0,1561421.8,0,2023-11-08,598.9910999881926,609.1150357201067,-10.123935731914116,0
2023-11-09,590.0,597.9,580.0,581.0,-2.84,7586.0,4448119.6,-1,2023-11-09,595.3928799905541,606.1555582758849,-10.762678285330821,0
2023-11-20,580.0,592.0,570.0,583.9,0.5,4266.0,2459374.8,1,2023-11-20,593.0943039924433,603.8128679310549,-10.718563938611624,0
2023-11-21,573.0,578.0,567.2,574.0,-1.7,4125.0,2345283.0,-1,2023-11-21,589.2754431939547,600.6746713067333,-11.399228112778587,0
2023-11-22,563.0,583.0,554.0,578.0,0.7,1276.0,727519.0,1,2023-11-22,587.0203545551639,598.2878638007614,-11.26750924559758,0
2023-11-23,566.5,579.9,560.8,579.9,0.33,5006.0,2851134.3,1,2023-11-23,585.5962836441311,596.3522991901549,-10.756015546023832,0
2023-11-26,568.4,614.0,568.4,593.5,2.35,6029.0,3537774.5,1,2023-11-26,587.1770269153049,596.0520571701386,-8.875030254833746,0
2023-11-27,581.7,609.9,580.0,580.0,-2.27,3538.0,2077218.0,-1,2023-11-27,585.7416215322439,594.362366941703,-8.620745409459118,0
2023-11-28,590.0,592.0,571.5,581.0,0.17,3796.0,2203509.8,1,2023-11-28,584.7932972257952,592.9558020004712,-8.162504774675995,0
2023-11-29,581.0,627.0,575.5,588.0,1.2,4182.0,2450357.8,1,2023-11-29,585.4346377806362,592.4341386320004,-6.999500851364246,0
2023-11-30,576.3,610.0,571.0,584.9,-0.53,4847.0,2805028.9,-1,2023-11-30,585.327710224509,591.6410714075794,-6.313361183070356,0
2023-12-03,573.5,606.0,570.0,606.0,3.61,9869.0,5685760.4,1,2023-12-03,589.4621681796073,593.1525375752026,-3.690369395595326,0
2023-12-04,593.9,593.9,575.1,593.0,-2.15,4177.0,2436410.6,-1,2023-12-04,590.1697345436859,593.1364809883391,-2.9667464446532676,0
2023-12-05,581.2,590.7,564.0,578.0,-2.53,6798.0,3861691.6,-1,2023-12-05,587.7357876349487,591.543167200093,-3.807379565144288,0
2023-12-06,566.5,589.0,560.1,575.0,-0.52,4545.0,2579245.9,-1,2023-12-06,585.1886301079589,589.8017811790305,-4.61315107107157,0
2023-12-07,563.5,584.0,557.4,584.0,1.57,2606.0,1494506.8,1,2023-12-07,584.9509040863672,589.1910673707116,-4.240163284344362,0
2023-12-10,595.6,619.0,591.2,619.0,5.99,1018.0,613807.6,1,2023-12-10,591.7607232690939,592.3288497527419,-0.5681264836480295,0
2023-12-11,606.7,618.8,583.1,605.0,-2.26,16312.0,9719965.0,-1,2023-12-11,594.4085786152751,593.662655041927,0.7459235733481364,1
2023-12-12,605.0,609.9,588.2,609.9,0.81,14270.0,8529063.4,1,2023-12-12,597.5068628922202,595.37184924804,2.1350136441801624,0
2023-12-13,622.0,632.9,575.0,626.0,2.64,23291.0,14355278.0,1,2023-12-13,603.2054903137762,598.5958651166675,4.609625197108699,0
2023-12-14,613.5,643.0,609.1,641.0,2.4,18293.0,11474309.4,1,2023-12-14,610.764392251021,603.0594582622815,7.704933988739526,0
2023-12-17,630.0,642.6,615.0,642.6,0.25,15411.0,9647766.7,1,2023-12-17,617.1315138008168,607.2216205504624,9.909893250354457,0
2023-12-18,643.0,678.0,635.0,678.0,5.51,52989.0,34906291.6,1,2023-12-18,629.3052110406535,614.6719762819927,14.63323475866082,0
2023-12-19,670.0,674.9,653.0,666.0,-1.77,20028.0,13265616.1,-1,2023-12-19,636.6441688325228,620.074926147046,16.569242685476866,0
2023-12-20,679.3,679.3,650.0,664.0,-0.3,14819.0,9766018.3,-1,2023-12-20,642.1153350660184,624.6986181315674,17.41671693445096,0
2023-12-21,660.0,660.0,636.1,649.0,-2.26,13513.0,8703623.2,-1,2023-12-21,643.4922680528148,627.2566583282445,16.23560972457028,0
2023-12-24,637.0,649.0,625.0,630.0,-2.93,11964.0,7584227.3,-1,2023-12-24,640.7938144422518,627.5454311357977,13.248383306454116,0
2023-12-27,620.0,630.0,615.0,627.8,-0.35,8042.0,4994221.6,-1,2023-12-27,638.1950515538015,627.5722278583453,10.62282369545619,0
2023-12-28,616.0,628.0,614.1,628.0,0.03,6722.0,4154457.0,1,2023-12-28,636.1560412430412,627.6172565048353,8.53878473820589,0
2024-01-01,615.7,634.0,613.0,620.0,-1.27,9883.0,6187061.2,-1,2024-01-01,632.924832994433,626.8154400306421,6.109392963790924,0
2024-01-02,613.1,625.0,610.0,611.0,-1.45,10805.0,6643602.5,-1,2024-01-02,628.5398663955465,625.1506568695219,3.389209526024615,0
2024-01-03,603.9,629.9,603.9,614.0,0.49,6759.0,4128214.3,1,2024-01-03,625.6318931164371,623.9769035148354,1.6549896016017556,0
2024-01-04,604.1,620.0,604.1,620.0,0.98,8025.0,4902522.9,1,2024-01-04,624.5055144931498,623.5582820922211,0.9472324009286694,0
2024-01-07,610.0,612.0,601.0,610.0,-1.61,13112.0,7956497.6,-1,2024-01-07,621.6044115945199,622.1310945035663,-0.5266829090463716,-1
2024-01-08,602.1,618.0,602.1,618.0,1.31,7586.0,4617248.7,1,2024-01-08,620.883529275616,621.6962424505593,-0.8127131749433829,0
2024-01-09,615.0,628.0,610.5,623.0,0.81,10637.0,6588187.4,1,2024-01-09,621.3068234204928,621.8334800873425,-0.5266566668497035,0
2024-01-10,625.0,648.2,625.0,644.0,3.37,23168.0,14758475.7,1,2024-01-10,625.8454587363942,624.1667979728854,1.6786607635087876,1
2024-01-11,644.0,645.0,621.0,635.0,-1.4,10938.0,6917480.3,-1,2024-01-11,627.6763669891154,625.3071350283712,2.369231960744173,0
2024-01-14,635.0,652.0,635.0,651.9,2.66,24908.0,16004919.1,1,2024-01-14,632.5210935912924,628.1063839727533,4.414709618539064,0
2024-01-16,659.0,668.0,655.1,661.0,1.4,16162.0,10697442.0,1,2024-01-16,638.2168748730339,631.5688698703582,6.648005002675745,0
2024-01-17,661.0,675.0,651.7,651.7,-1.41,23240.0,15456647.8,-1,2024-01-17,640.9134998984272,633.6879361997942,7.225563698632982,0
2024-01-18,640.0,654.0,632.0,639.9,-1.81,18012.0,11527088.8,-1,2024-01-18,640.7107999187418,634.3418376524475,6.368962266294375,0
2024-01-21,628.2,636.9,627.2,627.2,-1.98,14941.0,9418359.5,-1,2024-01-21,638.0086399349935,633.5900652679793,4.418574667014241,0
2024-01-22,621.0,625.0,615.1,617.0,-1.63,8280.0,5128708.9,-1,2024-01-22,633.8069119479949,631.843742608192,1.9631693398029029,0
2024-01-23,606.2,628.9,606.2,616.1,-0.15,8813.0,5489127.0,-1,2024-01-23,630.2655295583959,630.1865065441717,0.07902301422416258,0
2024-01-24,611.2,630.0,611.2,616.9,0.13,5222.0,3238695.2,1,2024-01-24,627.5924236467167,628.7879269079432,-1.195503261226463,-1
2024-01-25,608.0,619.0,608.0,618.0,0.18,4799.0,2943925.9,1,2024-01-25,625.6739389173734,627.6523556544755,-1.9784167371020658,0
2024-01-28,610.0,628.0,610.0,620.0,0.32,3515.0,2173254.5,1,2024-01-28,624.5391511338987,626.8468445329518,-2.3076933990530506,0
2024-01-29,620.1,629.0,610.0,619.0,-0.16,8016.0,4929861.8,-1,2024-01-29,623.431320907119,626.0208608979042,-2.5895399907851697,0
2024-01-30,611.1,622.0,610.1,620.0,0.16,5094.0,3145118.7,1,2024-01-30,622.7450567256952,625.3870860665459,-2.642029340850627,0
2024-01-31,620.0,624.0,607.8,610.0,-1.61,11267.0,6945805.2,-1,2024-01-31,620.1960453805561,623.7673927963832,-3.571347415827063,0
2024-02-01,610.0,615.0,585.2,590.0,-3.28,13077.0,7769974.3,-1,2024-02-01,614.1568363044449,620.2129303967639,-6.056094092318972,0
2024-02-04,585.1,592.0,580.0,589.6,-0.07,5850.0,3427570.5,-1,2024-02-04,609.245469043556,616.9905166707888,-7.745047627232793,0
2024-02-05,581.0,593.6,580.0,593.6,0.68,6304.0,3689994.6,1,2024-02-05,606.1163752348448,614.5283570212321,-8.411981786387287,0
2024-02-06,605.4,605.4,585.1,595.0,0.24,6141.0,3619119.8,1,2024-02-06,603.8931001878759,612.4727404926814,-8.57964030480548,0
2024-02-07,587.3,600.0,585.1,595.0,0.0,3786.0,2241195.9,0,2024-02-07,602.1144801503008,610.6335046513466,-8.519024501045806,0
2024-02-08,604.0,614.0,585.3,593.4,-0.27,3237.0,1912421.6,-1,2024-02-08,600.3715841202406,608.8194515301522,-8.44786740991151,0
2024-02-11,604.7,604.7,569.3,584.0,-1.58,7774.0,4522427.5,-1,2024-02-11,597.0972672961925,606.206877684873,-9.109610388680494,0
2024-02-12,575.0,585.0,575.0,583.0,-0.17,5421.0,3139516.9,-1,2024-02-12,594.277813836954,603.7640484548864,-9.486234617932382,0
2024-02-13,593.9,593.9,570.1,570.1,-2.21,7131.0,4084728.2,-1,2024-02-13,589.4422510695632,600.2204644070035,-10.77821333744032,0
2024-02-14,570.0,580.0,565.2,568.5,-0.28,3594.0,2056553.1,-1,2024-02-14,585.2538008556506,596.8814681536347,-11.62766729798409,0
2024-02-15,566.09,579.0,560.0,560.0,-1.5,6777.0,3847714.1,-1,2024-02-15,580.2030406845206,592.999208347989,-12.796167663468395,0
2024-02-18,569.0,569.0,550.0,558.0,-0.36,10581.0,5872575.4,-1,2024-02-18,575.7624325476165,589.3150811534638,-13.552648605847253,0
2024-02-20,547.2,566.0,540.0,543.1,-2.67,6081.0,3331493.2,-1,2024-02-20,569.2299460380932,584.4503357688887,-15.220389730795546,0
2024-02-21,534.3,564.0,534.3,546.0,0.53,6388.0,3484886.8,1,2024-02-21,564.5839568304746,580.4029320037426,-15.818975173268086,0
2024-02-22,556.0,556.0,537.9,544.0,-0.37,3373.0,1825505.1,-1,2024-02-22,560.4671654643796,576.5710444244014,-16.103878960021802,0
2024-02-25,545.0,553.9,532.0,539.8,-0.77,3777.0,2041276.2,-1,2024-02-25,556.3337323715037,572.7004081692013,-16.366675797697553,0
2024-02-26,534.0,550.0,534.0,538.0,-0.33,2632.0,1415432.8,-1,2024-02-26,552.6669858972031,569.0477336250749,-16.380747727871835,0
2024-02-27,540.0,549.2,535.5,536.1,-0.35,4297.0,2321141.0,-1,2024-02-27,549.3535887177625,565.5795511382249,-16.22596242046245,0
2024-02-28,546.0,556.8,535.2,537.0,0.17,3358.0,1813810.3,1,2024-02-28,546.88287097421,562.5711773342013,-15.688306359991202,0
2024-02-29,547.5,547.6,530.1,534.9,-0.39,2140.0,1142410.2,-1,2024-02-29,544.4862967793681,559.6584218253379,-15.172125045969779,0
2024-03-03,544.9,544.9,520.3,526.0,-1.66,6088.0,3195196.4,-1,2024-03-03,540.7890374234945,556.1154300542497,-15.326392630755208,0
2024-03-04,536.0,578.0,536.0,578.0,9.89,70.0,38991.0,1,2024-03-04,548.2312299387957,558.4190689959077,-10.187839057112,0
2024-03-05,587.0,587.0,539.1,550.0,-4.84,5883.0,3232358.9,-1,2024-03-05,548.5849839510365,557.5328512068647,-8.947867255828214,0
2024-03-06,559.0,559.0,540.0,552.9,0.53,3674.0,2013840.9,1,2024-03-06,549.4479871608293,557.0451826587737,-7.597195497944426,0
2024-03-07,543.2,561.0,543.0,552.9,0.0,3450.0,1898425.8,0,2024-03-07,550.1383897286635,556.6088476420607,-6.47045791339724,0
2024-03-10,558.9,584.9,552.0,577.0,4.36,13644.0,7824151.5,1,2024-03-10,555.5107117829308,558.7552847323701,-3.2445729494393163,0
2024-03-12,587.0,608.0,572.0,605.0,4.85,12929.0,7637000.7,1,2024-03-12,565.4085694263447,563.6231494973838,1.7854199289608914,1
2024-03-13,609.9,613.0,591.0,604.0,-0.17,16458.0,9872937.2,-1,2024-03-13,573.1268555410758,567.8733442871329,5.253511253942861,0
2024-03-14,595.0,595.0,573.0,573.0,-5.13,13148.0,7649908.7,-1,2024-03-14,573.1014844328606,568.4129922569084,4.688492175952206,0
2024-03-17,575.0,590.0,575.0,585.0,2.09,7024.0,4089837.8,1,2024-03-17,575.4811875462885,570.1589930719707,5.3221944743178256,0
2024-03-18,585.0,599.6,577.0,598.7,2.34,6043.0,3551408.8,1,2024-03-18,580.1249500370309,573.1633095907107,6.961640446320189,0
2024-03-19,598.0,617.0,590.0,605.0,1.05,20384.0,12369572.5,1,2024-03-19,585.0999600296248,576.5145401601096,8.585419869515135,0
2024-03-20,614.0,640.0,607.1,629.0,3.97,62285.0,39064431.1,1,2024-03-20,593.8799680236998,582.0393254064139,11.84064261728588,0
2024-03-21,630.0,638.0,611.0,617.0,-1.91,20506.0,12750960.0,-1,2024-03-21,598.5039744189598,585.7193964162651,12.78457800269473,0
2024-03-25,607.0,616.0,603.1,607.0,-1.62,18274.0,11127574.8,-1,2024-03-25,600.2031795351679,587.959459951395,12.243719583772872,0
2024-03-26,610.0,619.0,608.0,609.0,0.33,9158.0,5593367.4,1,2024-03-26,601.9625436281344,590.1742536407219,11.788289987412554,0
2024-03-27,609.0,616.3,600.0,601.0,-1.31,13545.0,8193661.2,-1,2024-03-27,601.7700349025076,591.313805889067,10.456229013440634,0
2024-03-28,612.7,612.7,595.0,599.0,-0.33,8142.0,4883471.2,-1,2024-03-28,601.2160279220061,592.1228789533758,9.093148968630317,0
2024-03-31,591.0,605.0,591.0,599.5,0.08,5949.0,3555513.5,1,2024-03-31,600.8728223376049,592.8994180109152,7.973404326689774,0
2024-04-01,607.0,608.0,588.0,590.0,-1.58,4949.0,2939120.9,-1,2024-04-01,598.698257870084,592.5942161150293,6.104041755054709,0
2024-04-02,585.0,620.0,585.0,596.1,1.03,12180.0,7340283.9,1,2024-04-02,598.1786062960673,592.9632459976579,5.2153602984094505,0
2024-04-03,607.0,615.0,588.0,610.0,2.33,12833.0,7791908.3,1,2024-04-03,600.5428850368539,594.7565885242202,5.786296512633726,0
2024-04-04,610.0,635.0,601.0,630.0,3.28,27667.0,17216711.4,1,2024-04-04,606.4343080294832,598.4664213111444,7.967886718338832,0
2024-04-07,639.0,642.0,621.2,622.0,-1.27,20988.0,13248841.7,-1,2024-04-07,609.5474464235866,600.9436401204977,8.603806303088959,0
2024-04-09,632.9,632.9,609.0,614.9,-1.14,14211.0,8746558.7,-1,2024-04-09,610.6179571388693,602.4127306341295,8.205226504739812,0
2024-04-10,609.2,621.3,603.1,607.9,-1.14,13673.0,8296557.2,-1,2024-04-10,610.0743657110955,602.9903379358001,7.0840277752954535,0
2024-04-14,607.0,667.9,603.3,667.0,9.72,90398.0,59044890.1,1,2024-04-14,621.4594925688765,609.7281971004527,11.73129546842381,0
2024-04-15,680.3,693.8,661.5,662.0,-0.75,61927.0,41866871.1,-1,2024-04-15,629.5675940551013,615.2304921425102,14.337101912591038,0
2024-04-16,648.8,671.7,648.8,667.1,0.77,22789.0,15152179.9,1,2024-04-16,637.0740752440811,620.6904403380354,16.3836349060457,0
2024-04-18,653.8,668.1,645.0,646.0,-3.16,24039.0,15705295.5,-1,2024-04-18,638.8592601952649,623.354604512979,15.504655682285943,0
2024-04-21,646.0,710.0,636.0,700.7,8.47,29201.0,19212302.0,1,2024-04-21,651.2274081562119,631.4962250905602,19.73118306565175,0
2024-04-22,686.7,686.7,640.0,650.0,-7.24,51723.0,34120622.0,-1,2024-04-22,650.9819265249696,633.4439908705012,17.537935654468356,0
2024-04-24,637.0,657.0,637.0,648.0,-0.31,12784.0,8258811.2,-1,2024-04-24,650.3855412199757,634.9762023578169,15.409338862158847,0
2024-04-25,640.0,650.0,630.0,635.0,-2.01,9898.0,6319485.0,-1,2024-04-25,647.3084329759806,634.9787073727836,12.329725603197062,0
2024-04-28,622.3,656.0,622.3,646.2,1.76,13774.0,8907038.3,1,2024-04-28,647.0867463807846,636.1598960703853,10.926850310399232,0
2024-04-29,633.3,653.0,633.3,646.7,0.08,4456.0,2880494.2,1,2024-04-29,647.0093971046277,637.2693806945554,9.740016410072371,0
2024-04-30,640.0,671.0,640.0,660.0,2.06,19313.0,12737895.1,1,2024-04-30,649.6075176837022,639.6620774635496,9.94544022015259,0
2024-05-02,671.0,687.0,661.0,676.0,2.42,43971.0,29777758.5,1,2024-05-02,654.8860141469619,643.4871219410707,11.39889220589123,0
2024-05-05,662.5,692.0,657.0,657.0,-2.81,41136.0,27578520.0,-1,2024-05-05,655.3088113175695,644.9095301578001,10.39928115976943,0
2024-05-06,650.0,665.0,650.0,652.6,-0.67,17275.0,11364987.5,-1,2024-05-06,654.7670490540556,645.7190532990843,9.047995754971339,0
2024-05-07,660.0,670.0,650.0,659.0,0.98,16803.0,11066881.8,1,2024-05-07,655.6136392432445,647.1170476886543,8.496591554590168,0
2024-05-08,660.0,677.3,652.1,667.0,1.21,34568.0,23056957.5,1,2024-05-08,657.8909113945956,649.209990037217,8.680921357378566,0
2024-05-09,678.0,678.0,658.3,658.7,-1.24,21829.0,14507006.7,-1,2024-05-09,658.0527291156765,650.208938454352,7.8437906613244195,0
2024-05-12,653.1,653.1,635.0,639.8,-2.87,29477.0,18880568.2,-1,2024-05-12,654.4021832925413,649.113260722315,5.288922570226305,0
2024-05-13,650.0,650.0,631.0,636.2,-0.56,7864.0,5018783.2,-1,2024-05-13,650.7617466340331,647.7539701199661,3.007776514067018,0
2024-05-14,648.9,668.9,638.0,656.0,3.11,22375.0,14699710.6,1,2024-05-14,651.8093973072265,648.6219732652329,3.1874240419936086,0
2024-05-15,669.1,669.1,641.0,649.7,-0.96,26267.0,17163296.4,-1,2024-05-15,651.3875178457813,648.7354497636295,2.6520680821518,0
2024-05-16,640.2,695.0,640.2,676.0,4.05,72649.0,49039252.6,1,2024-05-16,656.3100142766251,651.6054024200895,4.704611856535621,0
2024-05-19,689.5,689.5,670.0,674.0,-0.3,36211.0,24614157.7,-1,2024-05-19,659.8480114213,653.9627284811327,5.885282940167372,0
2024-05-20,687.4,699.7,675.0,675.2,0.18,54158.0,37076898.6,1,2024-05-20,662.91840913704,656.1982307462765,6.720178390763522,0
2024-05-21,675.0,685.0,670.0,684.0,1.3,16707.0,11341519.9,1,2024-05-21,667.1347273096321,659.1247327729843,8.00999453664781,0
2024-05-22,697.6,697.6,671.0,672.9,-1.62,23638.0,15983255.9,-1,2024-05-22,668.2877818477058,660.5747609021438,7.713020945561993,0
2024-05-26,686.3,686.3,660.8,665.7,-1.07,23864.0,15911921.6,-1,2024-05-26,667.7702254781647,661.1142597545497,6.6559657236149405,0
2024-05-27,679.0,679.0,661.2,665.0,-0.11,19604.0,13113932.0,-1,2024-05-27,667.2161803825318,661.5232850435445,5.692895338987228,0
2024-05-29,678.0,678.0,655.1,660.0,-0.75,13834.0,9208177.1,-1,2024-05-29,665.7729443060255,661.3629392494872,4.410005056538239,0
2024-05-30,673.2,673.2,640.2,650.0,-1.52,14256.0,9237126.9,-1,2024-05-30,662.6183554448204,660.1668403811202,2.4515150637001852,0
2024-06-02,640.0,654.8,640.0,643.0,-1.08,14852.0,9621921.6,-1,2024-06-02,658.6946843558563,658.3598045515287,0.33487980432767017,0
2024-06-03,631.0,668.5,631.0,664.9,3.41,16916.0,11043404.9,1,2024-06-03,659.9357474846851,659.0482461776836,0.8875013070014575,0
2024-06-04,678.1,678.1,656.0,663.1,-0.27,16667.0,11096798.0,-1,2024-06-04,660.568597987748,659.4747465800326,1.0938514077154196,0
2024-06-05,676.3,676.3,652.2,667.8,0.71,12155.0,8044814.1,1,2024-06-05,662.0148783901984,660.3510890452924,1.6637893449060357,0
2024-06-06,665.0,679.0,660.9,666.0,-0.27,28298.0,18978308.9,-1,2024-06-06,662.8119027121588,660.9457112510511,1.8661914611077464,0
2024-06-09,674.9,680.0,660.1,665.0,-0.15,23366.0,15713375.0,-1,2024-06-09,663.2495221697271,661.3724784877826,1.8770436819445422,0
2024-06-10,678.3,678.3,653.0,657.6,-1.11,10157.0,6707130.4,-1,2024-06-10,662.1196177357817,660.9753754890686,1.1442422467131337,0
2024-06-11,670.7,670.7,659.0,663.8,0.94,13470.0,8944050.8,1,2024-06-11,662.4556941886254,661.2727043849561,1.1829898036693294,0
2024-06-12,673.0,684.4,662.1,677.9,2.12,22954.0,15465057.1,1,2024-06-12,665.5445553509004,663.0229460286449,2.521609322255472,0
2024-06-13,691.4,691.4,664.1,664.1,-2.04,20917.0,13992930.5,-1,2024-06-13,665.2556442807204,663.1363201308928,2.1193241498275484,0
2024-06-16,677.3,677.3,656.7,658.0,-0.92,12247.0,8110687.3,-1,2024-06-16,663.8045154245764,662.5956548539568,1.2088605706195494,0
2024-06-18,658.0,669.0,650.0,651.9,-0.93,8311.0,5426934.6,-1,2024-06-18,661.4236123396611,661.4697964482771,-0.04618410861598932,-1
2024-06-19,650.0,663.9,643.0,649.9,-0.31,12353.0,8005125.5,-1,2024-06-19,659.1188898717289,660.2519231379322,-1.133033266203256,0
2024-06-20,645.2,650.0,642.0,645.0,-0.75,11106.0,7191918.9,-1,2024-06-20,656.2951118973832,658.6464575444656,-2.3513456470824394,0
2024-06-23,642.0,645.0,635.1,637.0,-1.24,10785.0,6900962.2,-1,2024-06-23,652.4360895179066,656.3678830661008,-3.931793548194264,0
2024-06-24,634.0,655.0,634.0,645.0,1.26,10802.0,6976872.2,1,2024-06-24,650.9488716143253,655.1712637959849,-4.222392181659643,0
2024-06-25,638.0,652.0,638.0,648.0,0.47,10085.0,6514231.0,1,2024-06-25,650.3590972914603,654.4163939227234,-4.057296631263057,0
2024-06-26,641.0,655.0,639.0,649.0,0.15,20090.0,12987591.6,1,2024-06-26,650.0872778331684,653.8462471940156,-3.7589693608472317,0
2024-06-27,637.5,649.5,632.0,644.9,-0.63,15015.0,9619638.0,-1,2024-06-27,649.0498222665348,652.9045369630666,-3.8547146965318007,0
2024-06-30,635.0,640.0,625.1,630.0,-2.31,9571.0,6034241.6,-1,2024-06-30,645.2398578132278,650.4935330722174,-5.253675258989574,0
2024-07-01,639.9,640.0,624.0,630.0,0.0,12373.0,7871760.9,0,2024-07-01,642.1918862505822,648.3363190646155,-6.14443281403328,0
2024-07-02,642.6,668.1,636.3,644.0,2.22,20874.0,13437344.6,1,2024-07-02,642.5535090004657,647.8798644262349,-5.326355425769179,0
2024-07-03,656.8,656.8,632.0,638.9,-0.79,4343.0,2763320.9,-1,2024-07-03,641.8228072003726,646.9346155392628,-5.111808338890228,0
2024-07-04,639.0,655.9,639.0,647.9,1.41,7515.0,4850055.3,1,2024-07-04,643.0382457602982,647.0362349561826,-3.997989195884429,0
2024-07-07,640.0,651.9,640.0,649.0,0.17,12407.0,8024772.7,1,2024-07-07,644.2305966082386,647.2429470660582,-3.0123504578195934,0
2024-07-08,661.9,661.9,645.1,649.0,0.0,12227.0,7919330.5,0,2024-07-08,645.1844772865909,647.427900006473,-2.243422719882119,0
2024-07-09,650.0,686.5,643.0,679.0,4.62,43029.0,28668252.7,1,2024-07-09,651.9475818292728,650.7512789531601,1.1963028761127816,1
2024-07-10,692.5,738.0,684.1,732.0,7.81,98419.0,70881280.5,1,2024-07-10,667.9580654634183,659.303775905459,8.65428955795926,0
2024-07-11,746.6,746.6,710.5,724.0,-1.09,41357.0,29935879.4,-1,2024-07-11,679.1664523707348,666.113904757516,13.052547613218735,0
2024-07-14,738.0,738.0,709.0,720.9,-0.43,31877.0,22979412.4,-1,2024-07-14,687.5131618965879,671.8808621514617,15.63229974512626,0
2024-07-15,734.0,734.0,702.2,705.0,-2.21,29310.0,20840406.1,-1,2024-07-15,691.0105295172704,675.3670871881499,15.64344232912049,0
2024-07-16,708.0,731.9,704.1,731.0,3.69,24260.0,17444400.6,1,2024-07-16,699.0084236138164,681.2231832736078,17.78524034020859,0
2024-07-17,733.0,760.0,733.0,759.0,3.83,56838.0,42459568.4,1,2024-07-17,711.0067388910531,689.4102166132279,21.596522277825215,0
2024-07-18,770.0,800.0,760.2,790.0,4.08,68643.0,54051516.5,1,2024-07-18,726.8053911128426,699.9986148644671,26.806776248375513,0
2024-07-21,790.0,809.9,775.0,802.0,1.52,38152.0,30350497.6,1,2024-07-21,741.8443128902741,710.7356027734705,31.108710116803536,0
2024-07-22,802.0,805.0,778.0,788.0,-1.75,52795.0,41510399.2,-1,2024-07-22,751.0754503122193,718.8686972183683,32.206753093851034,0
2024-07-23,777.0,805.0,775.0,804.0,2.03,37906.0,30215341.1,1,2024-07-23,761.6603602497755,727.8298869848559,33.83047326491965,0
2024-07-24,820.0,820.0,772.0,775.0,-3.61,50263.0,39640363.3,-1,2024-07-24,764.3282881998205,732.7951620390816,31.533126160738902,0
2024-07-25,775.0,848.0,774.0,846.0,9.16,107545.0,88119136.3,1,2024-07-25,780.6626305598564,744.7114607718098,35.95116978804663,0
2024-07-28,850.0,862.9,815.0,837.0,-1.06,59759.0,49855832.7,-1,2024-07-28,791.9301044478851,754.4260438484614,37.504060599423724,0
2024-07-29,820.3,847.0,801.0,802.0,-4.18,68602.0,55856962.0,-1,2024-07-29,793.9440835583081,759.4338287065182,34.51025485178991,0
2024-07-30,802.1,812.7,782.2,804.8,0.35,46997.0,37465892.7,1,2024-07-30,796.1152668466466,764.2092151584636,31.90605168818297,0
2024-07-31,805.0,822.0,800.0,812.0,0.89,39658.0,32307860.6,1,2024-07-31,799.2922134773173,769.2398240891517,30.05238938816558,0
2024-08-01,815.0,832.3,802.0,802.0,-1.23,50458.0,41327280.1,-1,2024-08-01,799.8337707818539,772.6882636587147,27.14550712313917,0
2024-08-05,805.0,818.0,786.0,794.0,-1.0,33548.0,26703050.1,-1,2024-08-05,798.6670166254833,774.9316043262185,23.735412299264794,0
2024-08-06,795.0,816.0,765.0,765.1,-3.64,40210.0,31677813.5,-1,2024-08-06,791.9536133003867,773.8966986076692,18.05691469271744,0
2024-08-07,770.0,787.0,760.0,785.0,2.6,30662.0,23922512.2,1,2024-08-07,790.5628906403094,775.0654671752831,15.497423465026372,0
2024-08-08,798.0,800.0,778.0,782.0,-0.38,28742.0,22566411.8,-1,2024-08-08,788.8503125122476,775.7954179989374,13.05489451331016,0
2024-08-11,790.0,860.0,790.0,860.0,9.97,127719.0,107417058.8,1,2024-08-11,803.0802500097981,784.6590582095755,18.421191800222573,0
2024-08-12,877.2,907.0,869.0,869.0,1.05,62204.0,54766200.2,1,2024-08-12,816.2642000078386,793.5370520822518,22.72714792558679,0
2024-08-13,875.0,886.0,850.0,860.0,-1.04,38636.0,33324833.7,-1,2024-08-13,825.0113600062709,800.5331518630674,24.478208143203574,0
2024-08-14,868.0,868.0,830.0,854.0,-0.7,46902.0,39594661.9,-1,2024-08-14,830.8090880050167,806.1612411406393,24.64784686437747,0
2024-08-15,870.0,871.0,850.2,850.3,-0.43,45972.0,39416345.5,-1,2024-08-15,834.7072704040133,810.8074262837299,23.899844120283433,0
2024-08-18,850.0,905.0,842.0,850.0,-0.04,69890.0,60687141.0,-1,2024-08-18,837.7658163232107,814.9329603591268,22.832855964083933,0
2024-08-21,852.0,865.0,845.0,845.1,-0.58,22987.0,19594944.8,-1,2024-08-21,839.2326530585686,818.1084382160609,21.12421484250774,0
2024-08-22,835.5,855.0,835.0,839.1,-0.71,38635.0,32600378.9,-1,2024-08-22,839.206122446855,820.3180762985809,18.888046148274157,0
2024-08-25,830.0,900.0,822.5,849.0,1.18,75884.0,64801286.7,1,2024-08-25,841.1648979574841,823.3372261618881,17.82767179559596,0
2024-08-27,842.3,864.0,808.0,824.0,-2.94,37937.0,31762579.4,-1,2024-08-27,837.7319183659872,823.4069918290578,14.32492653692941,0
2024-08-28,839.9,846.0,809.4,810.1,-1.69,28069.0,23119096.2,-1,2024-08-28,832.2055346927898,822.0062558470518,10.199278845738036,0
2024-08-29,798.0,821.0,795.0,807.0,-0.38,26509.0,21386490.1,-1,2024-08-29,827.1644277542318,820.4266499684147,6.737777785817116,0
2024-09-01,791.0,815.0,785.0,785.5,-2.66,20551.0,16392067.9,-1,2024-09-01,818.8315422033855,816.7501604980553,2.081381705330273,0
2024-09-02,795.0,809.0,781.0,806.0,2.61,14556.0,11611001.8,1,2024-09-02,816.2652337627085,815.6185646561547,0.6466691065537589,0
2024-09-03,818.0,818.0,791.0,808.0,0.25,14938.0,12004657.9,1,2024-09-03,814.6121870101668,814.8166104818226,-0.20442347165578667,-1
2024-09-04,792.9,820.0,778.0,778.5,-3.65,24678.0,19598642.2,-1,2024-09-04,807.3897496081336,810.9938093784729,-3.6040597703392905,0
2024-09-05,766.0,798.0,766.0,780.1,0.21,19790.0,15449651.2,1,2024-09-05,801.9317996865069,807.7418294438968,-5.810029757389884,0
2024-09-08,794.0,807.0,771.0,785.0,0.63,19730.0,15713129.1,1,2024-09-08,798.5454397492056,805.3479526603287,-6.802512911123131,0
2024-09-09,785.0,792.5,764.5,765.2,-2.52,18884.0,14611688.3,-1,2024-09-09,791.8763517993646,801.1218523802941,-9.245500580929502,0
2024-09-10,765.2,780.0,755.0,755.0,-1.33,15031.0,11488353.1,-1,2024-09-10,784.5010814394917,796.2669205507895,-11.765839111297737,0
2024-09-11,755.0,770.0,748.0,753.0,-0.26,12469.0,9432580.6,-1,2024-09-11,778.2008651515935,791.7125078612327,-13.511642709639204,0
2024-09-12,768.0,768.0,741.0,764.0,1.46,12088.0,9117511.5,1,2024-09-12,775.3606921212747,788.7954017705766,-13.434709649301908,0
2024-09-15,764.0,771.0,740.0,750.0,-1.83,12797.0,9644430.8,-1,2024-09-15,770.2885536970198,784.7116752684107,-14.42312157139088,0
2024-09-16,765.0,765.0,725.0,728.0,-2.93,9566.0,7005358.3,-1,2024-09-16,761.8308429576159,778.742025240157,-16.911182282541063,0
2024-09-18,714.2,732.0,714.2,719.0,-1.24,8828.0,6376345.7,-1,2024-09-18,753.2646743660928,772.453391004351,-19.188716638258256,0
2024-09-22,733.3,760.0,705.5,716.0,-0.42,9421.0,6721188.0,-1,2024-09-22,745.8117394928743,766.5109287933667,-20.699189300492435,0
2024-09-23,705.0,710.1,681.5,690.0,-3.63,16675.0,11551724.6,-1,2024-09-23,734.6493915942995,758.4571468151177,-23.807755220818194,0
2024-09-24,695.0,695.0,667.0,674.0,-2.32,10362.0,7026818.7,-1,2024-09-24,722.5195132754395,749.5669208345789,-27.0474075591394,0
2024-09-25,665.1,684.0,661.0,680.0,0.89,6069.0,4103863.1,1,2024-09-25,714.0156106203516,742.244087062518,-28.228476442166425,0
2024-09-26,670.0,691.0,665.0,670.0,-1.47,6321.0,4255834.2,-1,2024-09-26,705.2124884962813,734.639446319095,-29.426957822813733,0
2024-09-29,657.0,675.0,657.0,666.0,-0.6,3759.0,2502301.0,-1,2024-09-29,697.369990797025,727.4142414434009,-30.044250646375872,0
2024-09-30,653.0,688.0,653.0,687.0,3.15,6534.0,4447016.3,1,2024-09-30,695.29599263762,723.1601107651481,-27.864118127528172,0
2024-10-01,695.0,729.0,684.2,728.0,5.97,8517.0,6073565.3,1,2024-10-01,701.836794110096,723.6695727898694,-21.83277867977347,0
2024-10-02,742.5,742.5,707.0,707.0,-2.88,11487.0,8248418.4,-1,2024-10-02,702.8694352880768,721.9148809172516,-19.045445629174765,0
2024-10-06,695.1,729.9,695.1,728.0,2.97,2681.0,1928931.3,1,2024-10-06,707.8955482304615,722.5554197680673,-14.659871537605795,0
2024-10-07,735.0,746.7,720.0,736.8,1.21,10140.0,7449428.0,1,2024-10-07,713.6764385843692,724.0548492661654,-10.378410681796254,0
2024-10-08,725.0,745.0,722.5,745.0,1.11,5940.0,4346969.4,1,2024-10-08,719.9411508674954,726.2596019749901,-6.318451107494752,0
2024-10-09,730.1,743.0,720.5,735.0,-1.34,5086.0,3722473.5,-1,2024-10-09,722.9529206939964,727.1796438723595,-4.226723178363159,0
2024-10-15,720.3,740.0,705.9,739.9,0.67,1570.0,1154274.0,1,2024-10-15,726.3423365551971,728.5186287279006,-2.1762921727034836,0
2024-10-16,730.0,755.0,727.0,752.9,1.76,4826.0,3625348.1,1,2024-10-16,731.6538692441577,731.0850888618057,0.5687803823519744,1
2024-10-17,753.0,767.0,742.0,752.9,0.0,7467.0,5646442.2,0,2024-10-17,735.9030953953262,733.3813952974051,2.521700097921098,0
2024-10-20,737.9,745.0,730.3,731.0,-2.91,7748.0,5692407.6,-1,2024-10-20,734.922476316261,733.1307221082045,1.7917542080565454,0
2024-10-21,721.1,725.0,704.0,708.0,-3.15,8319.0,5915861.8,-1,2024-10-21,729.5379810530089,730.4853829389198,-0.9474018859108355,-1
2024-10-22,700.0,722.0,700.0,713.0,0.71,3059.0,2170350.0,1,2024-10-22,726.2303848424071,728.6448163137703,-2.414431471363173,0
2024-10-23,700.0,728.0,700.0,712.0,-0.14,3945.0,2803710.4,-1,2024-10-23,723.3843078739258,726.892730386005,-3.508422512079278,0
2024-10-24,701.3,718.9,700.0,703.5,-1.19,4434.0,3113016.2,-1,2024-10-24,719.4074462991407,724.4303377137941,-5.0228914146533725,0
2024-10-27,700.0,705.0,698.5,700.0,-0.5,4348.0,3049130.9,-1,2024-10-27,715.5259570393126,721.8587232176053,-6.3327661782926725,0
2024-10-28,696.1,735.0,696.1,728.0,4.0,4159.0,2961990.8,1,2024-10-28,718.0207656314501,722.5051734052258,-4.484407773775729,0
2024-10-29,728.0,738.8,714.0,732.0,0.55,4295.0,3133091.9,1,2024-10-29,720.81661250516,723.5046288362547,-2.6880163310946728,0
2024-10-30,738.0,740.0,722.9,725.0,-0.96,4902.0,3580854.9,-1,2024-10-30,721.653290004128,723.6620363271752,-2.0087463230471485,0
2024-11-05,725.1,729.9,715.0,721.0,-0.55,2320.0,1667331.0,-1,2024-11-05,721.5226320033025,723.3818219769462,-1.8591899736436517,0
2024-11-06,720.0,730.0,711.3,727.0,0.83,1902.0,1374617.1,1,2024-11-06,722.618105602642,723.7626828214782,-1.1445772188361616,0
2024-11-10,741.0,741.0,711.7,738.0,1.51,10646.0,7758775.3,1,2024-11-10,725.6944844821137,725.2613477876384,0.4331366944752517,1
2024-11-11,743.9,775.0,742.0,753.0,2.03,30903.0,23478271.1,1,2024-11-11,731.155587585691,728.1812059152555,2.9743816704354913,0
2024-11-12,756.0,771.0,752.6,752.6,-0.05,6455.0,4907216.7,-1,2024-11-12,735.4444700685528,730.751605292597,4.692864775955854,0
2024-11-13,746.0,755.0,746.0,748.6,-0.53,3605.0,2703387.3,-1,2024-11-13,738.0755760548424,732.6303836828499,5.445192371992448,0
2024-11-14,735.0,752.0,735.0,741.0,-1.02,11692.0,8709766.7,-1,2024-11-14,738.6604608438739,733.5113959267604,5.149064917113492,0
2024-11-17,745.0,765.0,741.0,757.4,2.21,11210.0,8467587.2,1,2024-11-17,742.4083686750992,736.0259858292067,6.382382845892494,0
2024-11-19,750.0,766.0,732.1,733.1,-3.21,7355.0,5478298.2,-1,2024-11-19,740.5466949400793,735.717987320869,4.828707619210263,0
2024-11-20,730.1,733.9,727.0,732.0,-0.15,8828.0,6453292.9,-1,2024-11-20,738.8373559520635,735.3266202344618,3.510735717601733,0
2024-11-21,720.0,744.0,712.0,713.2,-2.57,14923.0,10786991.8,-1,2024-11-21,733.7098847616508,732.9975023150447,0.7123824466060569,0
2024-11-24,709.0,717.0,705.0,705.0,-1.15,4473.0,3177353.1,-1,2024-11-24,727.9679078093206,730.0503968081979,-2.0824889988772384,-1
2024-11-25,705.0,711.0,701.0,706.3,0.18,4576.0,3233828.9,1,2024-11-25,723.6343262474566,727.5503550389138,-3.916028791457279,0
2024-11-26,700.0,728.6,700.0,727.0,2.93,5984.0,4306208.9,1,2024-11-26,724.3074609979652,727.4924229295544,-3.184961931589214,0
2024-11-27,712.5,744.0,712.5,728.0,0.14,6695.0,4874587.5,1,2024-11-27,725.0459687983722,727.5458520948645,-2.4998832964922713,0
2024-11-28,728.0,739.9,713.0,714.0,-1.92,8610.0,6187817.4,-1,2024-11-28,722.8367750386979,726.119972926984,-3.2831978882861677,0
2024-12-01,700.0,714.0,700.0,713.0,-0.14,5832.0,4142134.0,-1,2024-12-01,720.8694200309583,724.7389231451963,-3.8695031142380003,0
2024-12-02,708.0,719.0,708.0,713.1,0.01,7613.0,5437026.2,1,2024-12-02,719.3155360247666,723.5137733404388,-4.198237315672145,0
2024-12-03,704.0,717.0,704.0,716.0,0.41,7175.0,5102554.7,1,2024-12-03,718.6524288198134,722.7228498309189,-4.070421011105509,0
2024-12-04,702.0,721.1,702.0,713.0,-0.42,8331.0,5953675.3,-1,2024-12-04,717.5219430558508,721.6993919539801,-4.177448898129342,0
2024-12-05,705.0,715.0,700.0,702.4,-1.49,8250.0,5815232.7,-1,2024-12-05,714.4975544446806,719.667877011456,-5.170322566775326,0
2024-12-08,702.4,715.0,685.0,686.1,-2.32,9259.0,6408165.4,-1,2024-12-08,708.8180435557446,716.134416273408,-7.316372717663398,0
2024-12-09,680.0,694.0,678.0,678.0,-1.18,5810.0,3979087.2,-1,2024-12-09,702.6544348445957,712.1202671919966,-9.46583234740092,0
2024-12-10,665.0,698.1,665.0,678.3,0.04,4048.0,2764322.4,1,2024-12-10,697.7835478756765,708.5602390665233,-10.776691190846805,0
2024-12-11,679.0,689.0,678.3,683.0,0.69,4240.0,2888222.3,1,2024-12-11,694.8268383005412,705.8696875858366,-11.042849285295347,0
2024-12-12,683.5,705.0,683.5,690.0,1.02,7264.0,5040848.5,1,2024-12-12,693.861470640433,704.1991941557485,-10.337723515315474,0
2024-12-16,690.0,690.0,671.0,672.0,-2.61,3470.0,2343618.4,-1,2024-12-16,689.4891765123464,700.8098052972487,-11.320628784902283,0
2024-12-17,658.6,675.0,658.6,671.0,-0.15,6587.0,4404559.6,-1,2024-12-17,685.7913412098771,697.671931055433,-11.880589845555846,0
2024-12-18,663.0,684.0,660.0,669.0,-0.3,6728.0,4465500.3,-1,2024-12-18,682.4330729679018,694.653833049598,-12.220760081696199,0
2024-12-19,660.0,678.9,660.0,662.0,-1.05,4975.0,3299122.1,-1,2024-12-19,678.3464583743214,691.2165874654297,-12.87012909110831,0
2024-12-22,670.0,670.0,655.0,656.1,-0.89,3562.0,2348020.6,-1,2024-12-22,673.8971666994572,687.5201045743319,-13.622937874874651,0
2024-12-23,658.0,664.8,651.5,663.0,1.05,3016.0,1988154.1,1,2024-12-23,671.7177333595658,684.9390409349285,-13.22130757536263,0
2024-12-24,660.0,672.0,654.1,667.0,0.6,8117.0,5372211.7,1,2024-12-24,670.7741866876527,683.050720836515,-12.27653414886231,0
2024-12-26,653.7,675.0,653.0,663.0,-0.6,4213.0,2802235.5,-1,2024-12-26,669.2193493501222,680.9401186431976,-11.720769293075364,0
2024-12-29,663.0,683.0,660.0,660.0,-0.45,9198.0,6156070.3,-1,2024-12-29,667.3754794800979,678.7358956281242,-11.360416148026388,0
2024-12-31,673.0,673.0,650.0,653.0,-1.06,5937.0,3886939.8,-1,2024-12-31,664.5003835840783,676.0268539830585,-11.52647039898011,0
2025-01-01,665.9,675.0,650.0,655.0,0.31,3239.0,2127490.0,1,2025-01-01,662.6003068672627,673.8135009322102,-11.213194064947515,0
2025-01-02,641.9,664.9,641.9,655.9,0.14,5649.0,3673579.6,1,2025-01-02,661.2602454938101,671.9278692551354,-10.66762376132533,0
2025-01-05,642.8,651.0,630.0,645.2,-1.63,10842.0,6996862.2,-1,2025-01-05,658.0481963950481,669.1144093335422,-11.066212938494118,0
2025-01-06,643.0,666.0,642.0,661.0,2.45,7638.0,5023366.0,1,2025-01-06,658.6385571160386,668.260260982643,-9.621703866604435,0
2025-01-07,674.0,674.9,651.0,666.0,0.76,2221.0,1475344.6,1,2025-01-07,660.1108456928309,668.0223387739438,-7.911493081112894,0
2025-01-08,679.0,683.0,670.0,675.0,1.35,9565.0,6463575.5,1,2025-01-08,663.0886765542648,668.7568294293181,-5.668152875053352,0
2025-01-09,663.6,678.9,660.0,662.0,-1.93,9732.0,6486475.8,-1,2025-01-09,662.8709412434118,668.045584226232,-5.17464298282016,0
2025-01-12,675.0,690.0,649.0,663.3,0.2,5356.0,3559188.7,1,2025-01-12,662.9567529947294,667.5460490445233,-4.589296049793916,0
2025-01-13,676.0,676.0,653.5,665.0,0.26,7167.0,4725948.4,1,2025-01-13,663.3654023957836,667.2780438819419,-3.91264148615835,0
2025-01-15,660.0,663.0,655.0,658.0,-1.05,3993.0,2626182.0,-1,2025-01-15,662.2923219166269,666.3014076838429,-4.009085767215993,0
2025-01-16,660.0,660.0,640.1,655.0,-0.46,5422.0,3522728.4,-1,2025-01-16,660.8338575333015,665.1117858223857,-4.27792828908423,0
2025-01-19,668.0,679.9,641.9,653.0,-0.31,11555.0,7576823.9,-1,2025-01-19,659.2670860266412,663.8368609989767,-4.569774972335495,0
2025-01-20,650.0,655.0,647.0,649.0,-0.61,4351.0,2827807.8,-1,2025-01-20,657.2136688213129,662.2750861569791,-5.061417335666192,0
2025-01-21,645.0,653.0,645.0,649.8,0.12,3033.0,1960566.2,1,2025-01-21,655.7309350570504,660.9619191930866,-5.230984136036227,0
2025-01-22,649.0,658.9,645.7,655.9,0.94,8294.0,5404630.9,1,2025-01-22,655.7647480456403,660.4290855938143,-4.6643375481739895,0
2025-01-23,657.0,659.9,650.1,653.0,-0.44,6947.0,4540478.1,-1,2025-01-23,655.2117984365123,659.6470765839391,-4.435278147426857,0
2025-01-26,659.9,662.0,647.0,657.6,0.7,10940.0,7159146.2,1,2025-01-26,655.6894387492098,659.4315948382613,-3.742156089051491,0
2025-01-27,650.2,660.0,650.2,658.0,0.06,8854.0,5808186.6,1,2025-01-27,656.1515509993678,659.2809006447601,-3.129349645392267,0
2025-01-28,670.0,670.9,645.1,659.1,0.17,10375.0,6802256.0,1,2025-01-28,656.7412407994943,659.2618584716274,-2.520617672133085,0
2025-02-02,659.0,700.0,658.2,698.5,5.98,18143.0,12366735.2,1,2025-02-02,665.0929926395955,663.3921891588245,1.7008034807710146,1
2025-02-03,699.0,714.0,690.0,695.0,-0.5,19857.0,13980163.7,-1,2025-02-03,671.0743941116765,666.7193271421062,4.355066969570316,0
2025-02-04,690.0,700.0,682.1,697.0,0.29,14503.0,10072510.4,1,2025-02-04,676.2595152893412,669.9067663903055,6.352748899035646,0
2025-02-05,687.0,700.0,686.0,699.8,0.4,17889.0,12424481.4,1,2025-02-05,680.967612231473,673.0534225597471,7.9141896717259215,0
2025-02-06,685.9,718.0,685.9,713.0,1.89,16799.0,11880172.7,1,2025-02-06,687.3740897851785,677.2583254481948,10.115764336983716,0
2025-02-09,700.1,717.9,700.1,709.0,-0.56,9862.0,7018620.8,-1,2025-02-09,691.6992718281429,680.5995543483848,11.099717479758056,0
2025-02-10,700.2,710.0,695.0,697.0,-1.69,8683.0,6093107.6,-1,2025-02-10,692.7594174625143,682.3259170485549,10.43350041395945,0
2025-02-11,691.0,700.0,691.0,697.0,0.0,11646.0,8097680.0,0,2025-02-11,693.6075339700114,683.8705573592333,9.736976610778129,0
2025-02-12,700.0,700.0,690.0,694.0,-0.43,11221.0,7776055.9,-1,2025-02-12,693.6860271760092,684.9368144793141,8.749212696695167,0
2025-02-13,681.1,695.0,681.1,695.0,0.14,7836.0,5391339.8,1,2025-02-13,693.9488217408074,685.996097165702,7.9527245751053215,0
2025-02-16,681.2,705.0,681.2,705.0,1.44,28068.0,19515497.2,1,2025-02-16,696.1590573926459,687.996507990365,8.162549402280888,0
2025-02-17,696.1,744.0,696.1,734.8,4.23,47661.0,34421806.3,1,2025-02-17,703.8872459141168,692.9231913598002,10.96405455431659,0
2025-02-18,747.1,747.1,723.0,730.0,-0.65,28257.0,20519847.0,-1,2025-02-18,709.1097967312934,696.8260133219266,12.283783409366833,0
2025-02-20,744.0,744.0,711.1,716.0,-1.92,12100.0,8674343.3,-1,2025-02-20,710.4878373850348,698.8443277090921,11.64350967594271,0
2025-02-23,701.7,713.0,688.0,705.0,-1.54,14348.0,10077371.5,-1,2025-02-23,709.3902699080279,699.4922932133982,9.897976694629733,0
2025-02-24,700.0,708.0,700.0,701.5,-0.5,16987.0,11977853.0,-1,2025-02-24,707.8122159264224,699.7036307698826,8.108585156539789,0
2025-02-25,700.1,710.0,699.0,701.0,-0.07,9047.0,6378081.3,-1,2025-02-25,706.449772741138,699.8400906888423,6.609682052295625,0
2025-02-27,715.0,739.0,705.0,707.7,0.96,9619.0,6844052.6,1,2025-02-27,706.6998181929105,700.667449563701,6.032368629209486,0
2025-03-02,709.0,725.0,709.0,721.0,1.88,15435.0,11089387.7,1,2025-03-02,709.5598545543285,702.8077180306798,6.752136523648687,0
2025-03-03,725.0,742.0,718.5,723.0,0.28,23459.0,17189911.2,1,2025-03-03,712.2478836434628,704.9332213958713,7.314662247591514,0
2025-03-04,715.0,730.0,707.4,709.0,-1.94,14404.0,10321874.5,-1,2025-03-04,711.5983069147703,705.3613033542007,6.237003560569633,0
2025-03-05,704.0,712.0,703.3,704.6,-0.62,5811.0,4103778.5,-1,2025-03-05,710.1986455318163,705.2811661590217,4.91747937279456,0
2025-03-06,701.1,710.0,700.0,702.9,-0.24,14562.0,10238252.7,-1,2025-03-06,708.7389164254531,705.0305170896511,3.708399335802028,0
2025-03-09,697.0,705.0,690.0,690.0,-1.84,6231.0,4339345.4,-1,2025-03-09,704.9911331403625,703.4483573960036,1.5427757443588916,0
2025-03-10,691.0,695.0,675.0,679.0,-1.59,9167.0,6279408.2,-1,2025-03-10,699.7929065122901,700.8748460911612,-1.081939578871129,-1
2025-03-11,675.0,681.0,666.0,673.0,-0.88,6860.0,4620559.2,-1,2025-03-11,694.4343252098321,697.9406517657759,-3.506326555943815,0
2025-03-12,680.0,680.0,667.0,672.9,-0.01,5015.0,3372793.6,-1,2025-03-12,690.1274601678657,695.3047936851679,-5.177333517302145,0
2025-03-16,662.1,673.0,662.1,664.9,-1.19,10118.0,6743541.0,-1,2025-03-16,685.0819681342927,692.1042890867292,-7.02232095243653,0
2025-03-17,663.1,675.0,660.0,665.0,0.02,5958.0,3965275.8,1,2025-03-17,681.0655745074341,689.2512060249683,-8.185631517534148,0
2025-03-18,665.0,670.0,663.0,665.2,0.03,5096.0,3400475.7,1,2025-03-18,677.8924596059474,686.7195001276033,-8.827040521655931,0
2025-03-19,660.4,664.0,660.0,662.9,-0.35,3202.0,2117749.1,-1,2025-03-19,674.893967684758,684.2121843246977,-9.318216639939692,0
2025-03-20,649.7,675.0,649.7,655.22,-1.16,5163.0,3391997.8,-1,2025-03-20,670.9591741478064,681.1603754484137,-10.201201300607295,0
2025-03-23,655.0,660.0,649.0,650.73,-0.69,6157.0,4015362.5,-1,2025-03-23,666.9133393182451,677.9571780327911,-11.043838714546041,0
2025-03-24,645.0,665.0,645.0,654.07,0.51,2970.0,1948498.4,1,2025-03-24,664.3446714545962,675.4427382398658,-11.098066785269566,0
2025-03-25,653.0,653.0,635.0,637.24,-2.57,8670.0,5575969.6,-1,2025-03-25,658.923737163677,671.4213973725116,-12.497660208834645,0
2025-03-26,637.0,648.0,635.0,644.57,1.15,2855.0,1838936.8,1,2025-03-26,656.0529897309416,668.5949344911946,-12.541944760253045,0
2025-03-27,638.1,660.0,638.1,655.9,1.76,5005.0,3270410.8,1,2025-03-27,656.0223917847534,667.2586255973846,-11.236233812631212,0
2025-03-30,655.0,670.0,655.0,661.83,0.9,5064.0,3365640.8,1,2025-03-30,657.1839134278027,666.6871913239756,-9.503277896172904,0
2025-04-01,660.0,673.0,648.9,650.13,-1.77,8063.0,5265826.3,-1,2025-04-01,655.7731307422423,664.9443290793466,-9.171198337104329,0
2025-04-02,641.0,663.1,641.0,653.15,0.46,2845.0,1855702.9,1,2025-04-02,655.2485045937939,663.7028207552048,-8.45431616141093,0
2025-04-03,650.0,663.0,650.0,652.78,-0.06,6919.0,4522660.9,-1,2025-04-03,654.7548036750352,662.5530501493938,-7.798246474358621,0
2025-04-07,650.0,653.0,642.0,643.26,-1.46,6402.0,4122464.8,-1,2025-04-07,652.4558429400282,660.5222027652471,-8.06635982521891,0
2025-04-08,640.0,646.0,636.2,644.93,0.26,3995.0,2555361.5,1,2025-04-08,650.9506743520226,658.8809182636422,-7.930243911619641,0
2025-04-09,645.1,655.0,643.0,644.97,0.01,4885.0,3149623.0,1,2025-04-09,649.7545394816182,657.4166110779956,-7.662071596377473,0
2025-04-10,635.9,647.9,635.2,644.23,-0.11,4651.0,2991449.5,-1,2025-04-10,648.6496315852945,656.028546753996,-7.378915168701496,0
2025-04-13,636.0,647.9,634.0,636.03,-1.27,5520.0,3518830.8,-1,2025-04-13,646.1257052682356,653.9234365693649,-7.797731301129261,0
2025-04-15,630.1,650.0,630.1,633.73,-0.36,8493.0,5416678.9,-1,2025-04-15,643.6465642145885,651.7978116673265,-8.151247452738062,0
2025-04-16,640.0,643.0,635.0,639.15,0.86,6655.0,4246397.5,1,2025-04-16,642.7472513716708,650.4664630707658,-7.719211699095013,0
2025-04-17,651.9,654.0,639.0,646.17,1.1,8746.0,5645590.7,1,2025-04-17,643.4318010973367,650.0142038001588,-6.582402702822151,0
2025-04-20,643.0,648.0,635.1,639.78,-0.99,5380.0,3463814.6,-1,2025-04-20,642.7014408778693,648.9369191896158,-6.235478311746419,0
2025-04-21,635.0,646.0,632.0,635.13,-0.73,5195.0,3304415.3,-1,2025-04-21,641.1871527022954,647.4835592749195,-6.296406572624051,0
2025-04-22,631.4,647.8,631.3,637.55,0.38,4578.0,2925335.0,1,2025-04-22,640.4597221618363,646.4379214565068,-5.978199294670503,0
2025-04-23,633.0,638.0,631.1,633.4,-0.65,3911.0,2478550.3,-1,2025-04-23,639.0477777294691,645.0655086716114,-6.017730942142293,0
2025-04-24,633.0,642.0,630.0,637.48,0.64,5797.0,3679647.4,1,2025-04-24,638.7342221835753,644.2670340745996,-5.5328118910242665,0
2025-04-27,628.0,640.0,628.0,631.18,-0.99,8702.0,5525195.1,-1,2025-04-27,637.2233777468603,642.8894515404311,-5.666073793570831,0
2025-04-28,628.0,634.0,623.1,625.23,-0.94,5438.0,3411386.3,-1,2025-04-28,634.8247021974883,641.0305619045962,-6.2058597071079475,0
2025-04-29,625.0,637.7,620.0,623.97,-0.2,4402.0,2747748.4,-1,2025-04-29,632.6537617579907,639.2347132830598,-6.5809515250691675,0
2025-04-30,630.0,636.4,618.1,619.29,-0.75,6231.0,3878282.0,-1,2025-04-30,629.9810094063926,637.1352697795799,-7.154260373187299,0
2025-05-04,631.6,631.6,619.0,620.0,0.11,5223.0,3243445.5,1,2025-05-04,627.9848075251141,635.331557171203,-7.346749646088938,0
2025-05-05,632.4,632.4,614.3,616.55,-0.56,4927.0,3049254.2,-1,2025-05-05,625.6978460200912,633.3545511531817,-7.6567051330904405,0
2025-05-06,628.8,628.8,606.3,607.9,-1.4,7255.0,4425819.1,-1,2025-05-06,622.138276816073,630.6751247160047,-8.536847899931672,0
2025-05-07,606.3,624.0,606.3,623.05,2.49,5693.0,3509253.4,1,2025-05-07,622.3206214528584,629.8724800090569,-7.551858556198454,0
2025-05-08,623.0,657.0,612.0,625.69,0.42,8385.0,5200819.6,1,2025-05-08,622.9944971622867,629.432218955472,-6.437721793185233,0
2025-05-11,620.0,626.9,615.0,615.91,-1.56,4904.0,3031688.2,-1,2025-05-11,621.5775977298294,628.008827486475,-6.431229756645507,0
2025-05-13,615.0,620.0,608.0,609.55,-1.03,5983.0,3669117.2,-1,2025-05-13,619.1720781838636,626.0657930142145,-6.893714830350859,0
2025-05-14,610.0,618.0,608.0,612.21,0.44,2665.0,1631952.4,1,2025-05-14,617.779662547091,624.6072884864025,-6.827625939311474,0
2025-05-15,610.0,615.0,607.0,610.03,-0.36,4976.0,3032649.8,-1,2025-05-15,616.2297300376728,623.0728370667812,-6.84310702910841,0
2025-05-18,610.0,630.0,608.1,617.33,1.2,7281.0,4503560.1,1,2025-05-18,616.4497840301383,622.4683279018568,-6.018543871718521,0
2025-05-19,618.0,628.9,612.0,618.42,0.18,3498.0,2162194.8,1,2025-05-19,616.8438272241107,622.0421881227139,-5.198360898603255,0
2025-05-20,630.7,630.7,611.0,629.9,1.86,3500.0,2174601.8,1,2025-05-20,619.4550617792886,622.8693262150598,-3.4142644357712015,0
2025-05-21,640.0,652.0,623.2,625.62,-0.68,5044.0,3177514.2,-1,2025-05-21,620.6880494234309,623.1588708240008,-2.470821400569889,0
2025-05-22,626.1,644.0,626.1,639.19,2.17,10938.0,6958317.8,1,2025-05-22,624.3884395387447,624.846358105685,-0.4579185669402932,0
2025-05-25,650.0,665.0,628.6,654.21,2.35,21088.0,13790930.8,1,2025-05-25,630.3527516309958,627.9372677787708,2.4154838522250657,1
2025-05-26,666.9,666.9,638.0,645.42,-1.34,9898.0,6416716.3,-1,2025-05-26,633.3662013047967,629.7775553810054,3.5886459237913186,0
2025-05-27,633.1,647.7,633.1,639.38,-0.94,4902.0,3128857.6,-1,2025-05-27,634.5689610438374,630.7883390251101,3.7806220187272856,0
2025-05-28,630.0,640.0,620.0,630.63,-1.37,10353.0,6519001.4,-1,2025-05-28,633.7811688350699,630.771671759309,3.009497075760919,0
2025-06-02,631.0,640.0,631.0,632.25,0.26,4484.0,2850793.5,1,2025-06-02,633.474935068056,630.9272852583291,2.547649809726863,0
2025-06-03,623.0,631.0,619.1,619.56,-2.01,5373.0,3343679.4,-1,2025-06-03,630.6919480544448,629.7307289153471,0.9612191390976932,0
2025-06-04,611.1,624.0,611.1,616.67,-0.47,3729.0,2304711.2,-1,2025-06-04,627.8875584435559,628.3559153453104,-0.4683569017545324,-1
2025-06-05,611.0,617.9,610.3,611.68,-0.81,5398.0,3304843.0,-1,2025-06-05,624.6460467548447,626.6005558352778,-1.954509080433013,0
2025-06-08,606.0,617.0,606.0,608.82,-0.47,5659.0,3447368.5,-1,2025-06-08,621.4808374038759,624.7289183789328,-3.2480809750569506,0
2025-06-09,606.0,615.0,605.0,611.78,0.49,3239.0,1978254.8,1,2025-06-09,619.5406699231007,623.3658743390451,-3.8252044159444267,0
2025-06-10,612.6,620.0,612.1,617.48,0.93,2510.0,1547077.0,1,2025-06-10,619.1285359384806,622.7463086191457,-3.617772680665098,0
2025-06-11,618.0,627.0,610.0,616.35,-0.18,9538.0,5892980.7,-1,2025-06-11,618.5728287507845,622.073012975025,-3.5001842242404564,0
2025-06-12,610.1,616.5,610.0,611.8,-0.74,6267.0,3841630.8,-1,2025-06-12,617.2182630006276,620.9916431881802,-3.7733801875525614,0
2025-06-15,607.0,620.0,607.0,609.14,-0.43,5944.0,3624199.6,-1,2025-06-15,615.6026104005022,619.7441017999507,-4.141491399448569,0
2025-06-16,621.0,621.0,609.1,612.67,0.58,6706.0,4110394.3,1,2025-06-16,615.0160883204018,618.9994595052191,-3.9833711848173152,0
2025-06-17,612.0,634.0,610.0,617.5,0.79,9247.0,5733896.6,1,2025-06-17,615.5128706563214,618.8416216625644,-3.32875100624301,0
2025-06-18,618.0,629.7,610.0,616.08,-0.23,5337.0,3290013.9,-1,2025-06-18,615.6262965250571,618.5509246454524,-2.924628120395255,0
2025-06-19,610.5,616.0,610.0,611.57,-0.73,6125.0,3754928.8,-1,2025-06-19,614.8150372200457,617.8160904722469,-3.0010532522011317,0
2025-06-22,605.1,616.0,602.0,607.35,-0.69,5981.0,3630260.3,-1,2025-06-22,613.3220297760366,616.7143967383261,-3.3923669622894295,0
2025-06-23,607.0,611.0,604.5,605.7,-0.27,5890.0,3582745.3,-1,2025-06-23,611.7976238208294,615.5549865553444,-3.757362734515027,0
2025-06-24,606.0,616.9,605.0,615.44,1.61,7446.0,4542237.7,1,2025-06-24,612.5260990566635,615.5428827074135,-3.0167836507499715,0
2025-06-25,617.0,617.0,606.0,606.93,-1.38,3665.0,2232647.3,-1,2025-06-25,611.4068792453309,614.6362634750542,-3.229384229723337,0
2025-06-26,607.0,612.5,605.0,605.11,-0.3,3892.0,2361474.0,-1,2025-06-26,610.1475033962647,613.6334988987327,-3.485995502467972,0
2025-06-29,605.2,622.0,605.0,617.56,2.06,6973.0,4293933.8,1,2025-06-29,611.6300027170118,614.0468148041292,-2.416812087117364,0
2025-06-30,620.0,621.4,612.0,614.7,-0.46,5095.0,3134984.7,-1,2025-06-30,612.2440021736095,614.1155711405366,-1.871568966927157,0
2025-07-01,610.1,632.4,610.1,628.64,2.27,7504.0,4677028.4,1,2025-07-01,615.5232017388876,615.6444583889013,-0.12125665001371999,0
2025-07-02,622.0,637.0,622.0,629.04,0.06,10050.0,6333373.9,1,2025-07-02,618.2265613911101,617.0545154005958,1.1720459905142206,1
2025-07-03,625.09,631.0,618.3,625.45,-0.57,14136.0,8811109.0,-1,2025-07-03,619.6712491128881,617.9382506215858,1.7329984913022827,0
2025-07-06,615.6,630.0,615.6,623.48,-0.31,7657.0,4784406.3,-1,2025-07-06,620.4329992903105,618.5215926614189,1.911406628891541,0
2025-07-07,611.2,629.0,611.2,618.58,-0.79,3519.0,2183354.3,-1,2025-07-07,620.0623994322484,618.5277408023222,1.5346586299261844,0
2025-07-08,611.1,622.0,611.1,616.12,-0.4,12702.0,7827354.1,-1,2025-07-08,619.2739195457988,618.2742944020778,0.9996251437210049,0
2025-07-09,620.0,625.0,614.0,623.8,1.25,5197.0,3221899.3,1,2025-07-09,620.1791356366391,618.8559476229117,1.3231880137274175,0
2025-07-10,625.0,638.0,625.0,636.3,2.0,11612.0,7358331.1,1,2025-07-10,623.4033085093113,620.6921636626051,2.7111448467061336,0
2025-07-13,649.0,666.8,640.0,662.43,4.11,29823.0,19681997.7,1,2025-07-13,631.208646807449,625.085620119173,6.123026688276013,0
2025-07-14,669.0,670.0,643.9,646.23,-2.45,8178.0,5362791.5,-1,2025-07-14,634.2129174459592,627.3113443171547,6.9015731288044435,0
2025-07-15,659.1,665.0,637.0,663.85,2.73,9781.0,6408235.5,1,2025-07-15,640.1403339567673,631.1575185995596,8.982815357207755,0
2025-07-16,675.0,690.0,670.0,684.2,3.07,16979.0,11524067.4,1,2025-07-16,648.9522671654139,636.7409376943428,12.211329471071053,0
2025-07-17,684.2,700.0,680.0,694.53,1.51,31488.0,21767471.4,1,2025-07-17,658.0678137323312,642.823996884412,15.243816847919106,0
2025-07-20,700.0,707.0,687.6,691.33,-0.46,35543.0,24846055.6,-1,2025-07-20,664.720250985865,647.9298919492107,16.79035903665431,0
2025-07-21,678.0,707.7,678.0,699.8,1.23,27540.0,19266820.5,1,2025-07-21,671.7362007886921,653.3899033229781,18.346297465714088,0
2025-07-22,706.0,759.7,701.1,754.36,7.8,72039.0,53571677.3,1,2025-07-22,688.2609606309538,664.0183345521382,24.242626078815647,0
2025-07-23,750.0,764.0,730.0,742.31,-1.6,36706.0,27263589.6,-1,2025-07-23,699.0707685047631,672.2595624940184,26.81120601074474,0
2025-07-24,742.0,755.0,725.0,731.71,-1.43,23152.0,17002674.8,-1,2025-07-24,705.5986148038105,678.5175032841217,27.08111151968876,0
2025-07-27,735.0,745.9,717.1,722.96,-1.2,30845.0,22612929.7,-1,2025-07-27,709.0708918430485,683.1956608331616,25.875231009886875,0
2025-07-28,711.0,729.8,711.0,724.48,0.21,23855.0,17120090.5,1,2025-07-28,712.1527134744388,687.5413807454604,24.61133272897837,0
2025-07-29,734.0,754.8,726.0,742.82,2.53,40901.0,30485003.5,1,2025-07-29,718.286170779551,693.360182772254,24.92598800729695,0
2025-07-30,742.0,754.0,706.2,711.64,-4.2,48483.0,35428070.8,-1,2025-07-30,716.9569366236408,695.2843740593852,21.6725625642556,0
2025-07-31,700.0,728.2,700.0,707.35,-0.6,21567.0,15417797.7,-1,2025-07-31,715.0355492989127,696.5544399478711,18.481109351041596,0
2025-08-03,696.0,710.0,688.0,690.22,-2.42,19545.0,13631278.2,-1,2025-08-03,710.0724394391301,695.8876567954636,14.184782643666495,0
2025-08-04,678.2,700.0,678.2,683.14,-1.03,12029.0,8262503.4,-1,2025-08-04,704.6859515513041,694.5457981854148,10.140153365889319,0
2025-08-05,680.0,708.5,680.0,695.66,1.83,23308.0,16265375.7,1,2025-08-05,702.8807612410433,694.6630825869502,8.217678654093106,0
2025-08-06,685.0,709.5,685.0,702.98,1.05,9805.0,6881656.1,1,2025-08-06,702.9006089928347,695.5385475777975,7.362061415037147,0
2025-08-07,717.0,717.0,700.7,701.9,-0.15,17030.0,12035363.2,-1,2025-08-07,702.7004871942678,696.2081741485557,6.492313045712081,0
2025-08-11,702.0,714.9,680.0,683.3,-2.65,13638.0,9445518.0,-1,2025-08-11,698.8203897554142,694.8494189750236,3.970970780390644,0
2025-08-12,680.0,688.0,669.8,670.32,-1.9,13904.0,9368371.6,-1,2025-08-12,693.1203118043313,692.2673748723896,0.8529369319417128,0
2025-08-13,658.0,683.7,658.0,668.84,-0.22,7767.0,5222080.5,-1,2025-08-13,688.2642494434651,689.8013354121381,-1.5370859686729546,-1
2025-08-14,656.1,683.0,656.1,664.11,-0.71,12660.0,8465142.5,-1,2025-08-14,683.4333995547721,687.0969843161236,-3.6635847613514443,0
2025-08-17,658.0,662.0,640.8,642.03,-3.32,18467.0,12009599.8,-1,2025-08-17,675.1527196438178,682.3530912302158,-7.200371586397978,0
2025-08-18,645.0,648.8,636.0,641.47,-0.09,3900.0,2502706.3,-1,2025-08-18,668.4161757150542,678.0496079428247,-9.633432227770413,0
2025-08-19,637.1,649.9,636.4,639.39,-0.32,8806.0,5638588.8,-1,2025-08-19,662.6109405720434,673.9801755277904,-11.369234955746947,0
2025-08-20,632.2,640.0,625.1,626.89,-1.95,8503.0,5374159.0,-1,2025-08-20,655.4667524576348,669.0233149459177,-13.556562488282907,0
2025-08-21,625.0,635.0,616.0,617.3,-1.53,9213.0,5713365.0,-1,2025-08-21,647.8334019661079,663.5787554779264,-15.745353511818507,0
2025-08-24,610.8,625.0,610.8,622.72,0.88,7953.0,4943827.2,1,2025-08-24,642.8107215728863,659.277833848671,-16.467112275784643,0
2025-08-25,635.0,639.0,604.9,616.17,-1.05,32512.0,19939126.6,-1,2025-08-25,637.4825772583091,654.7401671277582,-17.257589869449134,0
2025-08-26,612.0,615.0,611.0,613.72,-0.4,8517.0,5220016.2,-1,2025-08-26,632.7300618066473,650.4222547985205,-17.692192991873185,0
2025-08-27,609.1,624.7,609.1,620.95,1.18,13820.0,8540981.9,1,2025-08-27,630.374049445318,647.3199121881498,-16.945862742831878,0
2025-08-28,620.0,625.8,612.1,614.2,-1.09,6918.0,4261585.6,-1,2025-08-28,627.1392395562544,643.8336056420287,-16.694366085774277,0
2025-08-31,609.1,615.0,604.5,606.08,-1.32,9050.0,5503350.1,-1,2025-08-31,622.9273916450036,639.8595418902362,-16.932150245232606,0
2025-09-01,607.1,609.0,602.0,607.14,0.17,7228.0,4375951.0,1,2025-09-01,619.7699133160029,636.4153795860008,-16.645466269997883,0
2025-09-02,601.1,610.0,601.1,603.28,-0.64,6260.0,3787215.6,-1,2025-09-02,616.4719306528023,632.9274448927375,-16.45551423993527,0
2025-09-03,600.0,604.0,585.0,587.23,-2.66,23884.0,14192220.4,-1,2025-09-03,610.6235445222418,628.1171875356072,-17.493643013365386,0
2025-09-04,577.0,593.6,577.0,580.3,-1.18,13612.0,7916574.1,-1,2025-09-04,604.5588356177934,623.0837993739643,-18.524963756170905,0
2025-09-07,580.5,586.0,576.0,576.51,-0.65,5719.0,3310693.2,-1,2025-09-07,598.9490684942348,618.1812941767049,-19.23222568247013,0
2025-09-08,571.0,579.0,566.5,575.05,-0.25,8069.0,4603561.7,-1,2025-09-08,594.1692547953878,613.6411579475781,-19.471903152190293,0
2025-09-18,564.0,564.0,535.0,542.0,-5.75,610.0,331862.0,-1,2025-09-18,583.7354038363103,606.0999834267805,-22.364579590470157,0
2025-09-21,542.0,573.0,540.1,563.22,3.92,8463.0,4720007.4,1,2025-09-21,579.6323230690482,601.5863009608036,-21.953977891755358,0
2025-09-23,553.0,593.0,553.0,580.6,3.09,5655.0,3296714.5,1,2025-09-23,579.8258584552386,599.37721664914,-19.551358193901365,0
2025-09-24,569.0,584.9,569.0,574.0,-1.14,2763.0,1592146.4,-1,2025-09-24,578.6606867641909,596.7059306860726,-18.045243921881706,0
2025-09-25,573.0,574.0,565.5,573.0,-0.17,2006.0,1146730.0,-1,2025-09-25,577.5285494113527,594.2105695612229,-16.68202014987014,0
2025-09-28,581.0,581.0,570.0,572.0,-0.17,3614.0,2086428.0,-1,2025-09-28,576.4228395290822,591.8726148705679,-15.449775341485633,0
2025-10-07,565.09,579.9,560.0,565.0,-1.22,4193.0,2363506.4,-1,2025-10-07,574.1382716232658,589.0439185684029,-14.90564694513705,0
2025-10-08,557.0,567.0,554.0,560.0,-0.88,5376.0,3006392.5,-1,2025-10-08,571.3106172986127,585.9866639822552,-14.67604668364254,0
2025-10-09,571.0,582.0,560.0,562.0,0.36,6049.0,3448812.6,1,2025-10-09,569.4484938388902,583.4617519841231,-14.013258145232953,0
2025-10-12,562.0,569.1,549.2,556.0,-1.07,7768.0,4297477.7,-1,2025-10-12,566.7587950711122,580.5710412489523,-13.812246177840052,0
2025-10-13,550.0,560.0,548.1,555.0,-0.18,4420.0,2443753.4,-1,2025-10-13,564.4070360568899,577.8793526964309,-13.472316639541077,0
2025-10-14,563.0,566.0,551.0,552.0,-0.54,2586.0,1438254.0,-1,2025-10-14,561.9256288455119,575.1552103073329,-13.229581461820999,0
2025-10-15,552.0,552.0,537.0,537.2,-2.68,10486.0,5690842.1,-1,2025-10-15,556.9805030764096,571.1599250118242,-14.179421935414553,0
2025-10-16,536.0,544.5,536.0,537.0,-0.04,5346.0,2879183.0,-1,2025-10-16,552.9844024611277,567.5641434316321,-14.579740970504417,0
2025-10-19,537.0,547.7,537.0,542.0,0.93,2091.0,1131726.7,1,2025-10-19,550.7875219689022,564.8731809651446,-14.085658996242387,0
2025-10-26,540.0,545.0,537.1,537.1,-0.9,3243.0,1756503.5,-1,2025-10-26,548.0500175751217,561.9496882319714,-13.899670656849707,0
2025-10-28,545.0,562.0,536.1,558.0,3.89,7717.0,4227567.8,1,2025-10-28,550.0400140600974,561.5339315759744,-11.493917515877001,0
2025-10-29,550.1,567.0,547.0,549.0,-1.61,12068.0,6676814.8,-1,2025-10-29,549.832011248078,560.2145703574508,-10.382559109372892,0
2025-10-30,542.0,559.8,541.1,556.0,1.28,4725.0,2612052.7,1,2025-10-30,551.0656089984624,559.770931372456,-8.705322373993567,0
2025-11-02,551.0,573.7,551.0,570.0,2.52,20861.0,11818966.7,1,2025-11-02,554.85248719877,560.8476754385132,-5.995188239743243,0
2025-11-03,564.0,580.0,564.0,573.9,0.68,9622.0,5524661.1,1,2025-11-03,558.661989759016,562.2216043397223,-3.5596145807062385,0
2025-11-04,565.1,570.0,557.0,564.0,-1.73,4239.0,2386422.7,-1,2025-11-04,559.7295918072128,562.4088038829094,-2.6792120756965687,0
2025-11-05,553.0,559.9,550.0,558.8,-0.92,9935.0,5530717.5,-1,2025-11-05,559.5436734457703,562.0289297899716,-2.485256344201275,0
2025-11-06,559.5,564.4,550.4,554.0,-0.86,9727.0,5393759.5,-1,2025-11-06,558.4349387566162,561.183779285764,-2.748840529147742,0
2025-11-09,543.0,554.0,543.0,550.0,-0.72,5838.0,3209274.0,-1,2025-11-09,556.7479510052931,560.0065393609467,-3.2585883556536146,0
2025-11-10,550.0,557.0,547.0,547.1,-0.53,5896.0,3240082.1,-1,2025-11-10,554.8183608042345,558.6479562703207,-3.8295954660861753,0
2025-11-11,550.0,554.0,545.0,548.0,0.16,3870.0,2125432.0,1,2025-11-11,553.4546886433876,557.5271187681817,-4.072430124794096,0
2025-11-12,540.1,551.0,540.1,545.1,-0.53,2147.0,1177066.0,-1,2025-11-12,551.7837509147101,556.21900100311,-4.435250088399812,0
2025-11-13,550.0,556.0,542.0,547.0,0.35,6909.0,3777361.4,1,2025-11-13,550.8270007317682,555.2485798448879,-4.421579113119719,0
2025-11-16,545.2,555.0,544.0,550.0,0.55,6661.0,3665485.2,1,2025-11-16,550.6616005854146,554.6960977559523,-4.0344971705377475,0
2025-11-17,540.6,552.9,540.6,552.0,0.36,10122.0,5531123.1,1,2025-11-17,550.9292804683317,554.4122979921679,-3.4830175238361107,0
2025-11-18,555.9,558.7,546.2,551.0,-0.18,9451.0,5223619.8,-1,2025-11-18,550.9434243746655,554.0531087298343,-3.109684355168838,0
2025-11-19,552.0,552.0,543.0,550.0,-0.18,7201.0,3927130.2,-1,2025-11-19,550.7547394997324,553.6264657056413,-2.8717262059088853,0
2025-11-20,555.0,555.0,540.2,549.3,-0.13,7051.0,3843844.5,-1,2025-11-20,550.463791599786,553.1710482629421,-2.7072566631561585,0
2025-11-23,556.8,561.0,540.3,559.9,1.93,22522.0,12451915.4,1,2025-11-23,552.3510332798288,553.879358972106,-1.5283256922772352,0
2025-11-24,560.0,571.0,556.1,571.0,1.98,12105.0,6824543.2,1,2025-11-24,556.0808266238631,555.6815317118843,0.3992949119788136,1
2025-11-25,573.0,574.0,560.0,570.0,-0.18,13295.0,7495888.9,-1,2025-11-25,558.8646612990906,557.188738900107,1.67592239898363,0
2025-11-26,569.0,588.0,562.0,581.0,1.93,27227.0,15614558.0,1,2025-11-26,563.2917290392725,559.6951874369378,3.596541602334696,0
2025-11-27,572.0,595.0,572.0,581.0,0.0,20489.0,11880033.1,0,2025-11-27,566.833383231418,561.9377992856812,4.895583945736803,0
2025-11-30,569.5,590.0,564.0,571.0,-1.72,18718.0,10802964.3,-1,2025-11-30,567.6667065851344,562.8917151503463,4.774991434788149,0
2025-12-01,565.1,584.0,565.1,580.0,1.58,19533.0,11290383.4,1,2025-12-01,570.1333652681076,564.6925872397835,5.440778028324075,0
2025-12-02,569.0,585.0,569.0,579.0,-0.17,3804.0,2206062.0,-1,2025-12-02,571.9066922144862,566.1986306882274,5.708061526258803,0
2025-12-03,572.0,584.9,566.8,570.0,-1.55,6021.0,3443033.1,-1,2025-12-03,571.5253537715889,566.5987748263087,4.926578945280198,0
2025-12-07,566.5,570.0,555.0,565.0,-0.88,7808.0,4370528.5,-1,2025-12-07,570.2202830172712,566.4304827393289,3.789800277942277,0
2025-12-08,554.0,573.2,545.0,573.2,1.45,12338.0,6898723.6,1,2025-12-08,570.8162264138169,567.14306350361,3.6731629102068837,0
2025-12-09,582.8,582.8,549.0,577.8,0.8,10596.0,5996303.7,1,2025-12-09,572.2129811310535,568.2648462927037,3.9481348383498016,0
2025-12-10,566.5,570.0,559.0,563.0,-2.56,6009.0,3384890.1,-1,2025-12-10,570.3703849048428,567.7106519461033,2.6597329587394825,0
2025-12-11,565.0,569.8,555.4,563.0,0.0,4313.0,2414142.7,0,2025-12-11,568.8963079238742,567.2147938465135,1.6815140773607027,0
2025-12-14,552.0,574.0,552.0,557.7,-0.94,9793.0,5446834.2,-1,2025-12-14,566.6570463390995,566.2132365995121,0.44380973958732284,0
2025-12-15,552.0,562.0,548.0,557.0,-0.13,23681.0,13034856.3,-1,2025-12-15,564.7256370712796,565.2434222206161,-0.5177851493365324,-1
2025-12-16,546.0,560.0,546.0,548.0,-1.62,14783.0,8142304.7,-1,2025-12-16,561.3805096570237,563.4283251447619,-2.0478154877381485,0
2025-12-17,537.1,558.7,537.1,555.0,1.28,12313.0,6818112.2,1,2025-12-17,560.104407725619,562.5411330242606,-2.4367252986415906,0
2025-12-18,555.0,555.0,544.3,546.0,-1.62,20393.0,11173161.6,-1,2025-12-18,557.2835261804953,560.7999611269701,-3.51643494647476,0
2025-12-21,546.0,547.0,540.0,546.0,0.0,12230.0,6631228.4,0,2025-12-21,555.0268209443963,559.2420704820258,-4.215249537629575,0
2025-12-22,540.0,550.8,535.5,550.8,0.88,7320.0,3971924.9,1,2025-12-22,554.181456755517,558.3534314839178,-4.171974728400755,0
2025-12-23,555.0,557.0,541.0,553.8,0.54,2702.0,1478111.0,1,2025-12-23,554.1051654044136,557.8741229066633,-3.768957502249691,0
2025-12-24,553.9,558.0,540.0,548.0,-1.05,6651.0,3635355.5,-1,2025-12-24,552.8841323235309,556.8347415480672,-3.950609224536265,0
2025-12-28,545.0,559.9,545.0,559.9,2.17,9361.0,5153977.1,1,2025-12-28,554.2873058588248,557.1574003324812,-2.8700944736564225,0
2025-12-29,556.0,566.1,550.0,556.0,-0.7,12945.0,7172215.6,-1,2025-12-29,554.6298446870599,557.0355687185358,-2.405724031475984,0
2025-12-31,561.0,561.0,552.5,558.6,0.47,8863.0,4927195.9,1,2025-12-31,555.4238757496479,557.2002456955321,-1.7763699458841984,0
2026-01-01,565.0,565.0,547.6,555.0,-0.64,12786.0,7067717.3,-1,2026-01-01,555.3391005997183,556.968640885476,-1.6295402857576846,0
2026-01-04,550.0,562.9,550.0,554.0,-0.18,12217.0,6792178.7,-1,2026-01-04,555.0712804797747,556.6561523712154,-1.5848718914406845,0
2026-01-05,554.0,561.9,546.3,561.0,1.26,10765.0,6014617.8,1,2026-01-05,556.2570243838198,557.1133994900348,-0.8563751062149549,0
2026-01-06,561.0,568.0,560.0,560.4,-0.11,9224.0,5205846.8,-1,2026-01-06,557.0856195070559,557.4593574384522,-0.3737379313963629,0
2026-01-07,550.5,564.0,550.5,559.5,-0.16,8780.0,4910674.3,-1,2026-01-07,557.5684956056447,557.6741619186151,-0.10566631297047024,0
2026-01-08,550.8,560.0,550.8,560.0,0.09,6488.0,3585548.5,1,2026-01-08,558.0547964845157,557.9189869798136,0.13580950470213793,1
2026-01-12,556.5,564.0,551.0,560.0,0.0,9669.0,5390349.2,0,2026-01-12,558.4438371876126,558.1380409819384,0.30579620567425536,0
2026-01-13,558.0,563.0,555.1,558.8,-0.21,4692.0,2618220.1,-1,2026-01-13,558.5150697500901,558.2077208785764,0.30734887151368184,0
2026-01-14,558.8,561.0,555.0,558.9,0.02,5302.0,2956088.1,1,2026-01-14,558.5920558000721,558.280592365042,0.31146343503007756,0
2026-01-18,562.0,576.0,562.0,570.0,1.99,18980.0,10813391.7,1,2026-01-18,560.8736446400577,559.5142142213533,1.3594304187043917,0
2026-01-20,577.0,584.0,573.0,578.9,1.56,18619.0,10784325.0,1,2026-01-20,564.4789157120462,561.5548232506845,2.9240924613616244,0
2026-01-21,578.9,580.4,571.1,575.0,-0.67,7467.0,4310596.8,-1,2026-01-21,566.583132569637,562.9701050137703,3.6130275558666654,0
2026-01-22,565.0,574.0,565.0,573.0,-0.35,7424.0,4244212.1,-1,2026-01-22,567.8665060557096,564.0258834333735,3.8406226223361273,0
2026-01-25,581.0,596.0,575.0,595.0,3.84,24443.0,14313601.5,1,2026-01-25,573.2932048445678,567.2863167561762,6.00688808839152,0
2026-01-26,600.0,603.0,588.0,593.9,-0.18,28890.0,17184886.5,-1,2026-01-26,577.4145638756543,570.0877570976313,7.326806778022956,0
2026-01-27,588.0,595.0,570.0,573.0,-3.52,19678.0,11498777.1,-1,2026-01-27,576.5316511005234,570.3943089820912,6.13734211843223,0
2026-01-28,563.2,582.0,563.1,578.9,1.03,10987.0,6301622.5,1,2026-01-28,577.0053208804187,571.2896448787131,5.71567600170556,0
2026-01-29,575.0,579.9,565.1,569.8,-1.57,12918.0,7366004.9,-1,2026-01-29,575.564256704335,571.1328401546381,4.431416549696905,0
2026-02-01,580.0,580.0,563.1,565.0,-0.84,17253.0,9778461.4,-1,2026-02-01,573.451405363468,570.4872780330973,2.9641273303707294,0
2026-02-02,560.0,579.0,560.0,571.8,1.2,15491.0,8849114.6,1,2026-02-02,573.1211242907744,570.6254592927712,2.4956649980032353,0
2026-02-03,579.0,580.0,568.1,569.0,-0.49,11987.0,6836212.1,-1,2026-02-03,572.2968994326195,570.4543583145849,1.84254111803466,0
2026-02-04,569.0,580.0,569.0,571.5,0.44,18533.0,10630380.3,1,2026-02-04,572.1375195460956,570.564425860418,1.573093685677577,0
2026-02-05,571.6,584.9,571.5,583.0,2.01,18923.0,10925286.8,1,2026-02-05,574.3100156368765,571.8734336645846,2.436581972291947,0
2026-02-08,590.0,595.0,570.0,578.0,-0.86,22267.0,12864773.3,-1,2026-02-08,575.0480125095013,572.518335384102,2.529677125399303,0
2026-02-09,570.0,581.4,564.2,570.0,-1.38,10852.0,6158862.8,-1,2026-02-09,574.038410007601,572.2532474489334,1.7851625586675937,0
2026-02-10,560.2,570.0,560.2,561.0,-1.58,7191.0,4045911.2,-1,2026-02-10,571.4307280060808,571.0686950858878,0.3620329201929735,0
2026-02-11,572.0,572.2,556.0,562.0,0.18,5640.0,3172162.5,1,2026-02-11,569.5445824048646,570.1140956031628,-0.569513198298182,-1
2026-02-12,556.2,565.0,556.2,561.9,-0.02,10780.0,6049825.7,-1,2026-02-12,568.0156659238917,569.2494539607246,-1.233788036832948,0
2026-02-16,558.0,563.1,558.0,559.2,-0.48,6472.0,3624032.7,-1,2026-02-16,566.2525327391133,568.1916167017009,-1.9390839625875742,0
2026-02-17,555.2,559.0,550.0,550.0,-1.65,10586.0,5860153.1,-1,2026-02-17,563.0020261912907,566.2767096804693,-3.2746834891785284,0
2026-02-22,550.0,554.0,546.2,546.5,-0.64,8031.0,4399906.6,-1,2026-02-22,559.7016209530326,564.1949507667356,-4.493329813702985,0
2026-02-23,546.0,569.9,542.1,549.9,0.62,8349.0,4604388.7,1,2026-02-23,557.7412967624261,562.6902191070792,-4.948922344653056,0
2026-02-24,557.0,557.0,546.3,553.0,0.56,7904.0,4383060.3,1,2026-02-24,556.7930374099409,561.6701960431761,-4.87715863323524,0
2026-02-25,552.0,559.0,550.2,553.0,0.0,4658.0,2589243.1,0,2026-02-25,556.0344299279527,560.757543828105,-4.723113900152271,0
2026-02-26,553.2,559.0,553.1,556.0,0.54,2569.0,1425211.7,1,2026-02-26,556.0275439423622,560.256749740936,-4.229205798573844,0
2026-03-01,555.0,561.9,548.1,560.8,0.86,5850.0,3273330.8,1,2026-03-01,556.9820351538898,560.3139339787322,-3.3318988248423693,0
2026-03-03,555.1,569.0,555.1,566.7,1.05,7724.0,4368405.4,1,2026-03-03,558.9256281231119,560.9861514546551,-2.0605233315432088,0
2026-03-09,578.0,589.5,578.0,589.5,4.02,210.0,121495.0,1,2026-03-09,565.0405024984896,563.9876091962703,1.0528933022192177,1
