Published_date,Open,High,Low,Close,Per_change,Traded_quantity,Traded_amount,Status,Date,ema_short,ema_long,ema_diff,ema_cross
2013-07-29,700.0,714.0,700.0,713.0,,12604.0,8939723.0,0,2013-07-29,713.0,713.0,0.0,0
2013-07-30,713.0,739.0,710.0,733.0,2.81,11888.0,8590758.0,0,2013-07-30,717.4444444444445,715.1052631578947,2.339181286549774,1
2013-07-31,733.0,743.0,720.0,732.0,-0.14,16045.0,11787525.0,0,2013-07-31,720.679012345679,716.8836565096952,3.7953558359837416,0
2013-08-01,732.0,746.0,722.0,726.0,-0.82,16832.0,12302375.0,0,2013-08-01,721.8614540466392,717.8432716139379,4.018182432701337,0
2013-08-04,726.0,730.0,710.0,710.0,-2.2,13593.0,9764636.0,0,2013-08-04,719.2255753696084,717.0176640756285,2.207911293979805,0
2013-08-05,710.0,710.0,690.0,702.0,-1.13,10674.0,7425449.0,0,2013-08-05,715.3976697319176,715.4368573308254,-0.03918759890780166,-1
2013-08-06,702.0,707.0,662.0,700.0,-0.28,10700.0,7376725.0,0,2013-08-06,711.975965347047,713.8119249802123,-1.8359596331653165,0
2013-08-07,700.0,707.0,686.0,690.0,-1.43,9805.0,6753569.0,0,2013-08-07,707.0924174921477,711.3054065612426,-4.212989069094988,0
2013-08-08,690.0,690.0,670.0,670.0,-2.9,21368.0,14503554.0,0,2013-08-08,698.8496580494482,706.9574690284802,-8.107810979032024,0
2013-08-11,670.0,670.0,660.0,663.0,-1.04,6558.0,4354716.0,0,2013-08-11,690.883067371793,702.3303670254822,-11.447299653689242,0
2013-08-12,663.0,664.0,655.0,657.0,-0.9,5132.0,3383283.0,0,2013-08-12,683.3534968447279,697.5587494438525,-14.205252599124606,0
2013-08-13,657.0,665.0,650.0,658.0,0.15,4580.0,3018553.0,0,2013-08-13,677.7193864347884,693.394670555026,-15.67528412023762,0
2013-08-14,658.0,655.0,628.0,628.0,-4.56,10225.0,6616400.0,0,2013-08-14,666.6706338937242,686.5110210229179,-19.840387129193687,0
2013-08-15,628.0,628.0,604.0,614.0,-2.23,10293.0,6374502.0,0,2013-08-15,654.9660485840078,678.8782819678739,-23.912233383866123,0
2013-08-18,614.0,642.0,614.0,638.0,3.91,8933.0,5678281.0,0,2013-08-18,651.1958155653394,674.575304918624,-23.37948935328461,0
2013-08-19,638.0,649.0,632.0,640.0,0.31,4023.0,2567553.0,0,2013-08-19,648.7078565508195,670.9357991377162,-22.22794258689669,0
2013-08-20,640.0,652.0,635.0,647.0,1.09,11568.0,7471614.0,0,2013-08-20,648.3283328728596,668.416241333746,-20.08790846088641,0
2013-08-25,647.0,647.0,638.0,644.0,-0.46,6208.0,3985282.0,0,2013-08-25,647.3664811233352,665.8461106670359,-18.47962954370064,0
2013-08-26,644.0,645.0,628.0,631.0,-2.02,6237.0,3933815.0,0,2013-08-26,643.7294853181496,662.1780990178743,-18.44861369972466,0
2013-08-27,631.0,650.0,626.0,640.0,1.43,11433.0,7327615.0,0,2013-08-27,642.9007108030053,659.8435622791507,-16.942851476145393,0
2013-08-29,640.0,645.0,631.0,638.0,-0.31,23136.0,14663564.0,0,2013-08-29,641.811663957893,657.5442399339769,-15.732575976083922,0
2013-09-01,638.0,638.0,630.0,635.0,-0.47,7678.0,4853161.0,0,2013-09-01,640.297960856139,655.1711620461899,-14.873201190050963,0
2013-09-02,635.0,641.0,626.0,635.0,0.0,10758.0,6836257.0,0,2013-09-02,639.1206362214414,653.0478818308015,-13.92724560936017,0
2013-09-03,635.0,638.0,629.0,630.0,-0.79,20263.0,12768397.0,0,2013-09-03,637.0938281722322,650.6217890065066,-13.527960834274381,0
2013-09-04,630.0,642.0,622.0,625.0,-0.79,3978.0,2486535.0,0,2013-09-04,634.4063108006251,647.924758584769,-13.518447784143973,0
2013-09-05,625.0,625.0,621.0,625.0,0.0,4271.0,2663930.0,0,2013-09-05,632.3160195115972,645.5116261021618,-13.19560659056458,0
2013-09-08,625.0,634.0,620.0,621.0,-0.64,21774.0,13534549.0,0,2013-09-08,629.80134850902,642.9314549335132,-13.130106424493192,0
2013-09-09,621.0,634.0,620.0,633.0,1.93,8818.0,5556509.0,0,2013-09-09,630.51215995146,641.8860386247223,-11.373878673262311,0
2013-09-10,633.0,638.0,620.0,620.0,-2.05,5479.0,3447803.0,0,2013-09-10,628.1761244066911,639.5822450852779,-11.40612067858683,0
2013-09-11,620.0,625.0,616.0,625.0,0.81,8212.0,5103595.0,0,2013-09-11,627.470318982982,638.0472719184065,-10.576952935424515,0
2013-09-12,625.0,622.0,619.0,622.0,-0.48,1797.0,1114701.0,0,2013-09-12,626.2546925423194,636.3580854006796,-10.103392858360166,0
2013-09-15,622.0,623.0,618.0,618.0,-0.64,4941.0,3066631.0,0,2013-09-15,624.4203164218039,634.4256553585028,-10.005338936698877,0
2013-09-16,618.0,617.0,605.0,615.0,-0.49,3632.0,2224259.0,0,2013-09-16,622.3269127725142,632.3808495312919,-10.053936758777695,0
2013-09-17,615.0,614.0,608.0,611.0,-0.65,6735.0,4118403.0,0,2013-09-17,619.8098210452888,630.1302337911559,-10.320412745867088,0
2013-09-19,611.0,610.0,600.0,610.0,-0.16,5987.0,3602338.0,0,2013-09-19,617.6298608130023,628.0112618131395,-10.381401000137203,0
2013-09-22,598.0,598.0,587.0,594.0,-2.62,2361.0,1399735.0,0,2013-09-22,612.3787806323351,624.4311289907038,-12.052348358368704,0
2013-09-23,594.0,596.0,584.0,596.0,0.34,6184.0,3643762.0,0,2013-09-23,608.7390516029272,621.4383785706297,-12.699326967702405,0
2013-09-24,596.0,604.0,597.0,603.0,1.17,5223.0,3139471.0,0,2013-09-24,607.4637068022768,619.4974966158265,-12.033789813549788,0
2013-09-25,603.0,598.0,590.0,598.0,-0.83,3376.0,2008305.0,0,2013-09-25,605.3606608462153,617.2346022352132,-11.873941388997878,0
2013-09-26,598.0,605.0,593.0,594.0,-0.67,2222.0,1322867.0,0,2013-09-26,602.8360695470564,614.7888546315065,-11.95278508445017,0
2013-09-29,594.0,594.0,588.0,593.0,-0.17,5097.0,3009815.0,0,2013-09-29,600.6502763143772,612.4952909860848,-11.845014671707645,0
2013-09-30,593.0,590.0,581.0,584.0,-1.52,2382.0,1395864.0,0,2013-09-30,596.9502149111822,609.4957866717601,-12.5455717605779,0
2013-10-01,584.0,589.0,581.0,584.0,0.0,3171.0,1856604.0,0,2013-10-01,594.072389375364,606.8120196536802,-12.739630278316213,0
2013-10-02,584.0,596.0,579.0,595.0,1.88,1017.0,594448.0,0,2013-10-02,594.2785250697275,605.5686491638191,-11.290124094091652,0
2013-10-03,595.0,595.0,584.0,595.0,0.0,2064.0,1215128.0,0,2013-10-03,594.4388528320103,604.456159778154,-10.017306946143663,0
2013-10-06,595.0,607.0,587.0,607.0,2.02,2617.0,1562656.0,0,2013-10-06,597.2302188693413,604.7239324330851,-7.493713563743768,0
2013-10-07,607.0,646.0,599.0,622.0,2.47,431.0,264381.0,0,2013-10-07,602.7346146761544,606.5424658611814,-3.8078511850270615,0
2013-10-08,622.0,617.0,605.0,615.0,-1.13,1616.0,987970.0,0,2013-10-08,605.4602558592312,607.432732612636,-1.9724767534047487,0
2013-10-09,615.0,615.0,595.0,615.0,0.0,944.0,575065.0,0,2013-10-09,607.5801990016242,608.2292870744637,-0.6490880728395041,0
2013-10-10,615.0,620.0,603.0,620.0,0.81,2612.0,1609031.0,0,2013-10-10,610.3401547790411,609.4683094876781,0.8718452913630017,1
2013-10-17,620.0,647.0,620.0,635.0,2.42,2059.0,1310164.0,0,2013-10-17,615.8201203836986,612.1558558573962,3.664264526302418,0
2013-10-20,635.0,663.0,635.0,660.0,3.94,7738.0,5082452.0,0,2013-10-20,625.6378714095433,617.1920815566177,8.4457898529256,0
2013-10-21,660.0,693.0,652.0,666.0,0.91,9821.0,6676177.0,0,2013-10-21,634.6072333185336,622.329757182237,12.277476136296627,0
2013-10-22,666.0,665.0,645.0,645.0,-3.15,9367.0,6115328.0,0,2013-10-22,636.9167370255261,624.7160985314752,12.200638494050963,0
2013-10-23,645.0,644.0,635.0,640.0,-0.78,3207.0,2053265.0,0,2013-10-23,637.6019065754092,626.3249302650041,11.276976310405075,0
2013-10-24,640.0,641.0,630.0,638.0,-0.31,4392.0,2791280.0,0,2013-10-24,637.6903717808739,627.5538849739511,10.13648680692279,0
2013-10-27,638.0,643.0,610.0,627.0,-1.72,20010.0,12236459.0,0,2013-10-27,635.3147336073464,627.4955812924826,7.8191523148638,0
2013-10-28,627.0,621.0,613.0,620.0,-1.12,4234.0,2613891.0,0,2013-10-28,631.9114594723806,626.7065727353792,5.204886737001402,0
2013-10-29,620.0,640.0,618.0,630.0,1.61,7580.0,4712523.0,0,2013-10-29,631.4866907007404,627.0532492895497,4.433441411190643,0
2013-10-30,630.0,641.0,616.0,641.0,1.75,4278.0,2723268.0,0,2013-10-30,633.6007594339092,628.5213283117024,5.079431122206756,0
2013-10-31,641.0,645.0,622.0,630.0,-1.72,13446.0,8512122.0,0,2013-10-31,632.8005906708182,628.6769779631021,4.12361270771612,0
2013-11-06,630.0,627.0,615.0,627.0,-0.48,1100.0,683804.0,0,2013-11-06,631.5115705217474,628.5004539669861,3.0111165547613155,0
2013-11-07,627.0,655.0,628.0,635.0,1.28,3833.0,2431873.0,0,2013-11-07,632.2867770724703,629.1846167073035,3.10216036516681,0
2013-11-10,635.0,642.0,630.0,630.0,-0.79,5508.0,3496064.0,0,2013-11-10,631.7786043896991,629.2704465275873,2.5081578621118297,0
2013-11-11,630.0,654.0,627.0,654.0,3.81,5107.0,3235670.0,0,2013-11-11,636.7166923030993,631.8735574194202,4.843134883679113,0
2013-11-12,654.0,685.0,650.0,655.0,0.15,6554.0,4324170.0,0,2013-11-12,640.7796495690773,634.3079197963233,6.471729772753974,0
2013-11-13,655.0,667.0,636.0,645.0,-1.53,17494.0,11386938.0,0,2013-11-13,641.7175052203934,635.4334019230262,6.28410329736721,0
2013-11-14,645.0,647.0,639.0,647.0,0.31,6439.0,4139524.0,0,2013-11-14,642.8913929491948,636.6509385627076,6.240454386487272,0
2013-11-21,647.0,708.0,659.0,695.0,7.42,7277.0,4963838.0,0,2013-11-21,654.4710834049293,642.792945029791,11.67813837513836,0
2013-11-24,695.0,764.0,687.0,698.0,0.43,18544.0,13237078.0,0,2013-11-24,664.1441759816117,648.6042139740235,15.539962007588201,0
2013-11-25,698.0,698.0,664.0,668.0,-4.3,9430.0,6404833.0,0,2013-11-25,665.0010257634758,650.6458756609684,14.355150102507423,0
2013-11-26,668.0,685.0,660.0,671.0,0.45,7622.0,5109158.0,0,2013-11-26,666.33413114937,652.788415065077,13.545716084293076,0
2013-11-27,671.0,675.0,651.0,658.0,-1.94,2173.0,1423523.0,0,2013-11-27,664.4821020050655,653.3370029529636,11.145099052101841,0
2013-11-28,658.0,660.0,640.0,651.0,-1.06,7138.0,4639022.0,0,2013-11-28,661.4860793372732,653.0910026421253,8.39507669514785,0
2013-12-01,651.0,662.0,645.0,650.0,-0.15,107794.0,70097312.0,0,2013-12-01,658.9336172623237,652.7656339429542,6.167983319369455,0
2013-12-02,650.0,693.0,650.0,670.0,3.08,31973.0,21288060.0,0,2013-12-02,661.3928134262518,654.5797777384327,6.813035687819138,0
2013-12-03,670.0,695.0,682.0,692.0,3.28,21886.0,15079241.0,0,2013-12-03,668.1944104426402,658.5187485028082,9.675661939832025,0
2013-12-04,692.0,732.0,691.0,715.0,3.32,31863.0,22837826.0,0,2013-12-04,678.595652566498,664.4641433972495,14.131509169248488,0
2013-12-05,715.0,743.0,706.0,724.0,1.26,60375.0,43795456.0,0,2013-12-05,688.6855075517207,670.7310756712233,17.954431880497395,0
2013-12-08,724.0,726.0,700.0,710.0,-1.93,15956.0,11355767.0,0,2013-12-08,693.4220614291162,674.8646466531998,18.557414775916413,0
2013-12-09,710.0,719.0,705.0,709.0,-0.14,5129.0,3639540.0,0,2013-12-09,696.8838255559792,678.4578417423367,18.425983813642574,0
2013-12-10,709.0,709.0,691.0,700.0,-1.27,7355.0,5151109.0,0,2013-12-10,697.5763087657616,680.7254373484066,16.85087141735505,0
2013-12-11,700.0,720.0,703.0,711.0,1.57,16483.0,11723083.0,0,2013-12-11,700.559351262259,683.9122334169954,16.647117845263665,0
2013-12-12,711.0,724.0,697.0,724.0,1.83,30679.0,21865344.0,0,2013-12-12,705.7683843150904,688.1319983204695,17.636385994620923,0
2013-12-15,724.0,745.0,709.0,742.0,2.49,59921.0,43439980.0,0,2013-12-15,713.8198544672925,693.8023142867359,20.017540180556693,0
2013-12-16,742.0,816.0,756.0,816.0,9.97,36619.0,29625752.0,0,2013-12-16,736.5265534745608,706.6652285723426,29.861324902218257,0
2013-12-18,816.0,897.0,824.0,897.0,9.93,41249.0,36551052.0,0,2013-12-18,772.1873193691029,726.7004676699908,45.486851699112094,0
2013-12-19,897.0,900.0,808.0,879.0,-2.01,60364.0,50943220.0,0,2013-12-19,795.9234706204134,742.731997388939,53.19147323147433,0
2013-12-22,875.0,875.0,810.0,836.0,-4.89,52786.0,43670576.0,0,2013-12-22,804.8293660380994,752.5496818743138,52.27968416378553,0
2013-12-23,836.0,825.0,775.0,783.0,-6.34,29079.0,22916284.0,0,2013-12-23,799.9783958074106,755.7549785191229,44.22341728828769,0
2013-12-24,783.0,832.0,764.0,803.0,2.55,24385.0,19329050.0,0,2013-12-24,800.6498634057639,760.7281386750046,39.92172473075925,0
2013-12-26,803.0,860.0,815.0,815.0,1.49,22385.0,18687308.0,0,2013-12-26,803.8387826489275,766.4409661828989,37.39781646602853,0
2013-12-29,815.0,818.0,794.0,815.0,0.0,28367.0,22714024.0,0,2013-12-29,806.319053171388,771.5524434268043,34.76660974458366,0
2013-12-31,815.0,816.0,799.0,806.0,-1.1,21248.0,17152298.0,0,2013-12-31,806.248152466635,775.1785020134565,31.069650453178497,0
2014-01-01,806.0,807.0,775.0,786.0,-2.48,15632.0,12348541.0,0,2014-01-01,801.748563029605,776.3176070646716,25.430955964933332,0
2014-01-02,786.0,810.0,765.0,804.0,2.29,7593.0,6018227.0,0,2014-01-02,802.2488823563593,779.2315431631273,23.017339193232033,0
2014-01-05,804.0,805.0,791.0,795.0,-1.12,16534.0,13180832.0,0,2014-01-05,800.6380196105017,780.8913807249035,19.74663888559826,0
2014-01-06,795.0,796.0,790.0,792.0,-0.38,6700.0,5307085.0,0,2014-01-06,798.7184596970569,782.0607090696504,16.65775062740647,0
2014-01-07,792.0,804.0,790.0,799.0,0.88,6021.0,4796544.0,0,2014-01-07,798.781024208822,783.8437923254767,14.937231883345362,0
2014-01-08,799.0,805.0,795.0,796.0,-0.38,10346.0,8272575.0,0,2014-01-08,798.1630188290839,785.1233931333212,13.039625695762652,0
2014-01-09,796.0,800.0,792.0,799.0,0.38,6608.0,5256372.0,0,2014-01-09,798.349014644843,786.5840885929715,11.764926051871498,0
2014-01-12,799.0,825.0,800.0,817.0,2.25,18527.0,15105432.0,0,2014-01-12,802.4936780571002,789.7857634779219,12.707914579178237,0
2014-01-13,817.0,835.0,811.0,817.0,0.0,12308.0,10092924.0,0,2014-01-13,805.7173051555224,792.6504199539302,13.066885201592186,0
2014-01-14,817.0,814.0,800.0,814.0,-0.37,3326.0,2695682.0,0,2014-01-14,807.5579040098507,794.897744169306,12.660159840544793,0
2014-01-16,814.0,838.0,815.0,820.0,0.74,9127.0,7507979.0,0,2014-01-16,810.3228142298839,797.5400868883263,12.782727341557575,0
2014-01-19,820.0,825.0,805.0,818.0,-0.24,3190.0,2618603.0,0,2014-01-19,812.0288555121319,799.693761952713,12.335093559418965,0
2014-01-20,818.0,824.0,800.0,800.0,-2.2,6879.0,5575108.0,0,2014-01-20,809.355776509436,799.7259975366379,9.629778972798135,0
2014-01-21,800.0,806.0,785.0,796.0,-0.5,14635.0,11707858.0,0,2014-01-21,806.3878261740059,799.3337872696234,7.054038904382537,0
2014-01-22,796.0,800.0,766.0,790.0,-0.75,20517.0,16008345.0,0,2014-01-22,802.7460870242268,798.351283346505,4.394803677721711,0
2014-01-23,790.0,790.0,779.0,787.0,-0.38,4680.0,3679811.0,0,2014-01-23,799.2469565743986,797.156411415294,2.090545159104636,0
2014-01-26,787.0,800.0,782.0,791.0,0.51,8519.0,6743396.0,0,2014-01-26,797.4142995578657,796.508368108421,0.9059314494446653,0
2014-01-27,791.0,800.0,780.0,792.0,0.13,6808.0,5355910.0,0,2014-01-27,796.21112187834,796.0338030443767,0.1773188339633407,0
2014-01-28,792.0,800.0,777.0,792.0,0.0,13553.0,10714786.0,0,2014-01-28,795.2753170164867,795.6091921976001,-0.33387518111339887,-1
2014-01-29,792.0,791.0,779.0,781.0,-1.39,10585.0,8295129.0,0,2014-01-29,792.1030243461563,794.0713824925896,-1.9683581464332747,0
2014-02-02,781.0,789.0,770.0,780.0,-0.13,11892.0,9243302.0,0,2014-02-02,789.4134633803437,792.5901843354749,-3.1767209551311453,0
2014-02-03,780.0,779.0,765.0,775.0,-0.64,16812.0,12971006.0,0,2014-02-03,786.2104715180451,790.7385859843722,-4.528114466327111,0
2014-02-04,775.0,779.0,750.0,779.0,0.52,18976.0,14553486.0,0,2014-02-04,784.6081445140351,789.5029453544383,-4.8948008404032635,0
2014-02-06,780.0,785.0,770.0,774.0,-0.64,2658.0,2063286.0,0,2014-02-06,782.2507790664718,787.8710563697607,-5.620277303288958,0
2014-02-09,774.0,795.0,771.0,795.0,2.71,7846.0,6118702.0,0,2014-02-09,785.0839392739224,788.6214714887333,-3.5375322148108808,0
2014-02-10,795.0,867.0,800.0,801.0,0.75,12247.0,10064592.0,0,2014-02-10,788.6208416574952,789.9244744899192,-1.3036328324240003,0
2014-02-11,801.0,802.0,786.0,791.0,-1.25,5256.0,4167686.0,0,2014-02-11,789.1495435113852,790.0376877015067,-0.8881441901214657,0
2014-02-12,791.0,806.0,790.0,800.0,1.14,4331.0,3459946.0,0,2014-02-12,791.5607560644107,791.0863521539796,0.47440391043107866,1
2014-02-13,800.0,809.0,799.0,808.0,1.0,5315.0,4267688.0,0,2014-02-13,795.2139213834306,792.8667361377713,2.3471852456592615,0
2014-02-16,808.0,795.0,776.0,780.0,-3.47,3199.0,2502638.0,0,2014-02-16,791.8330499648905,791.5123428601112,0.3207071047793306,0
2014-02-17,780.0,795.0,780.0,785.0,0.64,3027.0,2378866.0,0,2014-02-17,790.3145944171371,790.8268330853626,-0.5122386682255637,-1
2014-02-18,785.0,799.0,782.0,795.0,1.27,1816.0,1439028.0,0,2014-02-18,791.3557956577732,791.2661138132191,0.089681844554093,1
2014-02-20,795.0,811.0,800.0,804.0,1.13,4581.0,3687966.0,0,2014-02-20,794.1656188449347,792.6065228855119,1.5590959594227343,0
2014-02-23,804.0,820.0,800.0,810.0,0.75,6943.0,5621022.0,0,2014-02-23,797.684370212727,794.4374152133528,3.246954999374225,0
2014-02-24,810.0,825.0,780.0,786.0,-2.96,11483.0,9183281.0,0,2014-02-24,795.0878434987876,793.5492662435262,1.5385772552614299,0
2014-02-25,786.0,800.0,780.0,800.0,1.78,5271.0,4130940.0,0,2014-02-25,796.1794338323903,794.2282908494708,1.951142982919464,0
2014-02-26,800.0,800.0,780.0,780.0,-2.5,4496.0,3542253.0,0,2014-02-26,792.584004091859,792.7305760232107,-0.1465719313516729,-1
2014-03-03,780.0,775.0,762.0,770.0,-1.28,2089.0,1600088.0,0,2014-03-03,787.5653365158903,790.3378838102411,-2.7725472943508294,0
2014-03-04,770.0,772.0,750.0,770.0,0.0,4838.0,3684132.0,0,2014-03-04,783.661928401248,788.197053935479,-4.535125534230929,0
2014-03-05,770.0,785.0,762.0,779.0,1.17,3715.0,2907706.0,0,2014-03-05,782.6259443120817,787.2289429949022,-4.602998682820498,0
2014-03-06,779.0,790.0,760.0,775.0,-0.51,3687.0,2844315.0,0,2014-03-06,780.931290020508,785.9416858375441,-5.010395817036169,0
2014-03-09,770.0,769.0,751.0,751.0,-3.1,3723.0,2823326.0,0,2014-03-09,774.2798922381729,782.2636136441184,-7.983721405945516,0
2014-03-10,751.0,760.0,740.0,750.0,-0.13,7162.0,5338961.0,0,2014-03-10,768.88436062969,778.8674437868428,-9.983083157152805,0
2014-03-11,750.0,745.0,736.0,738.0,-1.6,2745.0,2035358.0,0,2014-03-11,762.0211693786479,774.565607598754,-12.544438220106144,0
2014-03-12,738.0,741.0,730.0,733.0,-0.68,4187.0,3070072.0,0,2014-03-12,755.5720206278372,770.1902804830956,-14.61825985525843,0
2014-03-13,733.0,750.0,735.0,750.0,2.32,4580.0,3387594.0,0,2014-03-13,754.3337938216512,768.0649878006645,-13.73119397901337,0
2014-03-17,750.0,745.0,730.0,730.0,-2.67,4751.0,3494833.0,0,2014-03-17,748.9262840835064,764.058146979542,-15.131862896035614,0
2014-03-18,730.0,740.0,700.0,700.0,-4.11,16038.0,11485073.0,0,2014-03-18,738.0537765093939,757.3151841395902,-19.261407630196345,0
2014-03-19,700.0,729.0,701.0,717.0,2.43,4123.0,2927842.0,0,2014-03-19,733.3751595073063,753.0714805459492,-19.69632103864285,0
2014-03-20,717.0,721.0,710.0,715.0,-0.28,5069.0,3626544.0,0,2014-03-20,729.291790727905,749.0639562779545,-19.77216555004952,0
2014-03-23,715.0,717.0,710.0,716.0,0.14,4683.0,3335862.0,0,2014-03-23,726.3380594550372,745.5835398276434,-19.245480372606266,0
2014-03-24,716.0,729.0,700.0,721.0,0.7,8026.0,5703350.0,0,2014-03-24,725.1518240205844,742.9957987931546,-17.843974772570164,0
2014-03-25,721.0,720.0,707.0,720.0,-0.14,9221.0,6544592.0,0,2014-03-25,724.0069742382324,740.5751883938751,-16.56821415564275,0
2014-03-26,720.0,731.0,720.0,730.0,1.39,1444.0,1044927.0,0,2014-03-26,725.3387577408473,739.4620106682041,-14.123252927356816,0
2014-03-27,730.0,732.0,715.0,715.0,-2.05,6735.0,4861227.0,0,2014-03-27,723.041256020659,736.8870621768143,-13.845806156155277,0
2014-03-31,701.0,734.0,702.0,734.0,2.66,1398.0,1005450.0,0,2014-03-31,725.4765324605125,736.5831608950444,-11.106628434531899,0
2014-04-01,734.0,759.0,725.0,745.0,1.5,4735.0,3475586.0,0,2014-04-01,729.8150808026209,737.469143958724,-7.6540631561031205,0
2014-04-02,745.0,757.0,730.0,757.0,1.61,10955.0,8063491.0,0,2014-04-02,735.8561739575939,739.5250235420162,-3.6688495844223326,0
2014-04-03,757.0,760.0,740.0,740.0,-2.25,2134.0,1608175.0,0,2014-04-03,736.7770241892397,739.5750210639092,-2.7979968746694794,0
2014-04-06,740.0,734.0,723.0,727.0,-1.76,4714.0,3438757.0,0,2014-04-06,734.6043521471864,738.2513346361292,-3.64698248894274,0
2014-04-07,727.0,739.0,720.0,725.0,-0.28,2640.0,1911845.0,0,2014-04-07,732.4700516700339,736.8564573060103,-4.386405635976416,0
2014-04-09,725.0,728.0,716.0,721.0,-0.55,5757.0,4158760.0,0,2014-04-09,729.9211512989152,735.1873565369565,-5.266205238041266,0
2014-04-10,721.0,740.0,715.0,715.0,-0.83,5565.0,4046433.0,0,2014-04-10,726.6053398991563,733.0623716383295,-6.457031739173203,0
2014-04-13,715.0,749.0,718.0,735.0,2.8,6589.0,4845354.0,0,2014-04-13,728.4708199215661,733.2663325185054,-4.795512596939261,0
2014-04-15,735.0,745.0,736.0,736.0,0.14,2297.0,1700066.0,0,2014-04-15,730.143971050107,733.5540869902417,-3.4101159401346877,0
2014-04-16,736.0,736.0,720.0,724.0,-1.63,4591.0,3325101.0,0,2014-04-16,728.7786441500832,732.5483936228478,-3.7697494727646017,0
2014-04-17,724.0,735.0,717.0,725.0,0.14,4537.0,3279309.0,0,2014-04-17,727.9389454500647,731.7538258730743,-3.8148804230096403,0
2014-04-20,725.0,726.0,715.0,723.0,-0.28,5125.0,3689389.0,0,2014-04-20,726.841402016717,730.8323705180138,-3.990968501296834,0
2014-04-21,723.0,726.0,715.0,723.0,0.0,4316.0,3106616.0,0,2014-04-21,725.9877571241132,730.007910463486,-4.020153339372882,0
2014-04-22,723.0,725.0,716.0,725.0,0.28,5733.0,4135783.0,0,2014-04-22,725.7682555409768,729.4807619936454,-3.712506452668549,0
2014-04-23,725.0,735.0,718.0,730.0,0.69,10248.0,7449686.0,0,2014-04-23,726.7086431985375,729.5354186258933,-2.8267754273557557,0
2014-04-27,730.0,736.0,720.0,723.0,-0.96,4846.0,3531500.0,0,2014-04-27,725.8845002655291,728.8474798231676,-2.962979557638505,0
2014-04-28,723.0,725.0,710.0,718.0,-0.69,7193.0,5146756.0,0,2014-04-28,724.1323890954116,727.7056398417816,-3.573250746370036,0
2014-04-29,718.0,728.0,705.0,707.0,-1.53,10800.0,7646758.0,0,2014-04-29,720.3251915186535,725.5260988058046,-5.2009072871511535,0
2014-04-30,707.0,719.0,707.0,713.0,0.85,6400.0,4547989.0,0,2014-04-30,718.697371181175,724.2075620894042,-5.5101909082292195,0
2014-05-04,713.0,715.0,707.0,708.0,-0.7,10809.0,7670236.0,0,2014-05-04,716.3201775853584,722.5015029220984,-6.1813253367400876,0
2014-05-05,708.0,750.0,705.0,750.0,5.93,14100.0,10289492.0,0,2014-05-05,723.8045825663899,725.3960815618775,-1.5914989954876546,0
2014-05-06,750.0,783.0,747.0,768.0,2.4,18763.0,14251966.0,0,2014-05-06,733.6257864405254,729.8807045553641,3.745081885161312,1
2014-05-07,768.0,782.0,753.0,755.0,-1.69,12773.0,9833114.0,0,2014-05-07,738.3756116759641,732.5248409179574,5.8507707580067745,0
2014-05-08,755.0,758.0,735.0,752.0,-0.4,1781.0,1322078.0,0,2014-05-08,741.4032535257498,734.5748576634355,6.8283958623143235,0
2014-05-11,752.0,745.0,727.0,745.0,-0.93,11597.0,8518616.0,0,2014-05-11,742.2025305200276,735.6722410672844,6.5302894527432045,0
2014-05-12,745.0,746.0,731.0,740.0,-0.67,7125.0,5272150.0,0,2014-05-12,741.7130792933548,736.1277946391492,5.585284654205566,0
2014-05-13,740.0,785.0,750.0,761.0,2.84,17364.0,13140139.0,0,2014-05-13,745.9990616726093,738.7459215192388,7.253140153370509,0
2014-05-15,761.0,767.0,748.0,759.0,-0.26,11616.0,8824029.0,0,2014-05-15,748.888159078696,740.8779297803715,8.010229298324589,0
2014-05-15,761.0,767.0,748.0,759.0,0.0,11616.0,8824029.0,0,2014-05-15,751.1352348389858,742.7855161192797,8.349718719706061,0
2014-05-18,759.0,765.0,750.0,761.0,0.26,5565.0,4204304.0,0,2014-05-18,753.3274048747667,744.702830211987,8.62457466277965,0
2014-05-19,761.0,756.0,740.0,741.0,-2.63,7628.0,5702809.0,0,2014-05-19,750.587981569263,744.3130586107252,6.274922958537786,0
2014-05-20,741.0,749.0,730.0,735.0,-0.81,7285.0,5379987.0,0,2014-05-20,747.1239856649822,743.3327366517015,3.791249013280776,0
2014-05-21,735.0,754.0,739.0,754.0,2.59,3031.0,2256209.0,0,2014-05-21,748.6519888505418,744.4556064778382,4.196382372703624,0
2014-05-22,754.0,758.0,750.0,755.0,0.13,2592.0,1947141.0,0,2014-05-22,750.0626579948657,745.5655426380657,4.497115356800009,0
2014-05-25,755.0,759.0,750.0,752.0,-0.4,5524.0,4164546.0,0,2014-05-25,750.4931784404511,746.2428539393219,4.250324501129171,0
2014-05-26,752.0,756.0,742.0,745.0,-0.93,2733.0,2045182.0,0,2014-05-26,749.2724721203508,746.112027208867,3.1604449114838644,0
2014-05-27,745.0,748.0,734.0,740.0,-0.67,7178.0,5311762.0,0,2014-05-27,747.2119227602728,745.468655923723,1.7432668365498785,0
2014-05-28,740.0,750.0,731.0,743.0,0.41,9179.0,6811889.0,0,2014-05-28,746.2759399246567,745.2087974054364,1.0671425192202832,0
2014-06-01,743.0,774.0,736.0,768.0,3.36,13720.0,10503435.0,0,2014-06-01,751.1035088302884,747.6078713627589,3.495637467529491,0
2014-06-02,768.0,800.0,768.0,782.0,1.82,15161.0,11808592.0,0,2014-06-02,757.9693957568911,751.2280954298369,6.741300327054205,0
2014-06-03,782.0,817.0,787.0,790.0,1.02,15492.0,12370667.0,0,2014-06-03,765.0873078109153,755.3093485424856,9.77795926842964,0
2014-06-04,790.0,802.0,783.0,790.0,0.0,13781.0,10943501.0,0,2014-06-04,770.6234616307119,758.9609960643293,11.662465566382593,0
2014-06-05,790.0,803.0,770.0,797.0,0.89,12192.0,9641925.0,0,2014-06-05,776.4849146016647,762.9651017417682,13.519812859896547,0
2014-06-08,797.0,819.0,782.0,815.0,2.26,10745.0,8702170.0,0,2014-06-08,785.0438224679615,768.4424594531611,16.601363014800427,0
2014-06-09,815.0,830.0,790.0,820.0,0.61,12221.0,10010128.0,0,2014-06-09,792.8118619195255,773.8695689844072,18.942292935118303,0
2014-06-10,820.0,832.0,784.0,823.0,0.37,16308.0,13309693.0,0,2014-06-10,799.5203370485199,779.0411933018381,20.479143746681757,0
2014-06-11,823.0,852.0,820.0,844.0,2.55,20869.0,17477704.0,0,2014-06-11,809.4047065932932,785.8789624279605,23.525744165332753,0
2014-06-12,844.0,850.0,834.0,843.0,-0.12,18238.0,15379828.0,0,2014-06-12,816.8703273503393,791.8917032250172,24.978624125322085,0
2014-06-15,843.0,895.0,845.0,890.0,5.58,20485.0,17882124.0,0,2014-06-15,833.1213657169305,802.218892359226,30.902473357704594,0
2014-06-16,890.0,916.0,882.0,900.0,1.12,25640.0,23144072.0,0,2014-06-16,847.9832844465016,812.511640531939,35.471643914562605,0
2014-06-17,900.0,912.0,871.0,898.0,-0.22,28669.0,25734606.0,0,2014-06-17,859.0981101250568,821.5104152127874,37.5876949122694,0
2014-06-17,900.0,912.0,871.0,898.0,0.0,28669.0,25734606.0,0,2014-06-17,867.7429745417109,829.5619504535466,38.181024088164236,0
2014-06-18,898.0,904.0,880.0,887.0,-1.22,13840.0,12372724.0,0,2014-06-18,872.0223135324418,835.6080609321207,36.414252600321106,0
2014-06-19,887.0,890.0,860.0,871.0,-1.8,14307.0,12462417.0,0,2014-06-19,871.7951327474548,839.3335282024238,32.46160454503092,0
2014-06-23,871.0,880.0,853.0,870.0,-0.11,7306.0,6306790.0,0,2014-06-23,871.3962143591316,842.5615778653266,28.834636493804965,0
2014-06-24,870.0,880.0,859.0,870.0,0.0,10860.0,9447955.0,0,2014-06-24,871.0859445015467,845.4498328268712,25.636111674675476,0
2014-06-25,870.0,882.0,866.0,877.0,0.8,9500.0,8344534.0,0,2014-06-25,872.4001790567586,848.7709030556216,23.629276001136986,0
2014-06-26,877.0,885.0,868.0,872.0,-0.57,6923.0,6051145.0,0,2014-06-26,872.3112503774789,851.2160711550299,21.09517922244902,0
2014-06-29,872.0,895.0,880.0,890.0,2.06,12909.0,11445287.0,0,2014-06-29,876.242083626928,855.2985899808161,20.943493646111847,0
2014-06-30,890.0,890.0,870.0,886.0,-0.45,7923.0,7006430.0,0,2014-06-30,878.4105094876107,858.5303173512566,19.88019213635414,0
2014-07-01,886.0,893.0,880.0,884.0,-0.23,9541.0,8464908.0,0,2014-07-01,879.6526184903639,861.2113365774402,18.441281912923728,0
2014-07-02,884.0,895.0,885.0,889.0,0.57,7558.0,6719664.0,0,2014-07-02,881.7298143813941,864.1364590429728,17.59335533842136,0
2014-07-03,889.0,893.0,880.0,885.0,-0.45,16605.0,14717298.0,0,2014-07-03,882.4565222966398,866.3326212489757,16.123901047664162,0
2014-07-06,885.0,890.0,870.0,890.0,0.56,18115.0,15994805.0,0,2014-07-06,884.1328506751643,868.8239242753993,15.308926399764914,0
2014-07-07,890.0,928.0,885.0,915.0,2.81,7383.0,6672454.0,0,2014-07-07,890.9922171917945,873.6845638253573,17.307653366437194,0
2014-07-08,915.0,945.0,910.0,930.0,1.64,18850.0,17558374.0,0,2014-07-08,899.6606133713957,879.6125044753196,20.048108896076087,0
2014-07-09,930.0,955.0,912.0,955.0,2.69,5121.0,4750083.0,0,2014-07-09,911.9582548444189,887.5480303200228,24.410224524396085,0
2014-07-10,955.0,988.0,920.0,988.0,3.46,24045.0,22906604.0,0,2014-07-10,928.856420434548,898.1219218652835,30.734498569264474,0
2014-07-13,988.0,1029.0,976.0,991.0,0.3,28002.0,27785160.0,0,2014-07-13,942.6661047824261,907.8985616689379,34.76754311348827,0
2014-07-14,991.0,1000.0,965.0,980.0,-1.11,3750.0,3657649.0,0,2014-07-14,950.962525941887,915.488186756418,35.47433918546892,0
2014-07-15,980.0,988.0,963.0,979.0,-0.1,7551.0,7317705.0,0,2014-07-15,957.1930757325788,922.1736407820583,35.01943495052046,0
2014-07-16,979.0,990.0,968.0,970.0,-0.92,7162.0,6979640.0,0,2014-07-16,960.0390589031168,927.2079943839469,32.8310645191699,0
2014-07-17,970.0,989.0,960.0,973.0,0.31,13097.0,12755747.0,0,2014-07-17,962.9192680357575,932.0282055014262,30.89106253433124,0
2014-07-20,973.0,1010.0,973.0,985.0,1.23,14869.0,14668210.0,0,2014-07-20,967.8260973611448,937.6041838696972,30.221913491447594,0
2014-07-21,985.0,1005.0,970.0,982.0,-0.3,21108.0,20885260.0,0,2014-07-21,970.9758535031126,942.2774276728869,28.698425830225688,0
2014-07-22,982.0,982.0,965.0,970.0,-1.22,21987.0,21320306.0,0,2014-07-22,970.7589971690876,945.195593181004,25.563403988083564,0
2014-07-23,970.0,985.0,960.0,980.0,1.03,18748.0,18132412.0,0,2014-07-23,972.8125533537348,948.8592149514246,23.953338402310123,0
2014-07-24,980.0,980.0,951.0,966.0,-1.43,13607.0,13163756.0,0,2014-07-24,971.2986526084603,950.6635081144325,20.635144494027827,0
2014-07-27,966.0,985.0,950.0,960.0,-0.62,10803.0,10411749.0,0,2014-07-27,968.7878409176913,951.646296733966,17.141544183725273,0
2014-07-28,960.0,972.0,941.0,970.0,1.04,4356.0,4180139.0,0,2014-07-28,969.0572096026488,953.5782654988117,15.47894410383708,0
2014-07-30,970.0,969.0,950.0,950.0,-2.06,18498.0,17665960.0,0,2014-07-30,964.8222741353935,953.201605972621,11.620668162772517,0
2014-07-31,950.0,959.0,941.0,950.0,0.0,6282.0,5974882.0,0,2014-07-31,961.5284354386393,952.8645948176082,8.663840621031113,0
2014-08-03,950.0,945.0,926.0,931.0,-2.0,9122.0,8536242.0,0,2014-08-03,954.7443386744973,950.5630585210179,4.181280153479406,0
2014-08-04,931.0,940.0,910.0,920.0,-1.18,10581.0,9745463.0,0,2014-08-04,947.023374524609,947.345894466174,-0.3225199415649058,-1
2014-08-05,920.0,953.0,910.0,917.0,-0.33,10004.0,9236962.0,0,2014-08-05,940.3515135191403,944.151589785524,-3.800076266383712,0
2014-08-06,917.0,925.0,902.0,915.0,-0.22,14679.0,13456833.0,0,2014-08-06,934.7178438482204,941.0830013870478,-6.365157538827475,0
2014-08-07,915.0,915.0,876.0,902.0,-1.42,6474.0,5814130.0,0,2014-08-07,927.4472118819492,936.9690012410427,-9.521789359093532,0
2014-08-12,902.0,920.0,867.0,867.0,-3.88,9882.0,8709487.0,0,2014-08-12,914.014498130405,929.6038432156698,-15.589345085264881,0
2014-08-13,867.0,896.0,850.0,870.0,0.35,15066.0,13080693.0,0,2014-08-13,904.2334985458706,923.3297544561257,-19.09625591025508,0
2014-08-14,870.0,897.0,860.0,885.0,1.72,8530.0,7506538.0,0,2014-08-14,899.9593877578993,919.295043460744,-19.335655702844633,0
2014-08-18,885.0,897.0,850.0,855.0,-3.39,13653.0,11708252.0,0,2014-08-18,889.9684127005884,912.5271441490867,-22.558731448498293,0
2014-08-19,855.0,875.0,850.0,855.0,0.0,16533.0,14196639.0,0,2014-08-19,882.1976543226799,906.4716552912881,-24.27400096860822,0
2014-08-20,855.0,861.0,844.0,855.0,0.0,17040.0,14487636.0,0,2014-08-20,876.1537311398622,901.0535863132578,-24.899855173395622,0
2014-08-21,855.0,873.0,824.0,862.0,0.82,14341.0,12134831.0,0,2014-08-21,873.0084575532262,896.9426824908096,-23.934224937583394,0
2014-08-24,862.0,885.0,851.0,852.0,-1.16,6618.0,5705600.0,0,2014-08-24,868.339911430287,892.2118738075665,-23.871962377279488,0
2014-08-25,852.0,835.0,805.0,826.0,-3.05,7886.0,6464565.0,0,2014-08-25,858.9310422235566,885.2422028804542,-26.31116065689764,0
2014-08-26,826.0,850.0,799.0,804.0,-2.66,6882.0,5620727.0,0,2014-08-26,846.724143951655,876.6903920509327,-29.966248099277664,0
2014-08-27,804.0,850.0,820.0,835.0,3.86,5452.0,4585466.0,0,2014-08-27,844.118778629065,872.3019297297819,-28.18315110071694,0
2014-08-28,835.0,833.0,801.0,808.0,-3.23,11683.0,9545451.0,0,2014-08-28,836.0923833781617,865.5333055476997,-29.440922169538,0
2014-08-31,808.0,815.0,800.0,801.0,-0.87,15221.0,12241264.0,0,2014-08-31,828.2940759607924,858.7403260163628,-30.44625005557043,0
2014-09-01,801.0,800.0,771.0,800.0,-0.12,11838.0,9234632.0,0,2014-09-01,822.0065035250607,852.5571338041141,-30.550630279053394,0
2014-09-03,800.0,804.0,784.0,789.0,-1.38,10122.0,8016896.0,0,2014-09-03,814.6717249639362,845.8669091931547,-31.195184229218512,0
2014-09-04,789.0,790.0,762.0,762.0,-3.42,11354.0,8732943.0,0,2014-09-04,802.9668971941726,837.0388134886122,-34.071916294439575,0
2014-09-07,762.0,777.0,698.0,726.0,-4.72,11533.0,8378008.0,0,2014-09-07,785.8631422621343,825.3505173319162,-39.48737506978193,0
2014-09-09,726.0,762.0,735.0,740.0,1.93,15532.0,11525543.0,0,2014-09-09,775.6713328705489,816.3662523496093,-40.694919479060445,0
2014-09-10,740.0,785.0,745.0,765.0,3.38,29699.0,22598636.0,0,2014-09-10,773.2999255659824,810.9592784180714,-37.659352852089,0
2014-09-11,765.0,785.0,730.0,770.0,0.65,7548.0,5614708.0,0,2014-09-11,772.5666087735419,806.6477754266955,-34.08116665315356,0
2014-09-14,770.0,789.0,755.0,765.0,-0.65,5274.0,4009537.0,0,2014-09-14,770.8851401571993,802.2637990659906,-31.378658908791294,0
2014-09-15,765.0,765.0,750.0,756.0,-1.18,8391.0,6328025.0,0,2014-09-15,767.5773312333772,797.3939254800969,-29.81659424671966,0
2014-09-16,756.0,805.0,745.0,800.0,5.82,10742.0,8162198.0,0,2014-09-16,774.7823687370712,797.6682491137709,-22.885880376699674,0
2014-09-17,800.0,816.0,776.0,780.0,-2.5,8051.0,6338291.0,0,2014-09-17,775.9418423510554,795.8084334175844,-19.866591066529054,0
2014-09-18,780.0,795.0,751.0,775.0,-0.64,10668.0,8234773.0,0,2014-09-18,775.7325440508208,793.6180720052071,-17.885527954386248,0
2014-09-21,775.0,775.0,725.0,742.0,-4.26,4959.0,3671161.0,0,2014-09-21,768.2364231506384,788.184590741501,-19.948167590862568,0
2014-09-22,742.0,750.0,738.0,746.0,0.54,7252.0,5385625.0,0,2014-09-22,763.2949957838298,783.7441075055535,-20.44911172172374,0
2014-09-23,746.0,760.0,740.0,758.0,1.61,4551.0,3422032.0,0,2014-09-23,762.1183300540898,781.0342014523374,-18.915871398247532,0
2014-09-24,758.0,770.0,752.0,770.0,1.58,2210.0,1685608.0,0,2014-09-24,763.869812264292,779.8727065626176,-16.0028942983256,0
2014-09-28,770.0,785.0,770.0,785.0,1.95,2375.0,1844049.0,0,2014-09-28,768.5654095388938,780.4124216612895,-11.847012122395654,0
2014-09-29,785.0,794.0,779.0,794.0,1.15,2230.0,1749508.0,0,2014-09-29,774.217540752473,781.8426930653643,-7.6251523128912595,0
2014-09-30,794.0,800.0,790.0,800.0,0.76,7302.0,5791136.0,0,2014-09-30,779.9469761408125,783.753988532168,-3.8070123913555562,0
2014-10-08,800.0,790.0,780.0,780.0,-2.5,171.0,134940.0,0,2014-10-08,779.9587592206319,783.3588318445713,-3.4000726239394226,0
2014-10-09,780.0,780.0,749.0,760.0,-2.56,4037.0,3038070.0,0,2014-10-09,775.5234793938249,780.9000074398796,-5.376528046054659,0
2014-10-12,760.0,790.0,753.0,754.0,-0.79,2651.0,2028543.0,0,2014-10-12,770.740483972975,778.0684277093659,-7.327943736390921,0
2014-10-13,754.0,761.0,750.0,755.0,0.13,3074.0,2316425.0,0,2014-10-13,767.2425986456471,775.6401721610116,-8.397573515364456,0
2014-10-14,755.0,795.0,745.0,771.0,2.12,3114.0,2392400.0,0,2014-10-14,768.0775767243922,775.1517329861682,-7.074156261776011,0
2014-10-15,771.0,795.0,765.0,790.0,2.46,2149.0,1672078.0,0,2014-10-15,772.9492263411939,776.7147084613084,-3.765482120114484,0
2014-10-16,790.0,809.0,780.0,791.0,0.13,5604.0,4494496.0,0,2014-10-16,776.9605093764842,778.2184233601181,-1.2579139836338982,0
2014-10-19,791.0,789.0,770.0,789.0,-0.25,1990.0,1556192.0,0,2014-10-19,779.6359517372655,779.3533261643162,0.2826255729493141,1
2014-10-20,789.0,793.0,772.0,785.0,-0.51,2700.0,2112090.0,0,2014-10-20,780.8279624623176,779.9477128838619,0.8802495784557323,0
2014-10-21,785.0,790.0,772.0,773.0,-1.53,3051.0,2368888.0,0,2014-10-21,779.0884152484693,779.2163746855606,-0.12795943709124913,-1
2014-10-22,773.0,800.0,766.0,785.0,1.55,757.0,587036.0,0,2014-10-22,780.4021007488095,779.8251773502385,0.5769233985710116,1
2014-10-26,785.0,802.0,755.0,788.0,0.38,1188.0,928535.0,0,2014-10-26,782.0905228046296,780.6856849975818,1.4048378070477838,0
2014-10-27,788.0,805.0,790.0,800.0,1.52,5518.0,4404077.0,0,2014-10-27,786.0704066258231,782.7187707873101,3.3516358385130616,0
2014-10-28,800.0,835.0,787.0,822.0,2.75,31016.0,25259408.0,0,2014-10-28,794.0547607089735,786.8536370202247,7.201123688748794,0
2014-10-30,822.0,830.0,797.0,801.0,-2.55,16470.0,13243231.0,0,2014-10-30,795.5981472180905,788.342727860201,7.2554193578895365,0
2014-11-02,801.0,812.0,795.0,800.0,-0.12,12098.0,9670659.0,0,2014-11-02,796.5763367251816,789.5698091380746,7.00652758710703,0
2014-11-03,800.0,795.0,777.0,778.0,-2.75,3461.0,2710208.0,0,2014-11-03,792.4482618973635,788.3519344919614,4.096327405402121,0
2014-11-04,778.0,793.0,752.0,793.0,1.93,4259.0,3266471.0,0,2014-11-04,792.570870364616,788.8412045454392,3.72966581917683,0
2014-11-05,793.0,799.0,775.0,791.0,-0.25,3897.0,3071314.0,0,2014-11-05,792.221788061368,789.0684461722351,3.1533418891328893,0
2014-11-06,791.0,790.0,778.0,785.0,-0.76,574.0,449470.0,0,2014-11-06,790.6169462699529,788.6401886804209,1.976757589531985,0
2014-11-09,785.0,770.0,751.0,760.0,-3.18,5471.0,4172797.0,0,2014-11-09,783.8131804321856,785.6254319772187,-1.8122515450330638,-1
2014-11-10,760.0,758.0,746.0,750.0,-1.32,2099.0,1578250.0,0,2014-11-10,776.2991403361443,781.8753865059325,-5.576246169788192,0
2014-11-11,750.0,770.0,745.0,760.0,1.33,5841.0,4404314.0,0,2014-11-11,772.6771091503346,779.5727142421501,-6.8956050918155825,0
2014-11-12,760.0,770.0,750.0,753.0,-0.92,5258.0,3967763.0,0,2014-11-12,768.304418228038,776.775586427187,-8.47116819914902,0
2014-11-13,753.0,759.0,738.0,749.0,-0.53,3078.0,2313713.0,0,2014-11-13,764.0145475106963,773.8518404874832,-9.837292976786898,0
2014-11-16,749.0,760.0,718.0,720.0,-3.87,5541.0,4032303.0,0,2014-11-16,754.2335369527638,768.1832256993271,-13.94968874656331,0
2014-11-17,720.0,730.0,709.0,725.0,0.69,8484.0,6063176.0,0,2014-11-17,747.7371954077051,763.6376229941347,-15.9004275864296,0
2014-11-18,725.0,715.0,683.0,710.0,-2.07,9909.0,6939285.0,0,2014-11-18,739.3511519837707,757.9915574158048,-18.640405432034072,0
2014-11-19,710.0,724.0,700.0,715.0,0.7,8967.0,6320823.0,0,2014-11-19,733.9397848762661,753.4661303194043,-19.52634544313821,0
2014-11-20,715.0,736.0,710.0,722.0,0.98,2463.0,1788574.0,0,2014-11-20,731.286499348207,750.1539060752565,-18.867406727049456,0
2014-11-23,722.0,752.0,720.0,720.0,-0.28,6959.0,5157314.0,0,2014-11-23,728.7783883819388,746.9798106989138,-18.201422316974913,0
2014-11-24,720.0,731.0,719.0,726.0,0.83,7170.0,5173112.0,0,2014-11-24,728.160968741508,744.7714095727123,-16.6104408312043,0
2014-11-25,726.0,737.0,717.0,737.0,1.52,6944.0,5051467.0,0,2014-11-25,730.1251979100618,743.9533664597952,-13.828168549733391,0
2014-11-30,737.0,735.0,727.0,730.0,-0.95,2124.0,1552271.0,0,2014-11-30,730.0973761522703,742.4845910429747,-12.3872148907044,0
2014-12-01,730.0,727.0,718.0,721.0,-1.23,3984.0,2875728.0,0,2014-12-01,728.0757370073213,740.2230551437142,-12.147318136392869,0
2014-12-02,721.0,720.0,709.0,719.0,-0.28,6416.0,4584565.0,0,2014-12-02,726.0589065612498,737.9890493391126,-11.930142777862784,0
2014-12-03,719.0,745.0,720.0,724.0,0.7,13213.0,9600910.0,0,2014-12-03,725.601371769861,736.5165178297324,-10.915146059871404,0
2014-12-04,724.0,749.0,725.0,735.0,1.52,13692.0,10019621.0,0,2014-12-04,727.689955821003,736.3568843739711,-8.666928552968102,0
2014-12-07,735.0,741.0,731.0,738.0,0.41,4572.0,3376691.0,0,2014-12-07,729.981076749669,736.5298439135531,-6.548767163884122,0
2014-12-08,738.0,745.0,726.0,745.0,0.95,7065.0,5215309.0,0,2014-12-08,733.3186152497426,737.4214392910739,-4.102824041331246,0
2014-12-09,745.0,745.0,731.0,742.0,-0.4,4383.0,3239383.0,0,2014-12-09,735.2478118609109,737.9033930499081,-2.655581188997189,0
2014-12-10,742.0,764.0,743.0,754.0,1.62,5813.0,4356519.0,0,2014-12-10,739.4149647807085,739.5977727288652,-0.18280794815666468,0
2014-12-11,754.0,759.0,745.0,759.0,0.66,16410.0,12330551.0,0,2014-12-11,743.7671948294399,741.6401124416161,2.127082387823748,1
2014-12-14,759.0,800.0,761.0,800.0,5.4,35238.0,27259994.0,0,2014-12-14,756.263373756231,747.7832585003933,8.480115255837632,0
2014-12-15,696.0,723.0,675.0,706.0,-11.75,3850.0,2663968.0,0,2014-12-15,745.0937351437352,743.3850207635098,1.7087143802253877,0
2014-12-16,706.0,714.0,690.0,694.0,-1.7,1348.0,938892.0,0,2014-12-16,733.7395717784607,738.1865975252457,-4.447025746785016,-1
2014-12-17,694.0,695.0,685.0,685.0,-1.3,380.0,262100.0,0,2014-12-17,722.9085558276917,732.5880083120619,-9.679452484370245,0
2014-12-18,685.0,685.0,675.0,675.0,-1.46,1066.0,726215.0,0,2014-12-18,712.2622100882046,726.5261127002659,-14.263902612061315,0
2014-12-21,675.0,663.0,652.0,652.0,-3.41,1436.0,948243.0,0,2014-12-21,698.8706078463814,718.6812587318169,-19.810650885435507,0
2014-12-22,652.0,658.0,640.0,653.0,0.15,1817.0,1169793.0,0,2014-12-22,688.6771394360744,711.7674420232046,-23.090302587130168,0
2014-12-23,653.0,660.0,636.0,649.0,-0.61,3698.0,2371742.0,0,2014-12-23,679.8599973391689,705.1603428628672,-25.300345523698297,0
2014-12-24,649.0,655.0,650.0,655.0,0.92,1488.0,974240.0,0,2014-12-24,674.3355534860202,699.880306772039,-25.544753286018818,0
2014-12-28,655.0,685.0,668.0,675.0,3.05,3101.0,2111308.0,0,2014-12-28,674.4832082669046,697.2613271118245,-22.778118844919845,0
2014-12-28,655.0,685.0,668.0,675.0,0.0,3101.0,2111308.0,0,2014-12-28,674.5980508742591,694.9180295211062,-20.319978646847062,0
2014-12-29,675.0,695.0,662.0,695.0,2.96,1235.0,829759.0,0,2014-12-29,679.131817346646,694.9266579925687,-15.794840645922704,0
2015-01-01,695.0,682.0,658.0,658.0,-5.32,42.0,27986.0,0,2015-01-01,674.4358579362802,691.039641361772,-16.603783425491883,0
2015-01-04,658.0,675.0,656.0,670.0,1.82,9163.0,6144210.0,0,2015-01-04,673.450111728218,688.8249422710592,-15.37483054284121,0
2015-01-05,670.0,685.0,666.0,667.0,-0.45,7320.0,4907849.0,0,2015-01-05,672.0167535663917,686.5275799267372,-14.510826360345504,0
2015-01-06,667.0,670.0,661.0,661.0,-0.9,4534.0,3009263.0,0,2015-01-06,669.5685861071936,683.8404662502385,-14.271880143044882,0
2015-01-07,661.0,668.0,650.0,658.0,-0.45,7487.0,4951675.0,0,2015-01-07,666.9977891944839,681.120417171266,-14.122627976782155,0
2015-01-08,658.0,680.0,660.0,670.0,1.82,4341.0,2900681.0,0,2015-01-08,667.6649471512652,679.9498469427117,-12.284899791446492,0
2015-01-11,670.0,682.0,661.0,661.0,-1.34,3460.0,2307543.0,0,2015-01-11,666.1838477843174,677.9551262118999,-11.771278427582502,0
2015-01-12,661.0,665.0,655.0,658.0,-0.45,1816.0,1195484.0,0,2015-01-12,664.365214943358,675.8545866106474,-11.489371667289447,0
2015-01-13,658.0,666.0,650.0,665.0,1.06,4640.0,3049837.0,0,2015-01-13,664.5062782892785,674.7119985463687,-10.205720257090206,0
2015-01-14,665.0,666.0,658.0,666.0,0.15,3124.0,2066192.0,0,2015-01-14,664.8382164472166,673.7949460678035,-8.956729620586884,0
2015-01-18,666.0,679.0,660.0,665.0,-0.15,5442.0,3613798.0,0,2015-01-18,664.8741683478352,672.8691622711926,-7.99499392335747,0
2015-01-19,665.0,730.0,677.0,710.0,6.77,9674.0,6820227.0,0,2015-01-19,674.9021309372051,676.7776715058039,-1.875540568598808,0
2015-01-20,710.0,700.0,683.0,685.0,-3.52,3397.0,2348072.0,0,2015-01-20,677.1461018400483,677.6431797683508,-0.497077928302474,0
2015-01-22,685.0,682.0,667.0,675.0,-1.46,1028.0,696358.0,0,2015-01-22,676.6691903200376,677.3649503190508,-0.6957599990131484,0
2015-01-25,675.0,690.0,670.0,690.0,2.22,2568.0,1736973.0,0,2015-01-25,679.6315924711403,678.6949555486244,0.9366369225158451,1
2015-01-26,690.0,703.0,682.0,686.0,-0.58,6468.0,4449719.0,0,2015-01-26,681.0467941442203,679.4639075961377,1.5828865480825698,0
2015-01-27,686.0,693.0,680.0,692.0,0.87,1684.0,1163549.0,0,2015-01-27,683.480839889949,680.7834962702285,2.6973436197205274,0
2015-01-28,692.0,705.0,692.0,701.0,1.3,3692.0,2577449.0,0,2015-01-28,687.3739865810714,682.911549294415,4.462437286656495,0
2015-01-29,701.0,714.0,690.0,700.0,-0.14,9166.0,6430094.0,0,2015-01-29,690.1797673408333,684.7103335792133,5.469433761620053,0
2015-02-01,700.0,705.0,690.0,705.0,0.71,14939.0,10359650.0,0,2015-02-01,693.4731523762036,686.8460879392961,6.627064436907517,0
2015-02-02,705.0,711.0,687.0,699.0,-0.85,2237.0,1555489.0,0,2015-02-02,694.7013407370473,688.1254471035808,6.575893633466535,0
2015-02-03,699.0,692.0,685.0,686.0,-1.86,1810.0,1243835.0,0,2015-02-03,692.7677094621479,687.9017158295196,4.8659936326282605,0
2015-02-04,686.0,690.0,680.0,685.0,-0.15,2030.0,1393684.0,0,2015-02-04,691.0415518038927,687.5962720579912,3.44527974590153,0
2015-02-05,685.0,680.0,675.0,677.0,-1.17,2485.0,1686715.0,0,2015-02-05,687.9212069585833,686.4808749992553,1.4403319593279775,0
2015-02-08,677.0,689.0,675.0,685.0,1.18,4717.0,3214791.0,0,2015-02-08,687.2720498566758,686.3249934203864,0.947056436289472,0
2015-02-09,685.0,684.0,675.0,681.0,-0.58,1163.0,791460.0,0,2015-02-09,685.8782609996367,685.7644677971878,0.11379320244896007,0
2015-02-10,681.0,695.0,676.0,695.0,2.06,1162.0,790285.0,0,2015-02-10,687.9053141108286,686.7366290816943,1.1686850291342807,0
2015-02-11,695.0,692.0,681.0,688.0,-1.01,4268.0,2934956.0,0,2015-02-11,687.9263554195334,686.8696154941475,1.0567399253858412,0
2015-02-12,688.0,692.0,680.0,680.0,-1.16,3730.0,2551457.0,0,2015-02-12,686.1649431040815,686.146498073711,0.018445030370571658,0
2015-02-15,680.0,685.0,679.0,680.0,0.0,6123.0,4165875.0,0,2015-02-15,684.7949557476189,685.4994982764782,-0.7045425288592924,-1
2015-02-16,680.0,679.0,675.0,675.0,-0.74,2400.0,1620445.0,0,2015-02-16,682.6182989148148,684.3942879315858,-1.7759890167710637,0
2015-02-16,680.0,679.0,675.0,675.0,0.0,2400.0,1620445.0,0,2015-02-16,680.9253436004115,683.4054155177347,-2.4800719173232437,0
2015-02-18,675.0,675.0,666.0,666.0,-1.33,2060.0,1378846.0,0,2015-02-18,677.6086005780978,681.573266515868,-3.964665937770178,0
2015-02-22,666.0,667.0,660.0,663.0,-0.45,1876.0,1245674.0,0,2015-02-22,674.3622448940762,679.6181858299872,-5.255940935910985,0
2015-02-23,663.0,667.0,658.0,662.0,-0.15,2591.0,1715492.0,0,2015-02-23,671.6150793620592,677.7636399531464,-6.1485605910871755,0
2015-02-24,662.0,663.0,659.0,660.0,-0.3,2680.0,1769854.0,0,2015-02-24,669.033950614935,675.8937831159731,-6.859832501038113,0
2015-02-25,660.0,664.0,651.0,660.0,0.0,3560.0,2344988.0,0,2015-02-25,667.0264060338383,674.2207533142918,-7.194347280453485,0
2015-02-26,660.0,684.0,658.0,666.0,0.91,1038.0,690897.0,0,2015-02-26,666.7983158040964,673.3554108601559,-6.557095056059438,0
2015-03-01,666.0,666.0,660.0,662.0,-0.6,5324.0,3523240.0,0,2015-03-01,665.7320234031861,672.1601044538236,-6.428081050637502,0
2015-03-02,662.0,705.0,663.0,705.0,6.5,2457.0,1646489.0,0,2015-03-02,674.4582404247003,675.6169355639474,-1.1586951392471292,0
2015-03-03,705.0,691.0,668.0,668.0,-5.25,522.0,356223.0,0,2015-03-03,673.023075885878,674.8151528730056,-1.7920769871275297,0
2015-03-04,668.0,685.0,670.0,675.0,1.05,3760.0,2534406.0,0,2015-03-04,673.4623923556829,674.8346104653208,-1.3722181096378563,0
2015-03-09,675.0,700.0,680.0,691.0,2.37,3709.0,2541137.0,0,2015-03-09,677.3596384988645,676.5362304163397,0.8234080825247929,1
2015-03-11,691.0,682.0,675.0,677.0,-2.03,1096.0,743374.0,0,2015-03-11,677.2797188324502,676.5850482672513,0.6946705651988623,0
2015-03-12,677.0,680.0,653.0,677.0,0.0,3697.0,2499918.0,0,2015-03-12,677.2175590919057,676.6287273970144,0.5888316948913825,0
2015-03-15,677.0,670.0,664.0,670.0,-1.03,1883.0,1257173.0,0,2015-03-15,675.6136570714823,675.9309666183813,-0.3173095468989686,-1
2015-03-16,670.0,662.0,653.0,655.0,-2.24,2818.0,1846396.0,0,2015-03-16,671.0328443889307,673.7277069743411,-2.6948625854104193,0
2015-03-17,655.0,660.0,640.0,655.0,0.0,3646.0,2384825.0,0,2015-03-17,667.4699900802794,671.7563693980946,-4.286379317815204,0
2015-03-18,655.0,662.0,652.0,655.0,0.0,2426.0,1589385.0,0,2015-03-18,664.6988811735507,669.9925410404004,-5.29365986684968,0
2015-03-19,655.0,664.0,645.0,660.0,0.76,2366.0,1557438.0,0,2015-03-19,663.6546853572061,668.9406946150951,-5.286009257889077,0
2015-03-22,660.0,660.0,650.0,650.0,-1.52,6245.0,4080403.0,0,2015-03-22,660.6203108333825,666.9469372871904,-6.326626453807876,0
2015-03-23,650.0,653.0,650.0,652.0,0.31,2298.0,1495275.0,0,2015-03-23,658.704686203742,665.3735754674861,-6.668889263744177,0
2015-03-24,652.0,657.0,641.0,649.0,-0.46,6193.0,4019916.0,0,2015-03-24,656.5480892695771,663.6500412077507,-7.10195193817367,0
2015-03-25,649.0,654.0,638.0,645.0,-0.62,4791.0,3083688.0,0,2015-03-25,653.9818472096711,661.686878975356,-7.705031765684907,0
2015-03-26,645.0,648.0,640.0,640.0,-0.78,2082.0,1340930.0,0,2015-03-26,650.8747700519664,659.404049609529,-8.529279557562631,0
2015-03-29,640.0,647.0,631.0,647.0,1.09,2539.0,1621601.0,0,2015-03-29,650.0137100404183,658.0983601769469,-8.08465013652858,0
2015-03-30,647.0,640.0,635.0,637.0,-1.55,1311.0,837089.0,0,2015-03-30,647.121774475881,655.877480158321,-8.755705682439952,0
2015-03-31,637.0,653.0,633.0,653.0,2.51,1972.0,1275660.0,0,2015-03-31,648.4280468145741,655.5745875100766,-7.146540695502495,0
2015-04-01,653.0,649.0,641.0,643.0,-1.53,2771.0,1789193.0,0,2015-04-01,647.2218141891133,654.2509467195423,-7.029132530429024,0
2015-04-02,643.0,655.0,646.0,654.0,1.71,800.0,521140.0,0,2015-04-02,648.7280777026436,654.22453127538,-5.4964535727363,0
2015-04-05,654.0,645.0,636.0,641.0,-1.99,1285.0,825100.0,0,2015-04-05,647.0107271020562,652.8324753516558,-5.821748249599636,0
2015-04-06,641.0,652.0,640.0,641.0,0.0,1382.0,886135.0,0,2015-04-06,645.675009968266,651.586951630429,-5.911941662163031,0
2015-04-07,641.0,643.0,640.0,643.0,0.31,2352.0,1508025.0,0,2015-04-07,645.0805633086513,650.6830619851207,-5.602498676469395,0
2015-04-08,643.0,655.0,645.0,646.0,0.47,2645.0,1714997.0,0,2015-04-08,645.2848825733954,650.1901080919502,-4.905225518554744,0
2015-04-09,646.0,655.0,649.0,655.0,1.39,945.0,616591.0,0,2015-04-09,647.4437975570853,650.6964125033238,-3.252614946238509,0
2015-04-12,655.0,679.0,656.0,668.0,1.98,1884.0,1249807.0,0,2015-04-12,652.0118425443997,652.5178427661318,-0.5060002217321653,0
2015-04-13,668.0,661.0,655.0,661.0,-1.05,96.0,63255.0,0,2015-04-13,654.0092108678664,653.4107014223284,0.5985094455379567,1
2015-04-15,661.0,655.0,649.0,655.0,-0.91,1948.0,1270359.0,0,2015-04-15,654.2293862305628,653.5779960094517,0.6513902211111144,0
2015-04-16,655.0,660.0,647.0,650.0,-0.76,419.0,273355.0,0,2015-04-16,653.2895226237711,653.2013648505621,0.08815777320899087,0
2015-04-19,650.0,660.0,646.0,660.0,1.54,2728.0,1769939.0,0,2015-04-19,654.7807398184887,653.9170106557661,0.8637291627225068,0
2015-04-20,660.0,660.0,648.0,648.0,-1.82,1085.0,707490.0,0,2015-04-20,653.2739087477134,653.2941674288434,-0.020258681129917022,-1
2015-04-21,648.0,658.0,648.0,658.0,1.54,5121.0,3336296.0,0,2015-04-21,654.3241512482216,653.7895182258072,0.5346330224143685,1
2015-04-22,658.0,660.0,645.0,645.0,-1.98,3088.0,2001432.0,0,2015-04-22,652.2521176375056,652.8643057809854,-0.6121881434797842,-1
2015-04-23,645.0,650.0,646.0,650.0,0.78,565.0,366292.0,0,2015-04-23,651.7516470513933,652.5627999093027,-0.8111528579094056,0
2015-05-25,650.0,637.0,625.0,625.0,-3.85,30.0,18990.0,0,2015-05-25,645.8068365955281,649.6614525504287,-3.8546159549006234,0
2015-05-26,625.0,613.0,563.0,563.0,-9.92,2135.0,1205555.0,0,2015-05-26,627.4053173520774,640.5391943872257,-13.133877035148316,0
2015-05-27,563.0,552.0,529.0,529.0,-6.04,8645.0,4613824.0,0,2015-05-27,605.5374690516157,628.7982265569915,-23.26075750537575,0
2015-05-28,529.0,540.0,509.0,535.0,1.13,12604.0,6599730.0,0,2015-05-28,589.8624759290344,618.9247290246766,-29.062253095642177,0
2015-05-31,535.0,581.0,530.0,555.0,3.74,3325.0,1851344.0,0,2015-05-31,582.1152590559157,612.1958101799738,-30.08055112405816,0
2015-06-01,555.0,588.0,561.0,570.0,2.7,7287.0,4140467.0,0,2015-06-01,579.4229792657122,607.7541459505029,-28.331166684790674,0
2015-06-02,570.0,592.0,573.0,590.0,3.51,2513.0,1470068.0,0,2015-06-02,581.7734283177762,605.8852884820288,-24.111860164252676,0
2015-06-03,590.0,625.0,589.0,615.0,4.24,6023.0,3628776.0,0,2015-06-03,589.1571109138259,606.84473179971,-17.68762088588403,0
2015-06-04,615.0,627.0,601.0,622.0,1.14,7821.0,4767228.0,0,2015-06-04,596.4555307107535,608.4400231892142,-11.984492478460766,0
2015-06-07,622.0,632.0,610.0,632.0,1.61,9235.0,5666990.0,0,2015-06-07,604.3543016639194,610.9200207482443,-6.565719084324883,0
2015-06-08,632.0,656.0,638.0,649.0,2.69,14110.0,9057295.0,0,2015-06-08,614.2755679608262,614.9284396168501,-0.65287165602399,0
2015-06-08,632.0,656.0,638.0,649.0,0.0,14110.0,9057295.0,0,2015-06-08,621.9921084139759,618.5149196571816,3.4771887567942485,1
2015-06-08,632.0,656.0,638.0,649.0,0.0,14110.0,9057295.0,0,2015-06-08,627.993862099759,621.7238754827414,6.269986617017594,0
2015-06-09,649.0,701.0,656.0,665.0,2.47,14496.0,9861145.0,0,2015-06-09,636.2174482998125,626.2792570108738,9.938191288938697,0
2015-06-10,665.0,664.0,646.0,657.0,-1.2,8968.0,5881745.0,0,2015-06-10,640.8357931220764,629.5130194307818,11.322773691294628,0
2015-06-11,657.0,660.0,625.0,631.0,-3.96,6693.0,4213442.0,0,2015-06-11,638.6500613171706,629.6695437012258,8.980517615944791,0
2015-06-14,631.0,633.0,618.0,633.0,0.32,3536.0,2196180.0,0,2015-06-14,637.3944921355771,630.0201180484653,7.374374087111846,0
2015-06-15,633.0,640.0,619.0,625.0,-1.26,4053.0,2542705.0,0,2015-06-15,634.6401605498934,629.4916845696795,5.148475980213902,0
2015-06-16,625.0,642.0,622.0,622.0,-0.48,4247.0,2658496.0,0,2015-06-16,631.8312359832504,628.7030861939238,3.128149789326585,0
2015-06-17,622.0,622.0,612.0,622.0,0.0,5058.0,3109880.0,0,2015-06-17,629.6465168758614,627.9974981735108,1.6490187023505314,0
2015-06-18,622.0,622.0,613.0,622.0,0.0,2415.0,1496853.0,0,2015-06-18,627.9472909034478,627.3661825762993,0.5811083271485131,0
2015-06-21,622.0,615.0,608.0,615.0,-1.13,4384.0,2677181.0,0,2015-06-21,625.070115147126,626.0644791472151,-0.9943640000891492,-1
2015-06-22,615.0,622.0,607.0,616.0,0.16,5352.0,3289346.0,0,2015-06-22,623.0545340033202,625.0050602896135,-1.950526286293325,0
2015-06-23,616.0,624.0,605.0,615.0,-0.16,1897.0,1170228.0,0,2015-06-23,621.2646375581379,623.9518960486016,-2.687258490463705,0
2015-06-24,615.0,624.0,615.0,615.0,0.0,1549.0,958550.0,0,2015-06-24,619.8724958785517,623.0095912013803,-3.1370953228286,0
2015-06-25,615.0,628.0,614.0,621.0,0.98,3413.0,2118704.0,0,2015-06-25,620.1230523499846,622.7980552854456,-2.6750029354609524,0
2015-06-28,621.0,628.0,616.0,618.0,-0.48,4619.0,2865480.0,0,2015-06-28,619.6512629388769,622.2929968343461,-2.6417338954692013,0
2015-06-29,618.0,630.0,620.0,620.0,0.32,6289.0,3911643.0,0,2015-06-29,619.7287600635709,622.0516287465202,-2.32286868294932,0
2015-06-30,620.0,627.0,612.0,617.0,-0.48,4126.0,2544777.0,0,2015-06-30,619.1223689383329,621.5198783521497,-2.397509413816806,0
2015-07-01,617.0,622.0,612.0,615.0,-0.32,4903.0,3015340.0,0,2015-07-01,618.2062869520367,620.8335753677129,-2.627288415676162,0
2015-07-02,615.0,615.0,602.0,608.0,-1.14,5485.0,3335808.0,0,2015-07-02,615.9382231849174,619.4826726974273,-3.544449512509914,0
2015-07-05,608.0,612.0,604.0,605.0,-0.49,12264.0,7446192.0,0,2015-07-05,613.5075069216024,617.9581808345403,-4.450673912937873,0
2015-07-06,605.0,610.0,603.0,610.0,0.83,3617.0,2195340.0,0,2015-07-06,612.7280609390241,617.1204775887992,-4.3924166497751,0
2015-07-07,610.0,614.0,607.0,610.0,0.0,2686.0,1637181.0,0,2015-07-07,612.1218251747965,616.3709536320835,-4.249128457286929,0
2015-07-08,610.0,614.0,609.0,611.0,0.16,4922.0,3009420.0,0,2015-07-08,611.8725306915085,615.8055900918641,-3.93305940035566,0
2015-07-09,611.0,616.0,610.0,610.0,-0.16,2634.0,1613036.0,0,2015-07-09,611.4564127600622,615.1944753453521,-3.7380625852898675,0
2015-07-12,610.0,612.0,599.0,608.0,-0.33,3871.0,2360995.0,0,2015-07-12,610.688321035604,614.4371621511045,-3.748841115500568,0
2015-07-13,608.0,612.0,607.0,610.0,0.33,3950.0,2405209.0,0,2015-07-13,610.5353608054697,613.9700924509883,-3.434731645518582,0
2015-07-14,610.0,615.0,598.0,610.0,0.0,3804.0,2313541.0,0,2015-07-14,610.4163917375876,613.5521879824632,-3.135796244875678,0
2015-07-15,610.0,612.0,608.0,612.0,0.33,1785.0,1088450.0,0,2015-07-15,610.7683046847903,613.3887997737829,-2.620495088992584,0
2015-07-16,612.0,620.0,605.0,617.0,0.82,2862.0,1739177.0,0,2015-07-16,612.153125865948,613.7689261133847,-1.6158002474367095,0
2015-07-22,617.0,622.0,610.0,616.0,-0.16,1978.0,1221192.0,0,2015-07-22,613.0079867846263,614.0037759961864,-0.9957892115601226,0
2015-07-23,616.0,664.0,620.0,660.0,7.14,4388.0,2807654.0,0,2015-07-23,623.4506563880426,618.8454837860615,4.605172601981053,1
2015-07-26,660.0,726.0,673.0,726.0,10.0,9309.0,6756483.0,0,2015-07-26,646.239399412922,630.1249065454235,16.114492867498484,0
2015-07-27,726.0,784.0,711.0,730.0,0.55,75451.0,55747512.0,0,2015-07-27,664.8528662100505,640.6380742774843,24.214791932566186,0
2015-07-28,730.0,730.0,702.0,712.0,-2.47,15309.0,10977967.0,0,2015-07-28,675.3300070522614,648.1498559324859,27.180151119775473,0
2015-07-29,712.0,712.0,693.0,708.0,-0.56,7221.0,5061953.0,0,2015-07-29,682.5900054850922,654.4498710974874,28.140134387604803,0
2015-07-30,708.0,725.0,695.0,702.0,-0.85,13154.0,9268632.0,0,2015-07-30,686.9033375995161,659.4551478240676,27.448189775448554,0
2015-08-02,702.0,716.0,695.0,700.0,-0.28,7123.0,4984936.0,0,2015-08-02,689.8137070218459,663.7230270004816,26.090680021364278,0
2015-08-03,700.0,710.0,700.0,705.0,0.71,15134.0,10632741.0,0,2015-08-03,693.188438794769,668.0679715267466,25.120467268022367,0
2015-08-04,705.0,720.0,703.0,720.0,2.13,12309.0,8749762.0,0,2015-08-04,699.1465635070426,673.5345008397206,25.612062667321993,0
2015-08-05,720.0,724.0,703.0,715.0,-0.69,12179.0,8633210.0,0,2015-08-05,702.6695493943665,677.8992902250133,24.770259169353267,0
2015-08-06,715.0,736.0,711.0,730.0,2.1,24147.0,17464368.0,0,2015-08-06,708.7429828622851,683.3835754644856,25.359407397799487,0
2015-08-09,730.0,773.0,733.0,773.0,5.89,47260.0,35609912.0,0,2015-08-09,723.0223200039995,692.8168833103292,30.205436693670322,0
2015-08-10,773.0,826.0,775.0,812.0,5.05,55069.0,43665664.0,0,2015-08-10,742.7951377808886,705.3624745408209,37.432663240067654,0
2015-08-11,812.0,852.0,810.0,841.0,3.57,97092.0,80696736.0,0,2015-08-11,764.6184404962468,719.6401087996818,44.978331696564965,0
2015-08-12,841.0,851.0,833.0,850.0,1.07,88461.0,74852928.0,0,2015-08-12,783.5921203859698,733.3622026102416,50.229917775728154,0
2015-08-13,850.0,894.0,841.0,894.0,5.18,53663.0,46631360.0,0,2015-08-13,808.1272047446431,750.2714444407425,57.85576030390064,0
2015-08-16,894.0,894.0,830.0,891.0,-0.34,93166.0,81273192.0,0,2015-08-16,826.5433814680557,765.0849766048749,61.45840486318082,0
2015-08-17,891.0,945.0,884.0,923.0,3.59,42568.0,39096608.0,0,2015-08-17,847.9781855862656,781.707610646467,66.27057493979862,0
2015-08-18,923.0,920.0,890.0,904.0,-2.06,24505.0,22140712.0,0,2015-08-18,860.4274776782066,794.5804937363125,65.84698394189411,0
2015-08-18,923.0,920.0,890.0,904.0,0.0,24505.0,22140712.0,0,2015-08-18,870.110260416383,806.0983365009112,64.01192391547181,0
2015-08-19,904.0,938.0,900.0,930.0,2.88,27267.0,25140944.0,0,2015-08-19,883.4190914349645,819.1406168692363,64.27847456572817,0
2015-08-20,930.0,954.0,918.0,920.0,-1.08,22516.0,21006596.0,0,2015-08-20,891.5481822271946,829.7573940408956,61.79078818629898,0
2015-08-23,920.0,925.0,889.0,902.0,-1.96,11094.0,10036557.0,0,2015-08-23,893.8708083989292,837.3618788786961,56.508929520233096,0
2015-08-24,902.0,918.0,877.0,885.0,-1.88,10704.0,9592155.0,0,2015-08-24,891.8995176436116,842.3764179440965,49.523099699515114,0
2015-08-25,885.0,887.0,869.0,882.0,-0.34,6433.0,5659634.0,0,2015-08-25,889.6996248339201,846.5473213184022,43.15230351551793,0
2015-08-26,882.0,900.0,875.0,882.0,0.0,12927.0,11507867.0,0,2015-08-26,887.988597093049,850.2791822322546,37.70941486079437,0
2015-08-27,882.0,899.0,876.0,885.0,0.34,5244.0,4634954.0,0,2015-08-27,887.3244644057047,853.9340051551751,33.3904592505296,0
2015-08-31,885.0,883.0,867.0,882.0,-0.34,6783.0,5941741.0,0,2015-08-31,886.1412500933259,856.8883204019988,29.25292969132704,0
2015-09-01,882.0,895.0,883.0,886.0,0.45,21634.0,19230334.0,0,2015-09-01,886.109861183698,859.9527077281043,26.15715345559363,0
2015-09-02,886.0,883.0,855.0,860.0,-2.93,10672.0,9197243.0,0,2015-09-02,880.3076698095429,859.957685861988,20.349983947554847,0
2015-09-03,860.0,875.0,863.0,874.0,1.63,13803.0,11986649.0,0,2015-09-03,878.9059654074222,861.4358241923051,17.47014121511711,0
2015-09-06,874.0,895.0,841.0,886.0,1.37,13535.0,11927773.0,0,2015-09-06,880.4824175391062,864.0215269089045,16.460890630201675,0
2015-09-07,886.0,908.0,890.0,905.0,2.14,13819.0,12438045.0,0,2015-09-07,885.9307691970826,868.3350503921778,17.595718804904777,0
2015-09-08,905.0,930.0,903.0,930.0,2.76,22643.0,20761700.0,0,2015-09-08,895.7239315977308,874.826097719317,20.89783387841385,0
2015-09-09,930.0,948.0,920.0,943.0,1.4,29001.0,26994040.0,0,2015-09-09,906.2297245760128,882.0022979593889,24.227426616623916,0
2015-09-10,943.0,943.0,920.0,930.0,-1.38,18656.0,17329272.0,0,2015-09-10,911.5120080035655,887.0546876478743,24.457320355691195,0
2015-09-13,930.0,950.0,930.0,944.0,1.51,13538.0,12743030.0,0,2015-09-13,918.7315617805509,893.0489310533612,25.68263072718969,0
2015-09-14,944.0,969.0,947.0,953.0,0.95,41773.0,39859044.0,0,2015-09-14,926.3467702737619,899.3595698898495,26.98720038391241,0
2015-09-15,953.0,989.0,970.0,970.0,1.78,31112.0,30305840.0,0,2015-09-15,936.0474879907036,906.7954046382863,29.252083352417344,0
2015-09-16,970.0,982.0,955.0,968.0,-0.21,34305.0,33020568.0,0,2015-09-16,943.1480462149917,913.2379936237298,29.910052591261888,0
2015-09-17,968.0,975.0,949.0,952.0,-1.65,28849.0,27480376.0,0,2015-09-17,945.1151470561047,917.3182048212319,27.796942234872745,0
2015-09-22,952.0,950.0,913.0,920.0,-3.36,23240.0,21657348.0,0,2015-09-22,939.5340032658592,917.600499050576,21.933504215283165,0
2015-09-23,920.0,958.0,936.0,940.0,2.17,19431.0,18299436.0,0,2015-09-23,939.6375580956683,919.9583412557785,19.67921683988982,0
2015-09-24,940.0,957.0,925.0,949.0,0.96,19391.0,18242184.0,0,2015-09-24,941.7181007410753,923.0153579656965,18.70274277537885,0
2015-09-28,949.0,938.0,910.0,938.0,-1.16,17729.0,16472988.0,0,2015-09-28,940.8918561319475,924.5926887061495,16.299167425798032,0
2015-09-29,938.0,960.0,938.0,960.0,2.35,12392.0,11717747.0,0,2015-09-29,945.138110324848,928.3197741055022,16.818336219345724,0
2015-09-30,960.0,986.0,955.0,985.0,2.6,30770.0,30080688.0,0,2015-09-30,953.9963080304374,934.2861136733441,19.710194357093314,0
2015-10-01,985.0,1010.0,970.0,993.0,0.81,29266.0,28813204.0,0,2015-10-01,962.6637951347846,940.4665227603605,22.197272374424074,0
2015-10-04,993.0,1012.0,980.0,985.0,-0.81,29292.0,29034024.0,0,2015-10-04,967.6273962159436,945.1542572066382,22.473139009305328,0
2015-10-05,985.0,979.0,970.0,970.0,-1.52,22203.0,21627732.0,0,2015-10-05,968.1546415012895,947.7695985533079,20.38504294798156,0
2015-10-06,970.0,970.0,946.0,946.0,-2.47,11879.0,11299448.0,0,2015-10-06,963.2313878343363,947.5833250213808,15.648062812955459,0
2015-10-07,946.0,965.0,925.0,951.0,0.53,9423.0,8811620.0,0,2015-10-07,960.5133016489283,947.9429750191301,12.57032662979816,0
2015-10-08,951.0,955.0,933.0,950.0,-0.11,9440.0,8894692.0,0,2015-10-08,958.1770123936109,948.1595039644849,10.017508429125996,0
2015-10-11,950.0,941.0,915.0,920.0,-3.16,13136.0,12127775.0,0,2015-10-11,949.6932318616974,945.1953456524338,4.497886209263584,0
2015-10-14,920.0,918.0,908.0,909.0,-1.2,7491.0,6842069.0,0,2015-10-14,940.6502914479869,941.3853092679672,-0.7350178199802713,-1
2015-10-15,909.0,927.0,900.0,914.0,0.55,9840.0,8943786.0,0,2015-10-15,934.7280044595453,938.5026451344969,-3.77464067495157,0
2015-10-18,914.0,906.0,896.0,896.0,-1.97,10125.0,9117910.0,0,2015-10-18,926.121781246313,934.0286824887603,-7.906901242447248,0
2015-10-19,896.0,912.0,890.0,911.0,1.67,13288.0,11941752.0,0,2015-10-19,922.7613854137991,931.6046106478382,-8.843225234039096,0
2015-10-25,911.0,900.0,881.0,897.0,-1.54,6765.0,6046695.0,0,2015-10-25,917.0366330996214,927.962020053329,-10.925386953707516,0
2015-10-27,897.0,892.0,861.0,866.0,-3.46,10718.0,9345060.0,0,2015-10-27,905.6951590774834,921.4397021529785,-15.74454307549513,0
2015-10-28,866.0,880.0,840.0,874.0,0.92,13802.0,11813422.0,0,2015-10-28,898.6517903935982,916.4460492947702,-17.794258901172043,0
2015-10-29,874.0,891.0,870.0,880.0,0.69,11730.0,10275683.0,0,2015-10-29,894.5069480839097,912.6096230532155,-18.10267496930578,0
2015-11-01,880.0,872.0,850.0,866.0,-1.59,4126.0,3549768.0,0,2015-11-01,888.1720707319298,907.7033469423507,-19.531276210420856,0
2015-11-02,866.0,885.0,869.0,878.0,1.39,8389.0,7367647.0,0,2015-11-02,885.9116105692788,904.5766788431558,-18.66506827387707,0
2015-11-03,878.0,868.0,860.0,868.0,-1.14,3149.0,2723829.0,0,2015-11-03,881.9312526649946,900.7265021228236,-18.79524945782896,0
2015-11-04,868.0,893.0,866.0,877.0,1.04,6344.0,5557365.0,0,2015-11-04,880.8354187394403,898.228975583579,-17.39355684413863,0
2015-11-05,877.0,876.0,867.0,872.0,-0.57,7385.0,6433235.0,0,2015-11-05,878.8719923528981,895.4680307853075,-16.596038432409387,0
2015-11-08,872.0,865.0,857.0,860.0,-1.38,5009.0,4299890.0,0,2015-11-08,874.6782162744763,891.7345538605383,-17.056337586062,0
2015-11-09,860.0,894.0,870.0,894.0,3.95,7945.0,6959792.0,0,2015-11-09,878.9719459912593,891.9730218752185,-13.001075883959174,0
2015-11-10,894.0,891.0,875.0,889.0,-0.56,8335.0,7369750.0,0,2015-11-10,881.2004024376462,891.6600722041428,-10.459669766496631,0
2015-11-15,889.0,874.0,860.0,874.0,-1.69,3025.0,2627063.0,0,2015-11-15,879.600313007058,889.8011172352857,-10.20080422822764,0
2015-11-16,874.0,865.0,851.0,860.0,-1.6,6603.0,5671349.0,0,2015-11-16,875.2446878943784,886.6641575263083,-11.419469631929815,0
2015-11-18,860.0,880.0,870.0,875.0,1.74,5915.0,5177509.0,0,2015-11-18,875.1903128067388,885.4363514709073,-10.246038664168509,0
2015-11-19,875.0,874.0,857.0,871.0,-0.46,3183.0,2762789.0,0,2015-11-19,874.2591321830191,883.9167355266013,-9.657603343582196,0
2015-11-22,871.0,855.0,839.0,839.0,-3.67,9270.0,7827584.0,0,2015-11-22,866.4237694756815,879.1886581027485,-12.764888627066966,0
2015-11-23,839.0,840.0,817.0,840.0,0.12,13496.0,11181445.0,0,2015-11-23,860.5518207033078,875.0635361971961,-14.511715493888232,0
2015-11-24,840.0,835.0,824.0,835.0,-0.6,13585.0,11284800.0,0,2015-11-24,854.873638324795,870.8463218606491,-15.972683535854117,0
2015-11-25,835.0,835.0,822.0,835.0,0.0,6702.0,5563750.0,0,2015-11-25,850.4572742526184,867.073024822686,-16.615750570067576,0
2015-11-26,835.0,824.0,801.0,815.0,-2.4,15623.0,12642393.0,0,2015-11-26,842.5778799742587,861.591653788719,-19.01377381446025,0
2015-11-29,815.0,814.0,787.0,787.0,-3.44,10979.0,8708352.0,0,2015-11-29,830.227239979979,853.7399007583275,-23.512660778348504,0
2015-11-30,787.0,808.0,787.0,800.0,1.65,11386.0,9091296.0,0,2015-11-30,823.5100755399837,848.0830690995562,-24.57299355957241,0
2015-12-01,800.0,840.0,810.0,838.0,4.75,6761.0,5631147.0,0,2015-12-01,826.7300587533207,847.021693404866,-20.291634651545337,0
2015-12-02,838.0,840.0,802.0,818.0,-2.39,7157.0,5878330.0,0,2015-12-02,824.7900456970272,843.9667783096169,-19.176732612589717,0
2015-12-03,818.0,850.0,815.0,838.0,2.44,16673.0,13891149.0,0,2015-12-03,827.7255910976877,843.3386963822888,-15.613105284601147,0
2015-12-06,838.0,884.0,851.0,884.0,5.49,23660.0,20478586.0,0,2015-12-06,840.2310152982016,847.6188336052059,-7.387818307004295,0
2015-12-07,884.0,895.0,875.0,892.0,0.9,24009.0,21255468.0,0,2015-12-07,851.7352341208234,852.2905353309736,-0.555301210150219,0
2015-12-08,892.0,905.0,875.0,903.0,1.23,21148.0,18737938.0,0,2015-12-08,863.1274043161959,857.628373717187,5.499030599008961,1
2015-12-09,903.0,923.0,905.0,920.0,1.88,33780.0,30823180.0,0,2015-12-09,875.7657589125969,864.1938080627463,11.571950849850623,0
2015-12-10,920.0,940.0,920.0,939.0,2.07,54716.0,50912624.0,0,2015-12-10,889.8178124875753,872.0681440561414,17.749668431433975,0
2015-12-13,939.0,960.0,910.0,920.0,-2.02,19927.0,18587014.0,0,2015-12-13,896.5249652681142,877.1136025765476,19.411362691566637,0
2015-12-14,920.0,916.0,902.0,907.0,-1.41,12553.0,11413911.0,0,2015-12-14,898.8527507640888,880.2595391474374,18.593211616651388,0
2015-12-15,907.0,921.0,910.0,915.0,0.88,13654.0,12496184.0,0,2015-12-15,902.441028372069,883.9164297634966,18.524598608572433,0
2015-12-16,915.0,918.0,900.0,907.0,-0.87,9714.0,8818848.0,0,2015-12-16,903.4541331782759,886.3462792620759,17.107853916200042,0
2015-12-17,907.0,915.0,901.0,915.0,0.88,17448.0,15823424.0,0,2015-12-17,906.0198813608813,889.3624603923837,16.657420968497604,0
2015-12-20,915.0,957.0,901.0,957.0,4.59,30396.0,28344516.0,0,2015-12-20,917.3487966140187,896.4822014037117,20.866595210307082,0
2015-12-21,957.0,1052.0,976.0,1052.0,9.93,93168.0,98009336.0,0,2015-12-21,947.2712862553478,912.8524959927946,34.418790262553216,0
2015-12-22,1052.0,1157.0,1021.0,1029.0,-2.19,119750.0,125533072.0,0,2015-12-22,965.4332226430483,925.0785490461847,40.35467359686368,0
2015-12-23,1029.0,1036.0,1006.0,1008.0,-2.04,54700.0,55607736.0,0,2015-12-23,974.8925065001487,933.8071228307967,41.08538366935193,0
2015-12-24,1008.0,1019.0,1002.0,1012.0,0.4,34569.0,34941044.0,0,2015-12-24,983.1386161667823,942.0379520065023,41.10066416027996,0
2015-12-27,1012.0,1024.0,1012.0,1019.0,0.69,22998.0,23405980.0,0,2015-12-27,991.1078125741641,950.1392202163443,40.96859235781983,0
2015-12-28,1019.0,1017.0,1000.0,1000.0,-1.86,30514.0,30766068.0,0,2015-12-28,993.0838542243498,955.387723351466,37.69613087288383,0
2015-12-29,1000.0,1008.0,998.0,1006.0,0.6,22015.0,22075568.0,0,2015-12-29,995.954108841161,960.7153314197328,35.23877742142815,0
2015-12-31,1006.0,1015.0,999.0,999.0,-0.7,34876.0,34953820.0,0,2015-12-31,996.6309735431253,964.7452965334452,31.88567700968008,0
2016-01-03,999.0,1021.0,1000.0,1014.0,1.5,50335.0,50731984.0,0,2016-01-03,1000.4907572002085,969.9300021615036,30.560755038704883,0
2016-01-04,1014.0,1034.0,1010.0,1012.0,-0.2,41061.0,41629556.0,0,2016-01-04,1003.0483667112733,974.3584229866084,28.689943724664886,0
2016-01-05,1012.0,1012.0,999.0,999.0,-1.28,42311.0,42536236.0,0,2016-01-05,1002.1487296643237,976.9522731985443,25.19645646577942,0
2016-01-06,999.0,1007.0,995.0,999.0,0.0,54491.0,54470776.0,0,2016-01-06,1001.4490119611406,979.2730865460659,22.175925415074744,0
2016-01-07,999.0,1010.0,991.0,997.0,-0.2,101756.0,101660504.0,0,2016-01-07,1000.4603426364428,981.1390774359537,19.32126520048905,0
2016-01-10,717.0,725.0,700.0,700.0,-29.79,7483.0,5298280.0,0,2016-01-10,933.6913776061222,951.5454903374323,-17.854112731310124,-1
2016-01-11,700.0,705.0,695.0,700.0,0.0,6752.0,4714991.0,0,2016-01-11,881.7599603603172,925.067017670334,-43.30705731001683,0
2016-01-12,700.0,719.0,699.0,719.0,2.71,12534.0,8781209.0,0,2016-01-12,845.5910802802468,903.3757526524041,-57.784672372157274,0
2016-01-12,700.0,719.0,699.0,719.0,0.0,12534.0,8781209.0,0,2016-01-12,817.4597291068587,883.9677786889931,-66.50804958213439,0
2016-01-13,719.0,715.0,706.0,706.0,-1.81,1880.0,1340129.0,0,2016-01-13,792.6909004164457,865.234328300678,-72.5434278842323,0
2016-01-14,706.0,708.0,700.0,705.0,-0.14,4225.0,2977173.0,0,2016-01-14,773.2040336572355,848.3675569006067,-75.16352324337117,0
2016-01-17,705.0,729.0,705.0,729.0,3.4,6444.0,4596292.0,0,2016-01-17,763.3809150667388,835.8025509110691,-72.42163584433035,0
2016-01-18,729.0,765.0,715.0,724.0,-0.69,9066.0,6617424.0,0,2016-01-18,754.6296006074635,824.033861341483,-69.40426073401943,0
2016-01-19,724.0,728.0,718.0,728.0,0.55,4087.0,2946193.0,0,2016-01-19,748.7119115835828,813.9250338318532,-65.21312224827034,0
2016-01-20,728.0,720.0,715.0,715.0,-1.79,4750.0,3407020.0,0,2016-01-20,741.22037567612,803.5118723758686,-62.29149669974856,0
2016-01-21,715.0,717.0,711.0,714.0,-0.14,8086.0,5769334.0,0,2016-01-21,735.171403303649,794.089570020514,-58.91816671686502,0
2016-01-24,714.0,724.0,715.0,720.0,0.84,9158.0,6571880.0,0,2016-01-24,731.7999803472825,786.2906679130914,-54.49068756580891,0
2016-01-25,720.0,730.0,715.0,720.0,0.0,14597.0,10527478.0,0,2016-01-25,729.1777624923309,779.3127028696081,-50.13494037727719,0
2016-01-26,720.0,724.0,715.0,720.0,0.0,11030.0,7932704.0,0,2016-01-26,727.1382597162574,773.0692604622809,-45.93100074602353,0
2016-01-27,720.0,720.0,710.0,712.0,-1.11,4489.0,3199400.0,0,2016-01-27,723.7742020015335,766.640917255725,-42.86671525419149,0
2016-01-28,712.0,711.0,707.0,710.0,-0.28,8349.0,5918068.0,0,2016-01-28,720.7132682234148,760.6787154393328,-39.96544721591795,0
2016-01-31,710.0,710.0,700.0,709.0,-0.14,3143.0,2223844.0,0,2016-01-31,718.1103197293227,755.2388506562452,-37.12853092692251,0
2016-02-01,709.0,726.0,710.0,721.0,1.69,10652.0,7668292.0,0,2016-02-01,718.7524709005843,751.6347611134825,-32.88229021289817,0
2016-02-02,721.0,740.0,720.0,723.0,0.28,29888.0,21709424.0,0,2016-02-02,719.6963662560099,748.6205757331159,-28.924209477105933,0
2016-02-03,723.0,750.0,725.0,725.0,0.28,27172.0,19792644.0,0,2016-02-03,720.8749515324522,746.1341993401562,-25.259247807704014,0
2016-02-04,725.0,735.0,724.0,726.0,0.14,14681.0,10692656.0,0,2016-02-04,722.0138511919072,744.0148099359293,-22.000958744022114,0
2016-02-07,726.0,740.0,722.0,726.0,0.0,12458.0,9066371.0,0,2016-02-07,722.8996620381499,742.1185141532,-19.218852115050026,0
2016-02-08,726.0,732.0,722.0,722.0,-0.55,17546.0,12732978.0,0,2016-02-08,722.6997371407833,740.0007758212842,-17.301038680500824,0
2016-02-11,722.0,726.0,720.0,723.0,0.14,8473.0,6118657.0,0,2016-02-11,722.7664622206092,738.2112204716752,-15.444758251065991,0
2016-02-14,723.0,737.0,722.0,722.0,-0.14,13211.0,9627419.0,0,2016-02-14,722.5961372826961,736.5047762114989,-13.908638928802816,0
2016-02-15,722.0,725.0,714.0,718.0,-0.55,5195.0,3733083.0,0,2016-02-15,721.5747734420969,734.5569050313411,-12.982131589244204,0
2016-02-16,718.0,720.0,711.0,711.0,-0.97,8228.0,5895323.0,0,2016-02-16,719.2248237882976,732.0772308175158,-12.85240702921817,0
2016-02-17,711.0,725.0,710.0,723.0,1.69,8159.0,5860798.0,0,2016-02-17,720.0637518353426,731.1217328367246,-11.057981001382018,0
2016-02-18,723.0,738.0,709.0,733.0,1.38,21176.0,15355918.0,0,2016-02-18,722.938473649711,731.319445169701,-8.380971519989998,0
2016-02-21,733.0,759.0,740.0,749.0,2.18,38252.0,28463252.0,0,2016-02-21,728.7299239497753,733.1805562044693,-4.450632254694028,0
2016-02-22,749.0,760.0,737.0,755.0,0.8,29107.0,21957580.0,0,2016-02-22,734.567718627603,735.4773397618936,-0.9096211342906599,0
2016-02-23,755.0,769.0,747.0,755.0,0.0,11757.0,8873199.0,0,2016-02-23,739.1082255992467,737.5323566290627,1.575868970183933,1
2016-02-24,755.0,760.0,740.0,745.0,-1.32,8323.0,6197481.0,0,2016-02-24,740.4175087994141,738.3184243523193,2.0990844470948105,0
2016-02-25,745.0,748.0,725.0,744.0,-0.13,10460.0,7686270.0,0,2016-02-25,741.2136179550998,738.9164849468119,2.297133008287915,0
2016-02-28,744.0,750.0,735.0,741.0,-0.4,14002.0,10343919.0,0,2016-02-28,741.1661472984109,739.1358023208318,2.030344977579148,0
2016-02-29,741.0,745.0,735.0,740.0,-0.13,18226.0,13478726.0,0,2016-02-29,740.9070034543196,739.2267704975864,1.6802329567332208,0
2016-03-01,740.0,742.0,735.0,735.0,-0.68,3637.0,2685350.0,0,2016-03-01,739.5943360200263,738.7818472873141,0.8124887327121542,0
2016-03-02,735.0,742.0,730.0,741.0,0.82,7179.0,5297777.0,0,2016-03-02,739.9067057933537,739.0153370465442,0.8913687468094622,0
2016-03-03,741.0,743.0,738.0,740.0,-0.13,11804.0,8737909.0,0,2016-03-03,739.9274378392752,739.1189857784871,0.8084520607881132,0
2016-03-06,740.0,749.0,740.0,745.0,0.68,5534.0,4126671.0,0,2016-03-06,741.0546738749917,739.7380399070673,1.3166339679244174,0
2016-03-10,745.0,750.0,740.0,742.0,-0.4,15243.0,11358324.0,0,2016-03-10,741.2647463472158,739.9761409694812,1.2886053777345978,0
2016-03-13,742.0,756.0,741.0,741.0,-0.13,9949.0,7397087.0,0,2016-03-13,741.2059138256122,740.0839156042726,1.1219982213395951,0
2016-03-14,741.0,744.0,739.0,740.0,-0.13,14969.0,11092385.0,0,2016-03-14,740.9379329754762,740.0750823827702,0.8628505927059678,0
2016-03-15,740.0,742.0,738.0,740.0,0.0,6928.0,5128620.0,0,2016-03-15,740.7295034253704,740.0671789740575,0.6623244513128839,0
2016-03-16,740.0,746.0,737.0,739.0,-0.14,13251.0,9818248.0,0,2016-03-16,740.3451693308435,739.9548443452093,0.39032498563426543,0
2016-03-17,739.0,753.0,741.0,742.0,0.41,5356.0,4000161.0,0,2016-03-17,740.712909479545,740.1701238878188,0.542785591726215,0
2016-03-20,742.0,749.0,739.0,747.0,0.67,8174.0,6087637.0,0,2016-03-20,742.1100407063128,740.8890582154169,1.220982490895949,0
2016-03-21,747.0,761.0,746.0,750.0,0.4,16186.0,12169413.0,0,2016-03-21,743.8633649937989,741.8481047190571,2.015260274741763,0
2016-03-23,750.0,761.0,745.0,755.0,0.67,6157.0,4628549.0,0,2016-03-23,746.3381727729547,743.2325147486301,3.1056580243246117,0
2016-03-24,755.0,762.0,750.0,760.0,0.66,35795.0,27014324.0,0,2016-03-24,749.3741343789649,744.9975131961428,4.376621182822078,0
2016-03-27,760.0,800.0,770.0,785.0,3.29,24001.0,18708874.0,0,2016-03-27,757.2909934058616,749.2083012807593,8.082692125102312,0
2016-03-28,785.0,800.0,780.0,790.0,0.64,15039.0,11866472.0,0,2016-03-28,764.5596615378923,753.5021643038373,11.057497234055063,0
2016-03-29,790.0,792.0,768.0,780.0,-1.27,11369.0,8903892.0,0,2016-03-29,767.9908478628051,756.2914101665912,11.699437696213977,0
2016-03-30,780.0,782.0,774.0,774.0,-0.77,7723.0,6002831.0,0,2016-03-30,769.326215004404,758.1554722543185,11.170742750085537,0
2016-03-31,774.0,775.0,762.0,765.0,-1.16,7924.0,6089526.0,0,2016-03-31,768.3648338923143,758.8759488591271,9.488885033187216,0
2016-04-03,765.0,770.0,752.0,767.0,0.26,9855.0,7481224.0,0,2016-04-03,768.0615374718001,759.7311121371137,8.330425334686424,0
2016-04-04,767.0,773.0,761.0,770.0,0.39,5189.0,3996824.0,0,2016-04-04,768.4923069225111,760.812047701628,7.680259220883158,0
2016-04-05,770.0,785.0,775.0,775.0,0.65,5184.0,4030256.0,0,2016-04-05,769.9384609397308,762.3055163646145,7.632944575116312,0
2016-04-06,775.0,779.0,772.0,775.0,0.0,9094.0,7050652.0,0,2016-04-06,771.0632473975684,763.6417777999183,7.421469597650116,0
2016-04-10,775.0,790.0,776.0,776.0,0.13,10945.0,8511817.0,0,2016-04-10,772.1603035314421,764.9426432946636,7.217660236778443,0
2016-04-11,776.0,781.0,776.0,776.0,0.0,7145.0,5558394.0,0,2016-04-11,773.0135694133438,766.1065755794359,6.9069938339079044,0
2016-04-12,776.0,790.0,778.0,782.0,0.77,12984.0,10166655.0,0,2016-04-12,775.0105539881563,767.7795676237058,7.230986364450473,0
2016-04-14,782.0,836.0,785.0,807.0,3.2,18822.0,15191391.0,0,2016-04-14,782.1193197685659,771.9080341896315,10.211285578934394,0
2016-04-17,807.0,830.0,813.0,830.0,2.85,18250.0,14976125.0,0,2016-04-17,792.7594709311069,778.022977959144,14.736492971962889,0
2016-04-18,830.0,877.0,833.0,872.0,5.06,30191.0,25585026.0,0,2016-04-18,810.368477390861,787.9152960687078,22.453181322153227,0
2016-04-19,872.0,884.0,843.0,854.0,-2.06,36006.0,30828590.0,0,2016-04-19,820.0643713040031,794.8715806930543,25.192790610948805,0
2016-04-20,854.0,866.0,852.0,859.0,0.59,19102.0,16416091.0,0,2016-04-20,828.7167332364469,801.6219406201012,27.09479261634567,0
2016-04-21,859.0,867.0,847.0,851.0,-0.93,20159.0,17252884.0,0,2016-04-21,833.6685702950142,806.8196310811431,26.848939213871063,0
2016-04-24,851.0,871.0,843.0,850.0,-0.12,29317.0,25118036.0,0,2016-04-24,837.2977768961222,811.3649330726018,25.93284382352033,0
2016-04-25,850.0,880.0,856.0,875.0,2.94,44819.0,38784932.0,0,2016-04-25,845.6760486969839,818.0633611702226,27.612687526761306,0
2016-04-26,875.0,888.0,863.0,863.0,-1.37,33328.0,29235220.0,0,2016-04-26,849.5258156532097,822.7935336786203,26.732281974589455,0
2016-04-27,863.0,880.0,851.0,876.0,1.51,23594.0,20601918.0,0,2016-04-27,855.4089677302742,828.3942143440287,27.014753386245502,0
2016-04-28,876.0,878.0,860.0,865.0,-1.26,17778.0,15475921.0,0,2016-04-28,857.5403082346577,832.2474549393942,25.292853295263512,0
2016-05-02,865.0,871.0,856.0,861.0,-0.46,19569.0,16883170.0,0,2016-05-02,858.309128626956,835.2740386299843,23.035089996971692,0
2016-05-03,861.0,865.0,858.0,864.0,0.35,25556.0,22017358.0,0,2016-05-03,859.5737667098547,838.2978240373543,21.275942672500378,0
2016-05-04,864.0,879.0,855.0,878.0,1.62,56355.0,48896680.0,0,2016-05-04,863.6684852187758,842.4770004544749,21.191484764300867,0
2016-05-05,878.0,903.0,864.0,900.0,2.51,58825.0,52348744.0,0,2016-05-05,871.742155170159,848.5320530382144,23.21010213194461,0
2016-05-08,900.0,950.0,914.0,950.0,5.56,128264.0,119795792.0,0,2016-05-08,889.1327873545681,859.2128895605076,29.91989779406049,0
2016-05-09,950.0,969.0,934.0,959.0,0.95,77126.0,74290056.0,0,2016-05-09,904.6588346091086,869.7167959225594,34.942038686549154,0
2016-05-10,959.0,965.0,926.0,935.0,-2.5,62743.0,59209960.0,0,2016-05-10,911.4013158070845,876.5887121412374,34.81260366584718,0
2016-05-11,935.0,935.0,911.0,920.0,-1.6,81424.0,74687312.0,0,2016-05-11,913.3121345166213,881.1583213895282,32.153813127093144,0
2016-05-12,920.0,944.0,913.0,923.0,0.33,144468.0,132641704.0,0,2016-05-12,915.4649935129277,885.5627086116831,29.90228490124457,0
2016-05-15,758.0,788.0,758.0,780.0,-15.49,42382.0,32539684.0,0,2016-05-15,885.3616616211659,874.4508445472953,10.91081707387059,0
2016-05-16,780.0,780.0,766.0,772.0,-1.03,15287.0,11804318.0,0,2016-05-16,860.1701812609068,863.6665451212643,-3.496363860357519,-1
2016-05-17,772.0,771.0,760.0,763.0,-1.17,6985.0,5347967.0,0,2016-05-17,838.576807647372,853.070066687447,-14.493259040075031,0
2016-05-18,763.0,771.0,763.0,770.0,0.92,17096.0,13115174.0,0,2016-05-18,823.3375170590671,844.3258491414,-20.98833208233293,0
2016-05-19,770.0,785.0,755.0,768.0,-0.26,25776.0,19815800.0,0,2016-05-19,811.040291045941,836.291549231779,-25.25125818583797,0
2016-05-22,768.0,784.0,765.0,775.0,0.91,17858.0,13846403.0,0,2016-05-22,803.0313374801763,829.8398072073811,-26.80846972720485,0
2016-05-23,775.0,784.0,775.0,777.0,0.26,31204.0,24333496.0,0,2016-05-23,797.2465958179148,824.2777222381831,-27.031126420268265,0
2016-05-24,777.0,799.0,782.0,790.0,1.67,31735.0,25016538.0,0,2016-05-24,795.6362411917115,820.6695409499532,-25.033299758241697,0
2016-05-25,790.0,796.0,768.0,771.0,-2.41,28732.0,22369804.0,0,2016-05-25,790.1615209268866,815.4411682183792,-25.27964729149255,0
2016-05-26,771.0,780.0,755.0,772.0,0.13,37018.0,28362774.0,0,2016-05-26,786.1256273875784,810.8684136690762,-24.74278628149773,0
2016-05-29,772.0,775.0,754.0,756.0,-2.07,18969.0,14403480.0,0,2016-05-29,779.4310435236721,805.0927911775944,-25.66174765392236,0
2016-05-30,756.0,760.0,745.0,745.0,-1.46,16065.0,12148407.0,0,2016-05-30,771.7797005184116,798.7672342115319,-26.987533693120326,0
2016-05-31,745.0,757.0,746.0,749.0,0.54,31109.0,23368630.0,0,2016-05-31,766.7175448476535,793.5285779787391,-26.81103313108565,0
2016-06-01,749.0,755.0,740.0,747.0,-0.27,20448.0,15274964.0,0,2016-06-01,762.3358682148416,788.6308329283455,-26.294964713503873,0
2016-06-02,747.0,750.0,732.0,740.0,-0.94,29789.0,22086236.0,0,2016-06-02,757.3723419448769,783.5117978832566,-26.139455938379683,0
2016-06-05,740.0,740.0,718.0,718.0,-2.97,21699.0,15755967.0,0,2016-06-05,748.6229326237932,776.6158191587033,-27.9928865349101,0
2016-06-06,718.0,750.0,710.0,732.0,1.95,14794.0,10777413.0,0,2016-06-06,744.9289475962836,771.9194171419978,-26.990469545714177,0
2016-06-07,732.0,749.0,735.0,741.0,1.23,20109.0,14929714.0,0,2016-06-07,744.0558481304428,768.6647416533664,-24.60889352292361,0
2016-06-08,741.0,760.0,745.0,750.0,1.21,9532.0,7144951.0,0,2016-06-08,745.3767707681221,766.7000320056436,-21.32326123752148,0
2016-06-09,750.0,750.0,743.0,743.0,-0.93,14948.0,11165055.0,0,2016-06-09,744.8485994863172,764.2052917945232,-19.356692308205993,0
2016-06-12,743.0,760.0,730.0,754.0,1.48,26571.0,19836312.0,0,2016-06-12,746.8822440449134,763.1310505529945,-16.24880650808109,0
2016-06-13,754.0,780.0,738.0,760.0,0.8,15077.0,11494378.0,0,2016-06-13,749.7973009238216,762.8014662842583,-13.004165360436673,0
2016-06-14,760.0,763.0,748.0,756.0,-0.53,26580.0,20024932.0,0,2016-06-14,751.1756784963056,762.0855224648626,-10.90984396855697,0
2016-06-15,756.0,755.0,735.0,745.0,-1.46,19930.0,14824427.0,0,2016-06-15,749.8033054971266,760.2870464159297,-10.48374091880305,0
2016-06-16,745.0,751.0,736.0,745.0,0.0,19188.0,14257934.0,0,2016-06-16,748.7359042755429,758.6778836353055,-9.941979359762627,0
2016-06-19,745.0,749.0,730.0,736.0,-1.21,12918.0,9565270.0,0,2016-06-19,745.9057033254222,756.290737989484,-10.385034664061777,0
2016-06-20,736.0,749.0,735.0,739.0,0.41,9017.0,6664941.0,0,2016-06-20,744.3711025864395,754.4706603063804,-10.09955771994089,0
2016-06-21,739.0,749.0,739.0,745.0,0.81,12279.0,9107767.0,0,2016-06-21,744.5108575672307,753.4737486951825,-8.96289112795182,0
2016-06-22,745.0,770.0,751.0,759.0,1.88,30361.0,23083320.0,0,2016-06-22,747.730666996735,754.0554593588474,-6.3247923621124755,0
2016-06-23,759.0,770.0,756.0,757.0,-0.26,14530.0,11049251.0,0,2016-06-23,749.7905187752383,754.3654110052846,-4.574892230046316,0
2016-06-26,757.0,775.0,760.0,774.0,2.25,13930.0,10692046.0,0,2016-06-26,755.170403491852,756.4322098468336,-1.2618063549816725,0
2016-06-27,774.0,800.0,780.0,800.0,3.36,34968.0,27847944.0,0,2016-06-27,765.1325360492183,761.0182930208512,4.114243028367127,1
2016-06-28,800.0,829.0,800.0,810.0,1.25,42740.0,34761576.0,0,2016-06-28,775.1030835938365,766.1742621765511,8.928821417285349,0
2016-06-29,810.0,819.0,805.0,812.0,0.25,37075.0,30134596.0,0,2016-06-29,783.3023983507617,770.9980240527037,12.304374298057951,0
2016-06-30,812.0,811.0,794.0,808.0,-0.49,24263.0,19517932.0,0,2016-06-30,788.7907542728146,774.8929688892613,13.897785383553355,0
2016-07-03,808.0,802.0,784.0,797.0,-1.36,19671.0,15679740.0,0,2016-07-03,790.615031101078,777.2200247956548,13.39500630542318,0
2016-07-04,797.0,800.0,790.0,795.0,-0.25,14872.0,11834410.0,0,2016-07-04,791.5894686341718,779.0916011329543,12.497867501217456,0
2016-07-05,795.0,801.0,775.0,794.0,-0.13,9935.0,7894838.0,0,2016-07-05,792.1251422710226,780.6609062768539,11.464235994168689,0
2016-07-06,794.0,805.0,793.0,799.0,0.63,16892.0,13458610.0,0,2016-07-06,793.6528884330176,782.5913371950797,11.061551237937806,0
2016-07-10,799.0,805.0,790.0,800.0,0.13,35767.0,28616936.0,0,2016-07-10,795.0633576701248,784.4238280166503,10.639529653474483,0
2016-07-11,800.0,814.0,790.0,790.0,-1.25,27117.0,21629576.0,0,2016-07-11,793.9381670767638,785.0107934885818,8.927373588181922,0
2016-07-12,790.0,799.0,776.0,783.0,-0.89,26481.0,20831396.0,0,2016-07-12,791.5074632819274,784.7991310160995,6.708332265827835,0
2016-07-13,783.0,780.0,765.0,778.0,-0.64,21074.0,16318030.0,0,2016-07-13,788.5058047748324,784.0834330144048,4.422371760427609,0
2016-07-14,778.0,804.0,780.0,798.0,2.57,38266.0,30272456.0,0,2016-07-14,790.6156259359807,785.5483348023622,5.0672911336184825,0
2016-07-17,798.0,825.0,795.0,824.0,3.26,32592.0,26485290.0,0,2016-07-17,798.034375727985,789.5958785073767,8.43849722060827,0
2016-07-18,824.0,906.0,840.0,880.0,6.8,56056.0,49058280.0,0,2016-07-18,816.2489588995438,799.1121018223897,17.136857077154104,0
2016-07-19,880.0,910.0,863.0,898.0,2.05,80145.0,71635552.0,0,2016-07-19,834.4158569218674,809.5213542621382,24.894502659729255,0
2016-07-20,898.0,933.0,878.0,904.0,0.67,84210.0,76974144.0,0,2016-07-20,849.8789998281192,819.4664748661236,30.412524961995587,0
2016-07-21,904.0,919.0,880.0,890.0,-1.55,43448.0,38840472.0,0,2016-07-21,858.7947776440926,826.8910564591631,31.90372118492951,0
2016-07-25,890.0,901.0,885.0,899.0,1.01,55981.0,50079440.0,0,2016-07-25,867.729271500961,834.4814715687249,33.247799932236035,0
2016-07-26,899.0,925.0,895.0,901.0,0.22,47795.0,43252204.0,0,2016-07-26,875.1227667229696,841.4834219299119,33.63934479305772,0
2016-07-27,901.0,934.0,901.0,914.0,1.44,43251.0,39452464.0,0,2016-07-27,883.762151895643,849.1167459372896,34.64540595835342,0
2016-07-28,914.0,922.0,900.0,910.0,-0.44,42814.0,39023664.0,0,2016-07-28,889.5927848077223,855.5255095228381,34.067275284884204,0
2016-07-31,910.0,910.0,895.0,896.0,-1.54,22432.0,20164916.0,0,2016-07-31,891.0166104060062,859.7859822046446,31.230628201361583,0
2016-08-01,896.0,896.0,868.0,879.0,-1.9,31294.0,27499944.0,0,2016-08-01,888.3462525380048,861.8085103936294,26.537742144375443,0
2016-08-02,879.0,885.0,868.0,873.0,-0.68,18631.0,16289133.0,0,2016-08-02,884.935974196226,862.986561931142,21.949412265083993,0
2016-08-03,873.0,875.0,850.0,869.0,-0.46,23967.0,20758324.0,0,2016-08-03,881.3946465970646,863.6195554120744,17.775091184990174,0
2016-08-04,869.0,860.0,837.0,845.0,-2.76,37522.0,31868940.0,0,2016-08-04,873.3069473532726,861.6596022108034,11.647345142469135,0
2016-08-07,845.0,872.0,845.0,849.0,0.47,30297.0,26042212.0,0,2016-08-07,867.9054034969897,860.327012504403,7.578390992586719,0
2016-08-08,849.0,835.0,790.0,791.0,-6.83,19988.0,16342956.0,0,2016-08-08,850.815313830992,853.0294322407817,-2.214118409789762,-1
2016-08-09,791.0,854.0,806.0,854.0,7.96,2400.0,2017700.0,0,2016-08-09,851.5230218685492,853.1315972680679,-1.6085753995187133,0
2016-08-10,854.0,881.0,810.0,850.0,-0.47,43751.0,37486312.0,0,2016-08-10,851.1845725644272,852.8019554503766,-1.6173828859493824,0
2016-08-11,850.0,852.0,845.0,846.0,-0.47,18495.0,15685468.0,0,2016-08-11,850.0324453278878,852.0859601398106,-2.0535148119228097,0
2016-08-14,846.0,850.0,817.0,830.0,-1.89,23569.0,19535772.0,0,2016-08-14,845.5807908105794,849.7611222303568,-4.180331419777417,0
2016-08-15,830.0,820.0,800.0,815.0,-1.81,19258.0,15613401.0,0,2016-08-15,838.7850595193395,846.1020567324246,-7.316997213085074,0
2016-08-16,815.0,820.0,799.0,811.0,-0.49,17079.0,13833886.0,0,2016-08-16,832.6106018483752,842.4071033921693,-9.796501543794193,0
2016-08-17,811.0,844.0,819.0,838.0,3.33,13932.0,11632657.0,0,2016-08-17,833.8082458820695,841.943197771941,-8.134951889871445,0
2016-08-21,838.0,840.0,812.0,820.0,-2.15,10624.0,8758791.0,0,2016-08-21,830.7397467971651,839.6333874801577,-8.893640682992555,0
2016-08-22,820.0,813.0,804.0,805.0,-1.83,13402.0,10832017.0,0,2016-08-22,825.0198030644618,835.9877677454042,-10.967964680942373,0
2016-08-23,805.0,818.0,799.0,810.0,0.62,14078.0,11393488.0,0,2016-08-23,821.682069050137,833.252213245888,-11.570144195751027,0
2016-08-24,810.0,826.0,804.0,820.0,1.23,20315.0,16666417.0,0,2016-08-24,821.3082759278843,831.8572434305313,-10.548967502646974,0
2016-08-28,820.0,890.0,836.0,890.0,8.54,125529.0,110316112.0,0,2016-08-28,836.5731034994656,837.9775335957386,-1.4044300962730176,0
2016-08-29,890.0,893.0,878.0,884.0,-0.67,50459.0,44722080.0,0,2016-08-29,847.1124138329177,842.8220037435556,4.290410089362126,1
2016-08-30,884.0,903.0,885.0,892.0,0.9,40767.0,36500356.0,0,2016-08-30,857.0874329811581,847.9986349284445,9.088798052713628,0
2016-08-31,892.0,895.0,880.0,890.0,-0.22,23912.0,21236046.0,0,2016-08-31,864.401336763123,852.4198312517663,11.981505511356772,0
2016-09-01,890.0,900.0,885.0,889.0,-0.11,27977.0,24932620.0,0,2016-09-01,869.8677063713179,856.2703753305277,13.597331040790209,0
2016-09-03,889.0,904.0,885.0,885.0,-0.45,16990.0,15146666.0,0,2016-09-03,873.2304382888028,859.2945463483669,13.935891940435909,0
2016-09-04,889.0,904.0,885.0,885.0,0.0,16990.0,15146666.0,0,2016-09-04,875.8458964468466,862.0003835748546,13.845512871992014,0
2016-09-05,885.0,900.0,888.0,895.0,1.13,54714.0,48973016.0,0,2016-09-05,880.102363903103,865.4740274090805,14.628336494022506,0
2016-09-06,895.0,918.0,893.0,912.0,1.9,49187.0,44645548.0,0,2016-09-06,887.1907274801912,870.3714982081246,16.819229272066536,0
2016-09-07,912.0,902.0,880.0,895.0,-1.86,25027.0,22398116.0,0,2016-09-07,888.926121373482,872.9639720809537,15.962149292528352,0
2016-09-08,895.0,903.0,890.0,903.0,0.89,17857.0,15980225.0,0,2016-09-08,892.0536499571526,876.125659230327,15.92799072682567,0
2016-09-11,903.0,903.0,881.0,895.0,-0.89,38682.0,34474216.0,0,2016-09-11,892.7083944111188,878.1124319429241,14.59596246819467,0
2016-09-12,895.0,901.0,880.0,899.0,0.45,39233.0,35211124.0,0,2016-09-12,894.1065289864257,880.3111233173531,13.79540566907258,0
2016-09-14,899.0,920.0,894.0,894.0,-0.56,80530.0,72569744.0,0,2016-09-14,894.0828558783311,881.7520577050001,12.330798173331004,0
2016-09-18,894.0,894.0,875.0,885.0,-1.01,49880.0,44019360.0,0,2016-09-18,892.0644434609242,882.0939463676316,9.970497093292579,0
2016-09-20,885.0,898.0,867.0,880.0,-0.56,144031.0,126126720.0,0,2016-09-20,889.3834560251632,881.8735309605125,7.509925064650702,0
2016-09-21,698.0,711.0,665.0,680.0,-22.73,18405.0,12495280.0,0,2016-09-21,842.8537991306825,860.623685596248,-17.76988646556549,-1
2016-09-22,680.0,680.0,661.0,665.0,-2.21,17244.0,11593835.0,0,2016-09-22,803.3307326571976,840.0317186913799,-36.70098603418228,0
2016-09-25,665.0,655.0,630.0,635.0,-4.51,21743.0,13884492.0,0,2016-09-25,765.9239031778203,818.44943251334,-52.52552933551965,0
2016-09-26,635.0,663.0,626.0,663.0,4.41,12019.0,7744437.0,0,2016-09-26,743.0519246938602,802.086334354041,-59.03440966018081,0
2016-09-27,663.0,671.0,650.0,660.0,-0.45,13753.0,9100179.0,0,2016-09-27,724.5959414285579,787.1298781062472,-62.533936677689326,0
2016-09-28,660.0,660.0,646.0,650.0,-1.52,9601.0,6234453.0,0,2016-09-28,708.0190655555451,772.6951540950633,-64.67608853951822,0
2016-09-29,650.0,663.0,642.0,650.0,0.0,10265.0,6642314.0,0,2016-09-29,695.1259398765351,759.7798747166356,-64.65393484010053,0
2016-10-02,650.0,660.0,645.0,648.0,-0.31,8574.0,5573075.0,0,2016-10-02,684.6535087928606,748.0135721148845,-63.36006332202385,0
2016-10-03,648.0,660.0,650.0,658.0,1.54,6433.0,4216073.0,0,2016-10-03,678.7305068388915,738.5384592606862,-59.80795242179465,0
2016-10-04,658.0,664.0,655.0,663.0,0.76,8348.0,5502114.0,0,2016-10-04,675.2348386524711,730.5870424964035,-55.35220384393233,0
2016-10-05,663.0,680.0,659.0,680.0,2.56,9946.0,6628196.0,0,2016-10-05,676.2937633963664,725.2620906546767,-48.968327258310296,0
2016-10-06,680.0,683.0,674.0,678.0,-0.29,8003.0,5430096.0,0,2016-10-06,676.6729270860627,720.2871337436582,-43.614206657595446,0
2016-10-16,678.0,666.0,658.0,660.0,-2.65,3547.0,2347771.0,0,2016-10-16,672.9678321780488,713.9411196653784,-40.973287487329685,0
2016-10-17,660.0,660.0,647.0,651.0,-1.36,5758.0,3758521.0,0,2016-10-17,668.0860916940379,707.3157386479702,-39.229646953932274,0
2016-10-18,651.0,655.0,644.0,646.0,-0.77,6085.0,3939778.0,0,2016-10-18,663.178071317585,700.8614503692365,-37.683379051651514,0
2016-10-19,646.0,651.0,642.0,648.0,0.31,6977.0,4505359.0,0,2016-10-19,659.8051665803439,695.2970871724748,-35.491920592130896,0
2016-10-20,648.0,651.0,643.0,648.0,0.0,3303.0,2133809.0,0,2016-10-20,657.1817962291564,690.3184464174775,-33.13665018832114,0
2016-10-23,648.0,650.0,633.0,635.0,-2.01,6063.0,3890654.0,0,2016-10-23,652.2525081782327,684.495452057743,-32.242943879510335,0
2016-10-24,635.0,636.0,624.0,627.0,-1.26,6771.0,4260641.0,0,2016-10-24,646.640839694181,678.4432992095595,-31.802459515378587,0
2016-10-25,627.0,626.0,610.0,615.0,-1.91,10593.0,6519013.0,0,2016-10-25,639.609541984363,671.7650571875006,-32.15551520313761,0
2016-10-26,615.0,615.0,600.0,609.0,-0.98,19957.0,12096246.0,0,2016-10-26,632.8074215433934,665.1582090625006,-32.35078751910726,0
2016-10-27,609.0,620.0,608.0,610.0,0.16,6749.0,4124275.0,0,2016-10-27,627.7391056448615,659.3520817927638,-31.61297614790226,0
2016-11-03,610.0,620.0,608.0,614.0,0.66,2568.0,1567482.0,0,2016-11-03,624.6859710571146,654.578178446157,-29.892207389042483,0
2016-11-07,614.0,618.0,606.0,612.0,-0.33,9272.0,5660666.0,0,2016-11-07,621.8668663777557,650.096264925509,-28.22939854775325,0
2016-11-08,612.0,612.0,595.0,596.0,-2.61,6455.0,3900291.0,0,2016-11-08,616.1186738493656,644.4019212491396,-28.28324739977404,0
2016-11-09,596.0,606.0,580.0,582.0,-2.35,10255.0,6013269.0,0,2016-11-09,608.5367463272844,637.8332979597566,-29.296551632472188,0
2016-11-10,582.0,598.0,587.0,591.0,1.55,19889.0,11739857.0,0,2016-11-10,604.6396915878879,632.9034771218875,-28.263785533999567,0
2016-11-13,591.0,592.0,585.0,587.0,-0.68,6912.0,4068599.0,0,2016-11-13,600.7197601239128,628.0715321616888,-27.35177203777596,0
2016-11-14,587.0,595.0,582.0,586.0,-0.17,12668.0,7482377.0,0,2016-11-14,597.4487023185989,623.6429498288795,-26.19424751028066,0
2016-11-15,586.0,592.0,570.0,570.0,-2.73,15963.0,9282123.0,0,2016-11-15,591.3489906922435,617.9963235311027,-26.647332838859143,0
2016-11-16,570.0,579.0,570.0,570.0,0.0,8105.0,4642313.0,0,2016-11-16,586.6047705384117,612.9440789488814,-26.339308410469698,0
2016-11-17,570.0,575.0,545.0,547.0,-4.04,21731.0,12008380.0,0,2016-11-17,577.8037104187647,606.0025969542622,-28.198886535497536,0
2016-11-20,547.0,550.0,522.0,530.0,-3.11,39521.0,21075360.0,0,2016-11-20,567.1806636590393,598.0023235906557,-30.82165993161641,0
2016-11-21,530.0,565.0,527.0,545.0,2.83,18853.0,10256156.0,0,2016-11-21,562.2516272903639,592.4231316337446,-30.17150434338066,0
2016-11-22,545.0,550.0,525.0,540.0,-0.92,18744.0,10166819.0,0,2016-11-22,557.3068212258386,586.9049072512452,-29.598086025406587,0
2016-11-23,540.0,542.0,525.0,533.0,-1.3,22374.0,11941367.0,0,2016-11-23,551.9053053978745,581.2307064879561,-29.32540109008164,0
2016-11-24,533.0,553.0,525.0,535.0,0.38,15416.0,8233238.0,0,2016-11-24,548.1485708650135,576.3643163313292,-28.21574546631564,0
2016-11-27,535.0,531.0,505.0,508.0,-5.05,20997.0,10831468.0,0,2016-11-27,539.2266662283439,569.1680725069788,-29.941406278634872,0
2016-11-28,508.0,545.0,488.0,534.0,5.12,21646.0,11089115.0,0,2016-11-28,538.0651848442675,565.466170137823,-27.40098529355555,0
2016-11-29,534.0,566.0,514.0,562.0,5.24,21579.0,11698143.0,0,2016-11-29,543.3840326566525,565.1013101233153,-21.717277466662836,0
2016-11-30,562.0,580.0,555.0,573.0,1.96,21959.0,12488495.0,0,2016-11-30,549.9653587329519,565.9327511629664,-15.967392430014456,0
2016-12-01,573.0,582.0,560.0,569.0,-0.7,24219.0,13828356.0,0,2016-12-01,554.1952790145182,566.2556194616016,-12.060340447083377,0
2016-12-04,569.0,567.0,555.0,555.0,-2.46,14632.0,8189618.0,0,2016-12-04,554.3741059001808,565.0708174130119,-10.696711512831143,0
2016-12-05,555.0,560.0,528.0,533.0,-3.96,15295.0,8212971.0,0,2016-12-05,549.6243045890295,561.6949418958527,-12.070637306823187,0
2016-12-06,533.0,545.0,530.0,539.0,1.13,14565.0,7769193.0,0,2016-12-06,547.2633480136897,559.3060006436576,-12.04265262996796,0
2016-12-07,539.0,544.0,535.0,539.0,0.0,7217.0,3882133.0,0,2016-12-07,545.427048455092,557.1685268916937,-11.74147843660171,0
2016-12-08,539.0,540.0,534.0,536.0,-0.56,8066.0,4322351.0,0,2016-12-08,543.3321487984049,554.9402609030943,-11.60811210468944,0
2016-12-11,536.0,538.0,522.0,529.0,-1.31,10906.0,5768611.0,0,2016-12-11,540.1472268432037,552.2097071238213,-12.062480280617592,0
2016-12-12,529.0,537.0,515.0,530.0,0.19,3967.0,2076835.0,0,2016-12-12,537.892287544714,549.8718432160506,-11.979555671336584,0
2016-12-14,530.0,540.0,521.0,534.0,0.75,9427.0,4993469.0,0,2016-12-14,537.0273347569998,548.201122877519,-11.173788120519134,0
2016-12-15,534.0,537.0,530.0,537.0,0.56,5999.0,3206698.0,0,2016-12-15,537.0212603665555,547.0220573114643,-10.00079694490887,0
2016-12-18,537.0,537.0,525.0,535.0,-0.37,6606.0,3521112.0,0,2016-12-18,536.5720913962098,545.756577594468,-9.184486198258242,0
2016-12-19,535.0,537.0,525.0,525.0,-1.87,6368.0,3360681.0,0,2016-12-19,534.0005155303854,543.5716746897872,-9.571159159401759,0
2016-12-20,525.0,525.0,512.0,520.0,-0.95,5450.0,2833608.0,0,2016-12-20,530.8892898569665,541.0904457750728,-10.201155918106338,0
2016-12-21,520.0,519.0,501.0,510.0,-1.92,8363.0,4258888.0,0,2016-12-21,526.2472254443072,537.8177672724336,-11.570541828126352,0
2016-12-22,510.0,515.0,501.0,514.0,0.78,3320.0,1697756.0,0,2016-12-22,523.5256197900167,535.3106338753353,-11.785014085318608,0
2016-12-26,514.0,515.0,493.0,497.0,-3.31,9448.0,4740676.0,0,2016-12-26,517.6310376144573,531.2779355726684,-13.64689795821107,0
2016-12-27,497.0,505.0,476.0,482.0,-3.02,13779.0,6681427.0,0,2016-12-27,509.71302925568904,526.0907844597559,-16.377755204066887,0
2016-12-28,482.0,495.0,480.0,486.0,0.83,11911.0,5809505.0,0,2016-12-28,504.44346719886926,521.8707018850448,-17.427234686175552,0
2016-12-29,486.0,502.0,494.0,502.0,3.29,15310.0,7627631.0,0,2016-12-29,503.9004744880094,519.7790490550401,-15.878574567030682,0
2017-01-01,502.0,516.0,502.0,510.0,1.59,7855.0,4009924.0,0,2017-01-01,505.25592460178507,518.749675470299,-13.493750868513985,0
2017-01-02,510.0,522.0,508.0,522.0,2.35,9528.0,4918690.0,0,2017-01-02,508.97683024583284,519.0918148944781,-10.114984648645304,0
2017-01-03,522.0,520.0,503.0,508.0,-2.68,11020.0,5647182.0,0,2017-01-03,508.75975685787,517.9242554319015,-9.16449857403154,0
2017-01-04,508.0,510.0,493.0,508.0,0.0,7959.0,3996114.0,0,2017-01-04,508.59092200056557,516.8795969653856,-8.288674964820075,0
2017-01-05,508.0,508.0,496.0,503.0,-0.98,11264.0,5641567.0,0,2017-01-05,507.3484948893288,515.4185867585029,-8.07009186917412,0
2017-01-08,503.0,500.0,490.0,497.0,-1.19,14975.0,7398712.0,0,2017-01-08,505.04882935836685,513.4797881523447,-8.430958793977823,0
2017-01-09,497.0,503.0,491.0,503.0,1.21,12959.0,6438597.0,0,2017-01-09,504.5935339453964,512.376652557361,-7.783118611964596,0
2017-01-10,503.0,508.0,501.0,501.0,-0.4,7145.0,3599838.0,0,2017-01-10,503.7949708464194,511.179110182902,-7.384139336482576,0
2017-01-11,501.0,510.0,499.0,500.0,-0.2,8569.0,4300706.0,0,2017-01-11,502.9516439916595,510.0023617425965,-7.050717750936997,0
2017-01-12,500.0,505.0,498.0,505.0,1.0,11634.0,5822734.0,0,2017-01-12,503.4068342157352,509.475797348639,-6.068963132903775,0
2017-01-15,505.0,505.0,495.0,503.0,-0.4,2861.0,1428048.0,0,2017-01-15,503.3164266122385,508.79413446983494,-5.477707857596442,0
2017-01-16,503.0,503.0,495.0,497.0,-1.19,7255.0,3614755.0,0,2017-01-16,501.9127762539633,507.552646630905,-5.639870376941701,0
2017-01-17,497.0,500.0,492.0,500.0,0.6,8214.0,4069412.0,0,2017-01-17,501.48771486419366,506.7576311960729,-5.269916331879244,0
2017-01-18,500.0,510.0,491.0,499.0,-0.2,12104.0,6017998.0,0,2017-01-18,500.93488933881724,505.9410384385916,-5.006149099774348,0
2017-01-19,499.0,500.0,495.0,496.0,-0.6,5109.0,2545368.0,0,2017-01-19,499.8382472635245,504.8946133397925,-5.056366076267977,0
2017-01-22,496.0,501.0,494.0,494.0,-0.4,8247.0,4105367.0,0,2017-01-22,498.54085898274127,503.7478119356038,-5.206952952862537,0
2017-01-23,494.0,493.0,488.0,488.0,-1.21,9530.0,4673921.0,0,2017-01-23,496.19844587546544,502.0901475213297,-5.891701645864259,0
2017-01-24,488.0,494.0,471.0,480.0,-1.64,12559.0,6055477.0,0,2017-01-24,492.59879123647306,499.76486883487394,-7.166077598400875,0
2017-01-25,480.0,479.0,454.0,465.0,-3.12,13693.0,6406153.0,0,2017-01-25,486.4657265172568,496.10540895751876,-9.639682440261936,0
2017-01-26,465.0,469.0,447.0,456.0,-1.94,20406.0,9292271.0,0,2017-01-26,479.69556506897754,491.8837869619905,-12.188221893012951,0
2017-01-30,456.0,451.0,437.0,445.0,-2.41,21770.0,9614335.0,0,2017-01-30,471.9854394980937,486.94865149230725,-14.963211994213566,0
2017-01-31,445.0,464.0,439.0,455.0,2.25,10784.0,4837050.0,0,2017-01-31,468.2108973874062,483.5856355457486,-15.374738158342382,0
2017-02-01,455.0,479.0,456.0,477.0,4.84,11343.0,5327189.0,0,2017-02-01,470.16403130131596,482.89241075145924,-12.72837945014328,0
2017-02-02,477.0,495.0,462.0,475.0,-0.42,15489.0,7379687.0,0,2017-02-02,471.2386910121346,482.06163067235826,-10.822939660223653,0
2017-02-05,475.0,473.0,453.0,466.0,-1.89,5095.0,2363946.0,0,2017-02-05,470.07453745388244,480.3709327068468,-10.296395252964373,0
2017-02-06,466.0,466.0,458.0,460.0,-1.29,5397.0,2488290.0,0,2017-02-06,467.8357513530197,478.22662400086296,-10.390872647843253,0
2017-02-07,460.0,463.0,434.0,458.0,-0.43,11518.0,5173284.0,0,2017-02-07,465.6500288301264,476.09750568498265,-10.447476854856234,0
2017-02-08,458.0,459.0,435.0,438.0,-4.37,23079.0,10208438.0,0,2017-02-08,459.5055779789872,472.0872419286687,-12.581663949681456,0
2017-02-09,438.0,435.0,421.0,426.0,-2.74,21780.0,9327364.0,0,2017-02-09,452.0598939836567,467.2359533045983,-15.17605932094159,0
2017-02-12,426.0,426.0,407.0,414.0,-2.82,16125.0,6689803.0,0,2017-02-12,443.60213976506634,461.6321687462195,-18.03002898115318,0
2017-02-13,414.0,423.0,400.0,423.0,2.17,31399.0,12639381.0,0,2017-02-13,439.0238864839405,457.56562466767014,-18.54173818372965,0
2017-02-14,423.0,423.0,405.0,407.0,-3.78,11603.0,4779760.0,0,2017-02-14,431.90746726528704,452.2429273342311,-20.335460068944087,0
2017-02-15,407.0,430.0,410.0,429.0,5.41,12093.0,5084309.0,0,2017-02-15,431.2613634285566,449.796303404312,-18.534939975755435,0
2017-02-16,429.0,448.0,421.0,446.0,3.96,25025.0,10916832.0,0,2017-02-16,434.53661599998844,449.39669251964756,-14.860076519659117,0
2017-02-19,446.0,454.0,423.0,444.0,-0.45,30607.0,13555948.0,0,2017-02-19,436.6395902222132,448.82861962284255,-12.189029400629352,0
2017-02-20,444.0,451.0,439.0,440.0,-0.9,16082.0,7129768.0,0,2017-02-20,437.3863479506103,447.89929124149074,-10.512943290880457,0
2017-02-21,440.0,449.0,432.0,435.0,-1.14,18519.0,8131521.0,0,2017-02-21,436.85604840603025,446.5414711108075,-9.685422704777238,0
2017-02-22,435.0,435.0,425.0,425.0,-2.3,8577.0,3658453.0,0,2017-02-22,434.221370982468,444.27394783598567,-10.052576853517678,0
2017-02-23,425.0,433.0,420.0,422.0,-0.71,11868.0,5018865.0,0,2017-02-23,431.5055107641418,441.9293217479872,-10.423810983845442,0
2017-02-26,422.0,425.0,418.0,420.0,-0.47,3185.0,1341864.0,0,2017-02-26,428.94873059433246,439.62097209030435,-10.672241495971889,0
2017-02-28,420.0,422.0,410.0,417.0,-0.71,3580.0,1484651.0,0,2017-02-28,426.2934571289253,437.2398171334302,-10.946360004504925,0
2017-03-01,417.0,420.0,417.0,419.0,0.48,5816.0,2437027.0,0,2017-03-01,424.672688878053,435.31983638254286,-10.647147504489851,0
2017-03-02,419.0,424.0,419.0,423.0,0.95,7026.0,2963483.0,0,2017-03-02,424.3009802384857,434.02301150016996,-9.722031261684265,0
2017-03-05,423.0,431.0,416.0,431.0,1.89,6998.0,2989445.0,0,2017-03-05,425.78965129659997,433.70479976330995,-7.915148466709979,0
2017-03-06,431.0,438.0,426.0,431.0,0.0,10286.0,4430266.0,0,2017-03-06,426.9475065640222,433.420083998751,-6.472577434728805,0
2017-03-07,431.0,430.0,422.0,425.0,-1.39,3819.0,1630143.0,0,2017-03-07,426.51472732757287,432.53375936730356,-6.019032039730689,0
2017-03-09,425.0,437.0,425.0,432.0,1.65,8613.0,3732479.0,0,2017-03-09,427.7336768103345,432.4775741707453,-4.743897360410813,0
2017-03-13,432.0,439.0,432.0,435.0,0.69,10695.0,4639856.0,0,2017-03-13,429.3484152969269,432.7430926790879,-3.394677382161035,0
2017-03-14,435.0,441.0,435.0,435.0,0.0,16549.0,7235797.0,0,2017-03-14,430.60432300872094,432.98066187076284,-2.376338862041905,0
2017-03-15,435.0,440.0,430.0,439.0,0.92,10404.0,4541984.0,0,2017-03-15,432.47002900678297,433.6142764106826,-1.1442474038996124,0
2017-03-16,439.0,444.0,437.0,440.0,0.23,16755.0,7366958.0,0,2017-03-16,434.14335589416453,434.28645784113706,-0.14310194697253564,0
2017-03-19,440.0,450.0,436.0,449.0,2.05,29956.0,13227743.0,0,2017-03-19,437.44483236212795,435.8352517525963,1.6095806095316334,1
2017-03-20,403.0,424.0,403.0,424.0,-5.57,7412.0,3083233.0,0,2017-03-20,434.45709183721067,434.58943577863886,-0.13234394142818928,-1
2017-03-21,424.0,432.0,418.0,432.0,1.89,7603.0,3232826.0,0,2017-03-21,433.9110714289416,434.3168635914137,-0.40579216247209615,0
2017-03-22,432.0,451.0,433.0,436.0,0.93,21202.0,9375120.0,0,2017-03-22,434.37527777806577,434.4940358449491,-0.11875806688334478,0
2017-03-23,436.0,444.0,428.0,432.0,-0.92,11678.0,5069670.0,0,2017-03-23,433.84743827182893,434.2315057560071,-0.3840674841781606,0
2017-03-26,432.0,455.0,435.0,450.0,4.17,15335.0,6879576.0,0,2017-03-26,437.43689643364473,435.89134725537474,1.5455491782699937,1
2017-03-28,450.0,477.0,450.0,477.0,6.0,11946.0,5519843.0,0,2017-03-28,446.22869722616815,440.2185738600721,6.010123366096025,0
2017-03-29,477.0,504.0,451.0,471.0,-1.26,29039.0,13933235.0,0,2017-03-29,451.73343117590855,443.4587239800645,8.27470719584403,0
2017-03-30,471.0,470.0,460.0,460.0,-2.34,11655.0,5412217.0,0,2017-03-30,453.5704464701511,445.1999109295314,8.370535540619699,0
2017-04-02,460.0,496.0,469.0,491.0,6.74,9033.0,4382250.0,0,2017-04-02,461.88812503233976,450.0209729369492,11.867152095390566,0
2017-04-03,491.0,540.0,482.0,490.0,-0.2,22972.0,11729871.0,0,2017-04-03,468.13520835848647,454.22929157516506,13.905916783321402,0
2017-04-04,490.0,510.0,481.0,485.0,-1.02,28912.0,14184657.0,0,2017-04-04,471.88293983437836,457.46831351462134,14.41462631975702,0
2017-04-06,485.0,488.0,472.0,484.0,-0.21,10529.0,5062755.0,0,2017-04-06,474.57561987118316,460.26112261834544,14.314497252837725,0
2017-04-09,484.0,499.0,479.0,480.0,-0.83,13087.0,6320732.0,0,2017-04-09,475.78103767758694,462.3388991848354,13.442138492751553,0
2017-04-10,480.0,485.0,476.0,482.0,0.42,7953.0,3822523.0,0,2017-04-10,477.1630293047898,464.4084887443264,12.754540560463397,0
2017-04-11,482.0,518.0,482.0,515.0,6.85,25801.0,12870899.0,0,2017-04-11,485.5712450148365,469.73391098176575,15.83733403307076,0
2017-04-12,515.0,525.0,508.0,508.0,-1.36,37185.0,19243638.0,0,2017-04-12,490.5554127893173,473.7619203521062,16.793492437211114,0
2017-04-13,508.0,516.0,498.0,504.0,-0.79,21185.0,10668883.0,0,2017-04-13,493.5430988361357,476.944876104516,16.59822273161967,0
2017-04-16,504.0,510.0,482.0,482.0,-4.37,7761.0,3801885.0,0,2017-04-16,490.97796576143884,477.4769944093038,13.500971352135025,0
2017-04-18,482.0,490.0,463.0,469.0,-2.7,15342.0,7195910.0,0,2017-04-18,486.093973370008,476.5846792083245,9.5092941616835,0
2017-04-19,469.0,502.0,470.0,502.0,7.04,23524.0,11404710.0,0,2017-04-19,489.62864595445063,479.259976133764,10.368669820686648,0
2017-04-20,502.0,520.0,485.0,495.0,-1.39,25355.0,12646289.0,0,2017-04-20,490.82228018679496,480.9168207512625,9.905459435532464,0
2017-04-23,495.0,530.0,504.0,509.0,2.83,28303.0,14433267.0,0,2017-04-23,494.86177347861826,483.8729448827085,10.988828595909752,0
2017-04-24,509.0,507.0,495.0,495.0,-2.75,13024.0,6515870.0,0,2017-04-24,494.8924904833698,485.0442138424234,9.84827664094638,0
2017-04-25,495.0,500.0,488.0,492.0,-0.61,18904.0,9284548.0,0,2017-04-25,494.2497148203987,485.77640185901043,8.473312961388274,0
2017-04-26,492.0,498.0,485.0,489.0,-0.61,10384.0,5078468.0,0,2017-04-26,493.0831115269767,486.1157279791146,6.967383547862141,0
2017-04-27,489.0,493.0,478.0,483.0,-1.23,6941.0,3371368.0,0,2017-04-27,490.84242007653745,485.78775661289194,5.054663463645511,0
2017-04-30,483.0,485.0,464.0,470.0,-2.69,32564.0,15274195.0,0,2017-04-30,486.21077117064027,484.1258874957454,2.0848836748948543,0
2017-05-02,470.0,479.0,457.0,470.0,0.0,7684.0,3614978.0,0,2017-05-02,482.6083775771647,482.63895196987744,-0.030574392712765075,-1
2017-05-03,470.0,489.0,470.0,475.0,1.06,12835.0,6129116.0,0,2017-05-03,480.9176270044614,481.8348517625219,-0.9172247580605131,0
2017-05-04,475.0,476.0,466.0,471.0,-0.84,13536.0,6363678.0,0,2017-05-04,478.7137098923589,480.6943410506775,-1.9806311583186016,0
2017-05-07,471.0,472.0,460.0,463.0,-1.7,11320.0,5237341.0,0,2017-05-07,475.22177436072354,478.83177883481676,-3.6100044740932162,0
2017-05-08,463.0,470.0,462.0,465.0,0.43,4816.0,2235332.0,0,2017-05-08,472.9502689472294,477.3758021153624,-4.425533168132972,0
2017-05-09,465.0,468.0,462.0,466.0,0.22,12151.0,5648121.0,0,2017-05-09,471.405764736734,476.1783492611137,-4.772584524379681,0
2017-05-11,466.0,473.0,465.0,470.0,0.86,12123.0,5671661.0,0,2017-05-11,471.09337257301536,475.52799670731224,-4.434624134296882,0
2017-05-15,470.0,483.0,466.0,472.0,0.43,8925.0,4218345.0,0,2017-05-15,471.2948453345675,475.1566286328583,-3.8617832982907885,0
2017-05-16,472.0,470.0,464.0,465.0,-1.48,8482.0,3955215.0,0,2017-05-16,469.8959908157747,474.08750982939955,-4.191519013624827,0
2017-05-17,465.0,472.0,461.0,464.0,-0.22,10087.0,4663359.0,0,2017-05-17,468.58577063449144,473.0256666894628,-4.439896054971371,0
2017-05-18,464.0,468.0,460.0,465.0,0.22,12050.0,5578722.0,0,2017-05-18,467.78893271571553,472.18085966951935,-4.391926953803818,0
2017-05-21,465.0,465.0,459.0,460.0,-1.08,13712.0,6333434.0,0,2017-05-21,466.05805877888986,470.8986639148331,-4.840605135943235,0
2017-05-22,460.0,456.0,450.0,453.0,-1.52,9814.0,4435972.0,0,2017-05-22,463.15626793913657,469.0145940290612,-5.858326089924617,0
2017-05-23,453.0,465.0,455.0,462.0,1.99,6832.0,3152711.0,0,2017-05-23,462.89931950821733,468.2762157102127,-5.376896201995351,0
2017-05-24,462.0,463.0,456.0,461.0,-0.22,7177.0,3298210.0,0,2017-05-24,462.4772485063913,467.5102982670324,-5.03304976064112,0
2017-05-28,461.0,455.0,450.0,455.0,-1.3,7627.0,3454217.0,0,2017-05-28,460.8156377271932,466.1934247652395,-5.3777870380463355,0
2017-05-30,455.0,463.0,449.0,451.0,-0.88,13491.0,6107736.0,0,2017-05-30,458.63438489892803,464.5941168952143,-5.95973199628628,0
2017-05-31,451.0,458.0,447.0,455.0,0.89,12546.0,5657952.0,0,2017-05-31,457.8267438102773,463.58420985361283,-5.757466043335512,0
2017-06-01,455.0,460.0,450.0,450.0,-1.1,6680.0,3026120.0,0,2017-06-01,456.0874674079935,462.1542930269167,-6.066825618923247,0
2017-06-04,450.0,455.0,444.0,447.0,-0.67,17317.0,7765465.0,0,2017-06-04,454.06803020621714,460.55910428724127,-6.491074081024124,0
2017-06-05,447.0,459.0,442.0,455.0,1.79,14454.0,6458701.0,0,2017-06-05,454.27513460483556,459.9739354149001,-5.69880081006454,0
2017-06-06,455.0,465.0,455.0,465.0,2.2,14634.0,6733540.0,0,2017-06-06,456.6584380259832,460.50299484491063,-3.844556818927458,0
2017-06-07,465.0,470.0,452.0,453.0,-2.58,16302.0,7483134.0,0,2017-06-07,455.8454517979869,459.7132059138674,-3.867754115880473,0
2017-06-08,453.0,465.0,445.0,450.0,-0.66,11279.0,5098867.0,0,2017-06-08,454.5464625095454,458.6907631860919,-4.144300676546493,0
2017-06-11,450.0,447.0,438.0,438.0,-2.67,20165.0,8895488.0,0,2017-06-11,450.8694708407575,456.5127881138717,-5.643317273114178,0
2017-06-12,438.0,442.0,432.0,435.0,-0.68,6720.0,2942923.0,0,2017-06-12,447.34292176503357,454.2482841018852,-6.905362336851624,0
2017-06-13,435.0,446.0,431.0,440.0,1.15,7458.0,3273264.0,0,2017-06-13,445.7111613728039,452.7484647227394,-7.0373033499355415,0
2017-06-14,440.0,446.0,435.0,440.0,0.0,7361.0,3250105.0,0,2017-06-14,444.4420144010697,451.4065210677142,-6.964506666644525,0
2017-06-15,440.0,447.0,430.0,445.0,1.14,13314.0,5863283.0,0,2017-06-15,444.566011200832,450.73215042900745,-6.166139228175439,0
2017-06-18,445.0,447.0,433.0,438.0,-1.57,7346.0,3199302.0,0,2017-06-18,443.10689760064713,449.3919240680593,-6.2850264674121945,0
2017-06-19,438.0,440.0,433.0,436.0,-0.46,2687.0,1171678.0,0,2017-06-19,441.5275870227256,447.9822478503689,-6.454660827643295,0
2017-06-20,436.0,437.0,425.0,436.0,0.0,8393.0,3620172.0,0,2017-06-20,440.29923435100875,446.7209586029616,-6.421724251952867,0
2017-06-21,436.0,437.0,428.0,431.0,-1.15,6474.0,2807590.0,0,2017-06-21,438.23273782856234,445.06612085528144,-6.833383026719105,0
2017-06-22,431.0,433.0,430.0,432.0,0.23,6999.0,3017453.0,0,2017-06-22,436.8476849777707,443.6907397126202,-6.843054734849488,0
2017-06-25,432.0,441.0,433.0,439.0,1.62,10108.0,4416182.0,0,2017-06-25,437.32597720493277,443.1969776376076,-5.871000432674805,0
2017-06-27,439.0,444.0,435.0,442.0,0.68,11037.0,4845371.0,0,2017-06-27,438.36464893716993,443.07097999154365,-4.70633105437372,0
2017-06-28,442.0,442.0,435.0,436.0,-1.36,11771.0,5154354.0,0,2017-06-28,437.8391713955766,442.32666630822325,-4.487494912646639,0
2017-07-02,436.0,435.0,422.0,427.0,-2.06,10121.0,4324479.0,0,2017-07-02,435.43046664100405,440.71333301262075,-5.282866371616706,0
2017-07-03,427.0,432.0,426.0,430.0,0.7,7507.0,3221022.0,0,2017-07-03,434.22369627633645,439.58561374813434,-5.361917471797881,0
2017-07-04,430.0,440.0,424.0,431.0,0.23,9683.0,4172588.0,0,2017-07-04,433.50731932603946,438.68186493254126,-5.174545606501795,0
2017-07-05,431.0,435.0,428.0,435.0,0.93,7725.0,3320675.0,0,2017-07-05,433.8390261424752,438.29430020280006,-4.455274060324882,0
2017-07-06,435.0,442.0,434.0,441.0,1.38,7012.0,3072247.0,0,2017-07-06,435.43035366636957,438.5791107077685,-3.1487570413989374,0
2017-07-09,441.0,452.0,440.0,445.0,0.91,15841.0,7072585.0,0,2017-07-09,437.5569417405096,439.25499379116127,-1.698052050651654,0
2017-07-10,445.0,446.0,443.0,445.0,0.0,6158.0,2737854.0,0,2017-07-10,439.210954687063,439.8597312868285,-0.6487765997654833,0
2017-07-11,445.0,450.0,440.0,446.0,0.22,4786.0,2125589.0,0,2017-07-11,440.7196314232712,440.5060753618992,0.21355606137200311,1
2017-07-12,446.0,452.0,445.0,450.0,0.9,8340.0,3695315.0,0,2017-07-12,442.78193555143315,441.5054358501203,1.2764997013128436,0
2017-07-13,450.0,448.0,443.0,445.0,-1.11,5038.0,2245115.0,0,2017-07-13,443.27483876222584,441.8732847080024,1.4015540542234248,0
2017-07-16,445.0,453.0,440.0,442.0,-0.67,11997.0,5316528.0,0,2017-07-16,442.991541259509,441.88662315979167,1.104918099717338,0
2017-07-17,442.0,455.0,444.0,455.0,2.94,11095.0,5003357.0,0,2017-07-17,445.66008764628475,443.2669786166557,2.393109029629045,0
2017-07-18,455.0,475.0,458.0,474.0,4.18,30535.0,14319993.0,0,2017-07-18,451.95784594711034,446.502033499113,5.455812447997346,0
2017-07-19,474.0,483.0,468.0,470.0,-0.84,17403.0,8289098.0,0,2017-07-19,455.9672135144192,448.9755036571011,6.991709857318085,0
2017-07-20,470.0,480.0,470.0,472.0,0.43,26329.0,12519489.0,0,2017-07-20,459.53005495565935,451.3991348510905,8.130920104568872,0
2017-07-23,472.0,480.0,464.0,466.0,-1.27,30287.0,14179482.0,0,2017-07-23,460.9678205210684,452.9360680246599,8.031752496408501,0
2017-07-24,466.0,470.0,456.0,460.0,-1.29,25111.0,11591188.0,0,2017-07-24,460.75274929416435,453.6796398115378,7.073109482626535,0
2017-07-25,460.0,469.0,460.0,463.0,0.65,10580.0,4894592.0,0,2017-07-25,461.2521383399056,454.66073035769176,6.591407982213866,0
2017-07-26,463.0,466.0,455.0,459.0,-0.86,16769.0,7718706.0,0,2017-07-26,460.7516631532599,455.1174955831979,5.634167570062004,0
2017-07-27,459.0,465.0,457.0,458.0,-0.22,8279.0,3809399.0,0,2017-07-27,460.1401824525355,455.42091710075607,4.719265351779427,0
2017-07-30,458.0,468.0,450.0,458.0,0.0,10079.0,4627829.0,0,2017-07-30,459.66458635197205,455.69239951120284,3.9721868407692114,0
2017-07-31,458.0,465.0,458.0,461.0,0.66,10283.0,4741946.0,0,2017-07-31,459.96134494042275,456.2510942994973,3.7102506409254374,0
2017-08-01,461.0,465.0,458.0,462.0,0.22,12151.0,5604943.0,0,2017-08-01,460.4143793981066,456.8562422679713,3.5581371301352647,0
2017-08-02,462.0,466.0,462.0,463.0,0.22,12444.0,5787002.0,0,2017-08-02,460.9889617540829,457.5029536081849,3.4860081458979835,0
2017-08-03,463.0,470.0,464.0,469.0,1.3,24579.0,11467457.0,0,2017-08-03,462.7691924753978,458.7131690178496,4.056023457548179,0
2017-08-06,469.0,478.0,468.0,468.0,-0.21,18709.0,8798371.0,0,2017-08-06,463.93159414753165,459.69073017386546,4.240863973666194,0
2017-08-07,468.0,474.0,468.0,468.0,0.0,18924.0,8879081.0,0,2017-08-07,464.83568433696905,460.5653901555638,4.270294181405234,0
2017-08-09,468.0,475.0,465.0,465.0,-0.64,14262.0,6667278.0,0,2017-08-09,464.8721989287537,461.0321911918203,3.840007736933387,0
2017-08-10,465.0,465.0,459.0,462.0,-0.65,8816.0,4065171.0,0,2017-08-10,464.2339325001417,461.13406580320765,3.0998666969340434,0
2017-08-13,462.0,473.0,465.0,467.0,1.08,54872.0,25706648.0,0,2017-08-13,464.8486141667769,461.7515325607647,3.097081606012182,0
2017-08-15,467.0,470.0,459.0,463.0,-0.86,15597.0,7236532.0,0,2017-08-15,464.4378110186043,461.8829501859474,2.5548608326569138,0
2017-08-16,463.0,472.0,460.0,462.0,-0.22,17261.0,7995071.0,0,2017-08-16,463.89607523669224,461.89527121900556,2.0008040176866757,0
2017-08-17,462.0,470.0,460.0,462.0,0.0,20057.0,9285011.0,0,2017-08-17,463.4747251840939,461.90629530121555,1.5684298828783767,0
2017-08-20,462.0,465.0,456.0,456.0,-1.3,18074.0,8315734.0,0,2017-08-20,461.8136751431841,461.2845800063508,0.5290951368333481,0
2017-08-21,456.0,460.0,449.0,457.0,0.22,11655.0,5266993.0,0,2017-08-21,460.7439695558099,460.8335715846296,-0.08960202881974055,-1
2017-08-22,457.0,460.0,452.0,457.0,0.0,13414.0,6136628.0,0,2017-08-22,459.9119763211855,460.43003773361596,-0.5180614124304839,0
2017-08-23,457.0,463.0,451.0,455.0,-0.44,16330.0,7441010.0,0,2017-08-23,458.82042602758867,459.85845481428794,-1.0380287866992717,0
2017-08-24,455.0,460.0,455.0,458.0,0.66,13033.0,5962116.0,0,2017-08-24,458.63810913256896,459.6628279917313,-1.0247188591623626,0
2017-08-27,458.0,481.0,464.0,470.0,2.62,62701.0,29542108.0,0,2017-08-27,461.1629737697759,460.75095136102277,0.4120224087531028,1
2017-08-28,470.0,472.0,462.0,465.0,-1.06,32657.0,15245181.0,0,2017-08-28,462.01564626538124,461.19821963880986,0.8174266265713754,0
2017-08-30,465.0,465.0,448.0,451.0,-3.01,87940.0,39799420.0,0,2017-08-30,459.5677248730743,460.1247228347246,-0.5569979616502678,-1
2017-08-31,451.0,450.0,438.0,441.0,-2.22,142581.0,63069316.0,0,2017-08-31,455.4415637901689,458.1115941152799,-2.670030325110986,0
2017-09-04,368.0,365.0,344.0,346.0,-21.54,23965.0,8336997.0,0,2017-09-04,431.1212162812425,446.3103736820926,-15.189157400850092,0
2017-09-06,346.0,358.0,345.0,349.0,0.87,15960.0,5555882.0,0,2017-09-06,412.87205710763305,436.06717645239866,-23.1951193447656,0
2017-09-07,349.0,353.0,345.0,345.0,-1.15,10659.0,3713515.0,0,2017-09-07,397.7893777503813,426.48115787846194,-28.691780128080666,0
2017-09-10,345.0,345.0,339.0,340.0,-1.45,19619.0,6716754.0,0,2017-09-10,384.9472938058521,417.37787810178173,-32.430584295929634,0
2017-09-11,340.0,346.0,335.0,346.0,1.76,14034.0,4795628.0,0,2017-09-11,376.2923396267738,409.86441724896264,-33.57207762218883,0
2017-09-12,346.0,345.0,335.0,342.0,-1.16,12972.0,4412316.0,0,2017-09-12,368.67181970971296,402.7207943806508,-34.04897467093781,0
2017-09-13,342.0,345.0,331.0,340.0,-0.58,9124.0,3102232.0,0,2017-09-13,362.30030421866564,396.118605498477,-33.81830127981135,0
2017-09-14,340.0,349.0,335.0,346.0,1.76,13386.0,4577354.0,0,2017-09-14,358.6780143922955,390.8429628144268,-32.16494842213132,0
2017-09-17,346.0,353.0,344.0,353.0,2.02,10391.0,3631450.0,0,2017-09-17,357.41623341622983,386.8594930444871,-29.443259628257294,0
2017-09-18,353.0,357.0,352.0,353.0,0.0,9526.0,3374409.0,0,2017-09-18,356.4348482126232,383.2953358819095,-26.86048766928633,0
2017-09-20,353.0,352.0,346.0,348.0,-1.42,8406.0,2925734.0,0,2017-09-20,354.5604374987069,379.5800373680243,-25.019599869317403,0
2017-09-24,348.0,351.0,344.0,350.0,0.57,4527.0,1568956.0,0,2017-09-24,353.5470069434387,376.46634922402177,-22.919342280583066,0
2017-09-25,350.0,357.0,350.0,356.0,1.71,5365.0,1896436.0,0,2017-09-25,354.0921165115634,374.3119966741247,-20.21988016256131,0
2017-09-26,356.0,360.0,354.0,357.0,0.28,5974.0,2129080.0,0,2017-09-26,354.7383128423271,372.48968123474316,-17.751368392416055,0
2017-10-03,357.0,370.0,359.0,365.0,2.24,3978.0,1450215.0,0,2017-10-03,357.0186877662544,371.70129373634916,-14.682605970094755,0
2017-10-04,365.0,369.0,350.0,350.0,-4.11,10450.0,3735972.0,0,2017-10-04,355.45897937375344,369.41694702725977,-13.95796765350633,0
2017-10-08,350.0,350.0,341.0,348.0,-0.57,13409.0,4635856.0,0,2017-10-08,353.8014284018082,367.16253155070615,-13.36110314889794,0
2017-10-09,348.0,352.0,342.0,350.0,0.57,7348.0,2563930.0,0,2017-10-09,352.9566665347397,365.35594928221076,-12.399282747471034,0
2017-10-10,350.0,350.0,345.0,346.0,-1.14,12361.0,4294248.0,0,2017-10-10,351.41074063813085,363.3184809367149,-11.90774029858403,0
2017-10-11,346.0,351.0,342.0,351.0,1.45,8660.0,3017574.0,0,2017-10-11,351.31946494076846,362.02179873285013,-10.702333792081674,0
2017-10-12,351.0,357.0,352.0,354.0,0.85,8392.0,2966373.0,0,2017-10-12,351.91513939837546,361.1773988662343,-9.262259467858826,0
2017-10-15,354.0,355.0,349.0,355.0,0.28,6036.0,2126063.0,0,2017-10-15,352.6006639765143,360.52714635399906,-7.926482377484774,0
2017-10-16,355.0,372.0,355.0,372.0,4.79,11856.0,4288337.0,0,2017-10-16,356.91162753728884,361.73481515884123,-4.823187621552393,0
2017-10-17,372.0,382.0,363.0,375.0,0.81,18138.0,6800867.0,0,2017-10-17,360.93126586233575,363.13115040527896,-2.1998845429432095,0
2017-10-18,375.0,378.0,369.0,378.0,0.8,8754.0,3245831.0,0,2017-10-18,364.7243178929278,364.69629246788116,0.02802542504662142,1
2017-10-22,378.0,381.0,365.0,369.0,-2.38,33415.0,12437374.0,0,2017-10-22,365.67446947227717,365.1493143133673,0.525155158909854,0
2017-10-23,369.0,370.0,348.0,366.0,-0.81,21882.0,7974259.0,0,2017-10-23,365.7468095895489,365.23886017511813,0.5079494144307546,0
2017-10-24,366.0,368.0,359.0,362.0,-1.09,20778.0,7524672.0,0,2017-10-24,364.9141852363158,364.89792752510573,0.016257711210073467,0
2017-10-25,362.0,365.0,359.0,363.0,0.28,4063.0,1471382.0,0,2017-10-25,364.4888107393567,364.69814568035775,-0.2093349410010319,-1
2017-10-29,363.0,363.0,357.0,358.0,-1.38,11839.0,4243612.0,0,2017-10-29,363.04685279727744,363.9930777140043,-0.9462249167268624,0
2017-10-30,358.0,363.0,353.0,363.0,1.4,10493.0,3776889.0,0,2017-10-30,363.0364410645491,363.8885432177933,-0.8521021532442319,0
2017-10-31,363.0,364.0,362.0,363.0,0.0,3442.0,1249414.0,0,2017-10-31,363.02834305020485,363.79501235276246,-0.7666693025576024,0
2017-11-01,363.0,363.0,357.0,357.0,-1.65,22323.0,8022012.0,0,2017-11-01,361.68871126127044,363.07974789457694,-1.3910366333064985,0
2017-11-02,357.0,360.0,349.0,353.0,-1.12,10044.0,3555485.0,0,2017-11-02,359.7578865365437,362.0187218004109,-2.260835263867193,0
2017-11-05,353.0,360.0,347.0,360.0,1.98,16310.0,5729499.0,0,2017-11-05,359.8116895284229,361.8062247687887,-1.994535240365792,0
2017-11-06,360.0,356.0,346.0,354.0,-1.67,3918.0,1373239.0,0,2017-11-06,358.5202029665511,360.98451689838987,-2.464313931838774,0
2017-11-07,354.0,360.0,347.0,347.0,-1.98,9870.0,3466622.0,0,2017-11-07,355.9601578628731,359.51246248803307,-3.552304625159991,0
2017-11-08,347.0,346.0,338.0,340.0,-2.02,19862.0,6783227.0,0,2017-11-08,352.41345611556795,357.4585190682401,-5.04506295267214,0
2017-11-09,340.0,345.0,335.0,340.0,0.0,28151.0,9556763.0,0,2017-11-09,349.6549103121084,355.62078021895167,-5.965869906843238,0
2017-11-12,340.0,351.0,340.0,351.0,3.24,8625.0,2986071.0,0,2017-11-12,349.9538191316399,355.1343823011673,-5.1805631695274315,0
2017-11-13,351.0,353.0,349.0,353.0,0.57,14865.0,5211871.0,0,2017-11-13,350.6307482134977,354.90971047999176,-4.278962266494034,0
2017-11-14,353.0,359.0,350.0,356.0,0.85,12073.0,4301062.0,0,2017-11-14,351.8239152771649,355.02447779788736,-3.2005625207224853,0
2017-11-15,356.0,363.0,354.0,359.0,0.84,11657.0,4176097.0,0,2017-11-15,353.41860077112824,355.44295381916237,-2.024353048034129,0
2017-11-16,359.0,355.0,348.0,351.0,-2.23,15488.0,5409316.0,0,2017-11-16,352.88113393309976,354.9752744697769,-2.0941405366771164,0
2017-11-19,351.0,355.0,343.0,350.0,-0.28,21715.0,7513854.0,0,2017-11-19,352.2408819479665,354.45156136769515,-2.210679419728649,0
2017-11-20,350.0,352.0,344.0,345.0,-1.43,27602.0,9557933.0,0,2017-11-20,350.6317970706406,353.4566601710957,-2.8248631004551044,0
2017-11-21,345.0,351.0,344.0,350.0,1.45,5861.0,2039175.0,0,2017-11-21,350.49139772160936,353.09280120571714,-2.6014034841077773,0
2017-11-22,350.0,351.0,346.0,351.0,0.29,12911.0,4513212.0,0,2017-11-22,350.6044204501406,352.87250634195743,-2.2680858918168383,0
2017-11-23,351.0,360.0,351.0,360.0,2.56,7226.0,2583453.0,0,2017-11-23,352.692327016776,353.6227688322777,-0.9304418155016947,0
2017-11-26,360.0,365.0,360.0,365.0,1.39,16104.0,5827193.0,0,2017-11-26,355.42736545749244,354.82037211309057,0.6069933444018716,1
2017-11-27,365.0,366.0,361.0,362.0,-0.82,16846.0,6123729.0,0,2017-11-27,356.88795091138303,355.5761224169758,1.311828494407223,0
2017-11-28,362.0,365.0,358.0,360.0,-0.55,11498.0,4150617.0,0,2017-11-28,357.57951737552014,356.04179374150465,1.5377236340154923,0
2017-11-29,360.0,371.0,360.0,367.0,1.94,24683.0,9086891.0,0,2017-11-29,359.67295795873787,357.1952891371358,2.4776688216020943,0
2017-11-30,367.0,372.0,365.0,370.0,0.82,11206.0,4138581.0,0,2017-11-30,361.96785619012945,358.54315343848987,3.424702751639586,0
2017-12-04,370.0,371.0,358.0,361.0,-2.43,5819.0,2129400.0,0,2017-12-04,361.7527770367674,358.80176886601726,2.9510081707501286,0
2017-12-05,361.0,365.0,358.0,363.0,0.55,9511.0,3430554.0,0,2017-12-05,362.02993769526347,359.24368793275227,2.786249762511204,0
2017-12-06,363.0,365.0,358.0,362.0,-0.28,11257.0,4082936.0,0,2017-12-06,362.0232848740938,359.53382604509414,2.489458828999659,0
2017-12-10,362.0,363.0,356.0,357.0,-1.38,7932.0,2849917.0,0,2017-12-10,360.9069993465174,359.2671075140316,1.63989183248583,0
2017-12-11,357.0,360.0,357.0,357.0,0.0,1292.0,462853.0,0,2017-12-11,360.0387772695135,359.02846461781775,1.010312651695756,0
2017-12-12,357.0,361.0,357.0,358.0,0.28,10265.0,3694414.0,0,2017-12-12,359.58571565406606,358.9202051843632,0.6655104697028378,0
2017-12-13,358.0,360.0,355.0,359.0,0.28,6093.0,2186560.0,0,2017-12-13,359.45555661982917,358.92860463864076,0.5269519811884038,0
2017-12-14,359.0,365.0,359.0,365.0,1.67,7250.0,2625200.0,0,2017-12-14,360.687655148756,359.5676988872049,1.1199562615510672,0
2017-12-17,365.0,360.0,351.0,355.0,-2.74,5006.0,1785516.0,0,2017-12-17,359.42373178236573,359.08688847802546,0.3368433043402774,0
2017-12-18,355.0,363.0,354.0,360.0,1.41,19571.0,6989313.0,0,2017-12-18,359.5517913862845,359.1830054803386,0.3687859059459129,0
2017-12-19,360.0,360.0,353.0,360.0,0.0,7876.0,2813597.0,0,2017-12-19,359.6513933004435,359.2690049034608,0.38238839698266247,0
2017-12-20,360.0,360.0,352.0,352.0,-2.22,8188.0,2904127.0,0,2017-12-20,357.9510836781227,358.50384649257023,-0.552762814447533,-1
2017-12-21,352.0,351.0,347.0,349.0,-0.85,9168.0,3203323.0,0,2017-12-21,355.9619539718732,357.5034415986155,-1.5414876267423097,0
2017-12-24,349.0,351.0,346.0,349.0,0.0,15350.0,5358469.0,0,2017-12-24,354.41485308923467,356.6083424829718,-2.1934893937371385,0
2017-12-26,349.0,347.0,342.0,343.0,-1.72,7661.0,2636585.0,0,2017-12-26,351.87821906940474,355.1758853795011,-3.2976663100963606,0
2017-12-27,343.0,345.0,332.0,339.0,-1.17,16281.0,5538580.0,0,2017-12-27,349.016392609537,353.4731606027115,-4.456767993174537,0
2017-12-28,339.0,343.0,336.0,339.0,0.0,7672.0,2599260.0,0,2017-12-28,346.79052758519543,351.9496700129524,-5.15914242775699,0
2017-12-31,339.0,344.0,331.0,337.0,-0.59,13062.0,4357124.0,0,2017-12-31,344.61485478848533,350.37602053790476,-5.761165749419433,0
2018-01-01,337.0,346.0,337.0,344.0,2.08,15700.0,5340067.0,0,2018-01-01,344.47822039104415,349.7048604812832,-5.226640090239073,0
2018-01-02,344.0,347.0,339.0,342.0,-0.58,11570.0,3977039.0,0,2018-01-02,343.9275047485899,348.89382253588496,-4.966317787295054,0
2018-01-03,342.0,341.0,336.0,336.0,-1.75,10654.0,3602711.0,0,2018-01-03,342.16583702668106,347.5365780584234,-5.370741031742341,0
2018-01-04,336.0,342.0,335.0,338.0,0.6,10327.0,3495359.0,0,2018-01-04,341.24009546519636,346.5327277364841,-5.292632271287744,0
2018-01-07,338.0,347.0,337.0,345.0,2.07,9386.0,3204996.0,0,2018-01-07,342.0756298062638,346.3713879747489,-4.295758168485122,0
2018-01-08,345.0,350.0,345.0,348.0,0.87,17120.0,5947039.0,0,2018-01-08,343.39215651598295,346.5428208195122,-3.150664303529254,0
2018-01-09,348.0,350.0,348.0,350.0,0.57,10010.0,3495414.0,0,2018-01-09,344.8605661790979,346.9067344174583,-2.046168238360451,0
2018-01-10,350.0,349.0,344.0,346.0,-1.14,8821.0,3059176.0,0,2018-01-10,345.1137736948539,346.81128868930483,-1.6975149944509553,0
2018-01-14,346.0,346.0,340.0,345.0,-0.29,12291.0,4230413.0,0,2018-01-14,345.088490651553,346.6206267220096,-1.5321360704566018,0
2018-01-16,345.0,351.0,342.0,347.0,0.58,16550.0,5747097.0,0,2018-01-16,345.51327050676343,346.66056075127176,-1.1472902445083264,0
2018-01-17,347.0,347.0,341.0,343.0,-1.15,8376.0,2888062.0,0,2018-01-17,344.9547659497049,346.2752385669274,-1.3204726172224923,0
2018-01-21,343.0,348.0,343.0,343.0,0.0,9964.0,3440299.0,0,2018-01-21,344.52037351643713,345.930476612514,-1.4101030960768526,0
2018-01-22,343.0,345.0,341.0,345.0,0.58,7411.0,2536523.0,0,2018-01-22,344.6269571794511,345.8325317059336,-1.2055745264825077,0
2018-01-23,345.0,343.0,337.0,341.0,-1.16,7803.0,2660186.0,0,2018-01-23,343.8209666951286,345.3238441579406,-1.5028774628119663,0
2018-01-24,341.0,347.0,339.0,344.0,0.88,7029.0,2420836.0,0,2018-01-24,343.86075187398893,345.1844921413153,-1.3237402673263432,0
2018-01-25,344.0,351.0,344.0,351.0,2.03,22405.0,7810353.0,0,2018-01-25,345.44725145754694,345.79665086328214,-0.34939940573519834,0
2018-01-28,351.0,348.0,344.0,346.0,-1.42,12943.0,4475864.0,0,2018-01-28,345.5700844669809,345.81805603556825,-0.2479715685873316,0
2018-01-29,346.0,348.0,341.0,348.0,0.58,17381.0,6001281.0,0,2018-01-29,346.1100656965407,346.0477343476137,0.062331348926988994,1
2018-01-31,348.0,346.0,341.0,344.0,-1.15,12608.0,4332288.0,0,2018-01-31,345.64116220842055,345.8321833636544,-0.191021155233841,-1
2018-02-01,344.0,350.0,341.0,347.0,0.87,22342.0,7731335.0,0,2018-02-01,345.9431261621049,345.95511143063817,-0.011985268533294402,0
2018-02-04,347.0,350.0,347.0,348.0,0.29,16782.0,5848451.0,0,2018-02-04,346.40020923719266,346.17036285899206,0.22984637820059106,1
2018-02-05,348.0,348.0,346.0,348.0,0.0,8577.0,2977187.0,0,2018-02-05,346.75571829559425,346.3629562422561,0.39276205333817416,0
2018-02-06,348.0,349.0,344.0,346.0,-0.57,7027.0,2433732.0,0,2018-02-06,346.58778089657335,346.3247503220186,0.26303057455476164,0
2018-02-07,346.0,345.0,341.0,341.0,-1.45,4071.0,1390893.0,0,2018-02-07,345.34605180844596,345.7642502881219,-0.4181984796759366,-1
2018-02-08,341.0,344.0,339.0,342.0,0.29,9362.0,3191604.0,0,2018-02-08,344.6024847399024,345.36801341568804,-0.7655286757856175,0
2018-02-11,342.0,347.0,343.0,347.0,1.46,5007.0,1724404.0,0,2018-02-11,345.135265908813,345.5398014771946,-0.4045355683816183,0
2018-02-12,347.0,349.0,344.0,349.0,0.58,7453.0,2578227.0,0,2018-02-12,345.9940957068545,345.90403290064785,0.0900628062066744,1
2018-02-14,349.0,348.0,344.0,348.0,-0.29,11425.0,3952931.0,0,2018-02-14,346.4398522164424,346.12466101636915,0.31519120007322954,0
2018-02-15,348.0,357.0,347.0,357.0,2.59,26577.0,9361605.0,0,2018-02-15,348.7865517238996,347.26943354096187,1.517118182937736,0
2018-02-18,360.0,364.0,350.0,360.0,0.84,31366.0,11200783.0,1,2018-02-18,351.2784291185886,348.60949316822905,2.6689359503595256,0
2018-02-20,363.0,363.0,354.0,354.0,-1.67,29824.0,10606707.0,-1,2018-02-20,351.88322264779106,349.1769149399944,2.706307707796668,0
2018-02-21,348.0,350.0,346.0,347.0,-1.98,5875.0,2042940.0,-1,2018-02-21,350.79806205939303,348.9477659989424,1.8502960604506598,0
2018-02-22,347.0,354.0,345.0,348.0,0.29,6636.0,2305188.0,1,2018-02-22,350.176270490639,348.84800115694844,1.3282693336905709,0
2018-02-25,348.0,348.0,343.0,347.0,-0.29,11103.0,3828036.0,-1,2018-02-25,349.4704326038303,348.6534747193749,0.8169578844554053,0
2018-02-26,347.0,347.0,343.0,343.0,-1.15,11992.0,4130066.0,-1,2018-02-26,348.032558691868,348.05837211733547,-0.02581342546744736,-1
2018-02-27,343.0,348.0,342.0,345.0,0.58,13405.0,4630061.0,1,2018-02-27,347.3586567603418,347.7364382102475,-0.3777814499057399,0
2018-02-28,343.0,345.0,342.0,342.0,-0.87,2742.0,940075.0,-1,2018-02-28,346.1678441469325,347.1326026091688,-0.9647584622363183,0
2018-03-04,336.0,340.0,331.0,334.0,-2.34,18341.0,6128731.0,-1,2018-03-04,343.46387878094754,345.75022338715104,-2.2863446062034996,0
2018-03-05,338.0,339.0,331.0,334.0,0.0,17242.0,5744925.0,0,2018-03-05,341.36079460740365,344.5133577674509,-3.1525631600472366,0
2018-03-06,336.0,339.0,330.0,339.0,1.5,20976.0,6987407.0,1,2018-03-06,340.83617358353615,343.93300431824554,-3.0968307347093855,0
2018-03-07,340.0,344.0,338.0,340.0,0.29,11941.0,4053414.0,1,2018-03-07,340.65035723163925,343.5190038636934,-2.8686466320541513,0
2018-03-11,335.0,335.0,326.0,327.0,-3.82,45826.0,15109819.0,-1,2018-03-11,337.6169445134972,341.78016135172567,-4.163216838228493,0
2018-03-12,326.0,333.0,320.0,327.0,0.0,44678.0,14429315.0,0,2018-03-12,335.25762351049775,340.2243548936493,-4.9667313831515685,0
2018-03-13,327.0,327.0,324.0,326.0,-0.31,12610.0,4103807.0,-1,2018-03-13,333.2003738414983,338.72705437852835,-5.5266805370300744,0
2018-03-14,322.0,326.0,322.0,325.0,-0.31,6604.0,2143282.0,-1,2018-03-14,331.37806854338754,337.28210128605167,-5.904032742664128,0
2018-03-15,324.0,328.0,324.0,326.0,0.31,31274.0,10205380.0,1,2018-03-15,330.1829422004125,336.0945116769936,-5.9115694765810645,0
2018-03-18,326.0,327.0,323.0,324.0,-0.61,8329.0,2701315.0,-1,2018-03-18,328.8089550447653,334.8214051846785,-6.012450139913199,0
2018-03-19,324.0,325.0,319.0,319.0,-1.54,17787.0,5725385.0,-1,2018-03-19,326.6291872570397,333.15599411260706,-6.526806855567372,0
2018-03-20,320.0,321.0,315.0,316.0,-0.94,16734.0,5289861.0,-1,2018-03-20,324.2671456443642,331.3500999954905,-7.082954351126318,0
2018-03-21,314.0,315.0,306.0,309.0,-2.22,18664.0,5771624.0,-1,2018-03-21,320.87444661228324,328.99745789070204,-8.1230112784188,0
2018-03-22,314.0,314.0,302.0,304.0,-1.62,19432.0,5988284.0,-1,2018-03-22,317.1245695873314,326.36614653378604,-9.241576946454643,0
2018-03-26,298.0,303.0,294.0,298.0,-1.97,15568.0,4649938.0,-1,2018-03-26,312.8746652345911,323.3802363723349,-10.5055711377438,0
2018-03-27,295.0,309.0,285.0,308.0,3.36,13125.0,3869370.0,1,2018-03-27,311.79140629357084,321.76126412261544,-9.9698578290446,0
2018-03-28,305.0,309.0,300.0,307.0,-0.32,15130.0,4630456.0,-1,2018-03-28,310.726649339444,320.2074468465507,-9.480797507106672,0
2018-03-29,312.0,318.0,307.0,315.0,2.61,10960.0,3405933.0,1,2018-03-29,311.6762828195676,319.65929454691377,-7.983011727346195,0
2018-04-01,316.0,316.0,303.0,308.0,-2.22,11449.0,3498923.0,-1,2018-04-01,310.8593310818859,318.43200038408077,-7.572669302194868,0
2018-04-02,306.0,308.0,305.0,308.0,0.0,2719.0,833618.0,0,2018-04-02,310.2239241748001,317.33389508049333,-7.109970905693217,0
2018-04-03,303.0,308.0,303.0,308.0,0.0,5288.0,1618334.0,0,2018-04-03,309.7297188026223,316.3513798088625,-6.621661006240174,0
2018-04-04,310.0,314.0,307.0,310.0,0.65,5694.0,1768396.0,1,2018-04-04,309.78978129092843,315.68281351319274,-5.89303222226431,0
2018-04-05,316.0,319.0,311.0,318.0,2.58,14733.0,4668266.0,1,2018-04-05,311.6142743373888,315.9267278802251,-4.312453542836295,0
2018-04-08,320.0,332.0,320.0,330.0,3.77,25338.0,8303723.0,1,2018-04-08,315.6999911513024,317.4081249454646,-1.7081337941621655,0
2018-04-09,335.0,336.0,323.0,328.0,-0.61,15606.0,5137289.0,-1,2018-04-09,318.433326451013,318.5230591617315,-0.08973271071852196,0
2018-04-10,323.0,332.0,316.0,322.0,-1.83,9966.0,3219327.0,-1,2018-04-10,319.2259205730101,318.8890529341808,0.3368676388292897,1
2018-04-11,317.0,323.0,316.0,323.0,0.31,3501.0,1116758.0,1,2018-04-11,320.06460489011897,319.32178420426703,0.7428206858519388,0
2018-04-12,326.0,328.0,322.0,323.0,0.0,8904.0,2892324.0,0,2018-04-12,320.71691491453697,319.7089648143442,1.0079501001927724,0
2018-04-15,320.0,322.0,314.0,318.0,-1.55,13360.0,4245252.0,-1,2018-04-15,320.1131560446398,319.5290737812553,0.5840822633845164,0
2018-04-16,318.0,326.0,318.0,324.0,1.89,10296.0,3328650.0,1,2018-04-16,320.976899145831,319.9996975937548,0.9772015520762238,0
2018-04-17,322.0,332.0,322.0,330.0,1.85,13633.0,4474653.0,1,2018-04-17,322.9820326689797,321.0523610049385,1.929671664041166,0
2018-04-18,330.0,348.0,328.0,338.0,2.42,17142.0,5769849.0,1,2018-04-18,326.31935874253975,322.83632300441866,3.483035738121089,0
2018-04-19,340.0,349.0,335.0,346.0,2.37,33625.0,11544096.0,1,2018-04-19,330.6928345775309,325.2746047934272,5.418229784103687,0
2018-04-22,341.0,357.0,341.0,356.0,2.89,33695.0,11811264.0,1,2018-04-22,336.31664911585733,328.5088569204349,7.807792195422451,0
2018-04-23,357.0,361.0,348.0,350.0,-1.69,35197.0,12461355.0,-1,2018-04-23,339.3573937567779,330.77108250775757,8.586311249020355,0
2018-04-24,346.0,349.0,342.0,343.0,-2.0,14697.0,5066590.0,-1,2018-04-24,340.1668618108273,332.0583369806252,8.1085248302021,0
2018-04-25,343.0,344.0,339.0,340.0,-0.87,15294.0,5208971.0,-1,2018-04-25,340.12978140842125,332.89430150898045,7.235479899440804,0
2018-04-26,340.0,342.0,336.0,336.0,-1.18,24001.0,8117319.0,-1,2018-04-26,339.21205220654986,333.22121713961405,5.9908350669358015,0
2018-04-29,334.0,339.0,331.0,334.0,-0.6,42224.0,14090892.0,-1,2018-04-29,338.0538183828721,333.30319428281257,4.750624100059554,0
2018-05-02,335.0,338.0,331.0,338.0,1.2,11337.0,3799592.0,1,2018-05-02,338.04185874223384,333.7975948846218,4.244263857612054,0
2018-05-03,341.0,342.0,338.0,341.0,0.89,32659.0,11120543.0,1,2018-05-03,338.6992234661819,334.5557427915037,4.143480674678187,0
2018-05-06,338.0,340.0,335.0,337.0,-1.17,11511.0,3884758.0,-1,2018-05-06,338.3216182514748,334.81303302397697,3.5085852274978038,0
2018-05-07,335.0,342.0,332.0,337.0,0.0,17494.0,5895486.0,0,2018-05-07,338.0279253067026,335.0432400740846,2.9846852326180056,0
2018-05-08,337.0,341.0,335.0,339.0,0.59,15267.0,5144082.0,1,2018-05-08,338.24394190521315,335.4597411189178,2.7842007862953437,0
2018-05-09,342.0,343.0,337.0,342.0,0.88,14076.0,4779347.0,1,2018-05-09,339.07862148183244,336.1481894221896,2.9304320596428397,0
2018-05-10,337.0,343.0,337.0,338.0,-1.17,12434.0,4227378.0,-1,2018-05-10,338.838927819203,336.3431168514328,2.4958109677701827,0
2018-05-14,338.0,341.0,337.0,339.0,0.3,20858.0,7084201.0,1,2018-05-14,338.87472163715785,336.6227887618083,2.251932875349553,0
2018-05-15,338.0,340.0,338.0,340.0,0.29,2489.0,845082.0,1,2018-05-15,339.1247834955672,336.97828468161794,2.146498813949279,0
2018-05-16,340.0,340.0,337.0,340.0,0.0,4606.0,1561126.0,0,2018-05-16,339.31927605210785,337.29635997828973,2.0229160738181236,0
2018-05-17,340.0,342.0,339.0,340.0,0.0,12323.0,4195657.0,0,2018-05-17,339.47054804052834,337.58095366478557,1.8895943757427744,0
2018-05-20,345.0,345.0,339.0,340.0,0.0,10094.0,3445531.0,0,2018-05-20,339.588204031522,337.8355901211239,1.7526139103981109,0
2018-05-21,340.0,343.0,338.0,340.0,0.0,6321.0,2151465.0,0,2018-05-21,339.67971424673937,338.06342273995295,1.6162915067864105,0
2018-05-22,339.0,340.0,338.0,338.0,-0.59,8541.0,2897652.0,-1,2018-05-22,339.3064444141306,338.0567466620632,1.2496977520674477,0
2018-05-23,338.0,338.0,336.0,336.0,-0.59,7443.0,2510199.0,-1,2018-05-23,338.5716789887682,337.8402470134249,0.7314319753432983,0
2018-05-24,334.0,338.0,334.0,334.0,-0.6,26336.0,8835935.0,-1,2018-05-24,337.5557503245975,337.43601048569593,0.11973983890158024,0
2018-05-27,333.0,333.0,327.0,329.0,-1.5,10394.0,3418442.0,-1,2018-05-27,335.65447247468694,336.54800938193847,-0.89353690725153,-1
2018-05-28,328.0,341.0,328.0,333.0,1.22,5608.0,1874106.0,1,2018-05-28,335.0645897025343,336.1745347101555,-1.1099450076212065,0
2018-05-29,332.0,338.0,330.0,338.0,1.5,6193.0,2064919.0,1,2018-05-29,335.7169031019711,336.36668895119175,-0.6497858492206205,0
2018-05-30,340.0,344.0,336.0,338.0,0.0,14724.0,5017013.0,0,2018-05-30,336.22425796819977,336.53861643001363,-0.3143584618138675,0
2018-05-31,338.0,340.0,334.0,337.0,-0.3,16961.0,5733964.0,-1,2018-05-31,336.3966450863776,336.5871831215911,-0.1905380352135353,0
2018-06-03,331.0,338.0,324.0,328.0,-2.67,9977.0,3285753.0,-1,2018-06-03,334.5307239560715,335.6832691087921,-1.15254515272062,0
2018-06-04,322.0,329.0,322.0,326.0,-0.61,7155.0,2326021.0,-1,2018-06-04,332.63500752138896,334.6639776236561,-2.028970102267124,0
2018-06-06,332.0,338.0,332.0,334.0,2.45,3040.0,1016894.0,1,2018-06-06,332.93833918330256,334.59408524221857,-1.6557460589160087,0
2018-06-07,332.0,333.0,326.0,327.0,-2.1,6980.0,2288567.0,-1,2018-06-07,331.61870825367976,333.79470784830085,-2.1759995946210893,0
2018-06-10,325.0,325.0,317.0,321.0,-1.83,12953.0,4166448.0,-1,2018-06-10,329.2589953084176,332.4478964958481,-3.188901187430531,0
2018-06-11,319.0,325.0,315.0,322.0,0.31,17638.0,5626494.0,1,2018-06-11,327.64588523988033,331.3481179173378,-3.7022326774574594,0
2018-06-12,319.0,325.0,319.0,325.0,0.93,4469.0,1444746.0,1,2018-06-12,327.05791074212914,330.6798949786707,-3.62198423654155,0
2018-06-13,319.0,325.0,319.0,324.0,-0.31,2655.0,853714.0,-1,2018-06-13,326.378375021656,329.97674813881065,-3.598373117154665,0
2018-06-14,329.0,330.0,324.0,327.0,0.93,8432.0,2768734.0,1,2018-06-14,326.51651390573244,329.66340622946217,-3.1468923237297304,0
2018-06-17,325.0,325.0,318.0,320.0,-2.14,23503.0,7498483.0,-1,2018-06-17,325.06839970445856,328.6462055737293,-3.577805869270719,0
2018-06-18,320.0,326.0,315.0,318.0,-0.63,4545.0,1450531.0,-1,2018-06-18,323.4976442145789,327.52555235544196,-4.027908140863076,0
2018-06-19,318.0,320.0,313.0,318.0,0.0,83801.0,26652012.0,0,2018-06-19,322.275945500228,326.5228626338165,-4.246917133588511,0
2018-06-20,318.0,320.0,317.0,318.0,0.0,2517.0,800230.0,0,2018-06-20,321.3257353890662,325.62571919867787,-4.2999838096116605,0
2018-06-21,314.0,320.0,314.0,315.0,-0.94,2483.0,787841.0,-1,2018-06-21,319.92001641371814,324.5072224409223,-4.587206027204161,0
2018-06-24,313.0,321.0,313.0,316.0,0.32,1673.0,529242.0,1,2018-06-24,319.0489016551141,323.61172534187784,-4.56282368676375,0
2018-06-25,317.0,318.0,313.0,313.0,-0.95,4336.0,1363261.0,-1,2018-06-25,317.70470128731097,322.4947016216802,-4.790000334369211,0
2018-06-26,318.0,318.0,309.0,310.0,-0.96,18030.0,5685587.0,-1,2018-06-26,315.99254544568635,321.17946987202964,-5.186924426343296,0
2018-06-27,306.0,315.0,306.0,312.0,0.65,7345.0,2288287.0,1,2018-06-27,315.1053131244227,320.2132098855002,-5.107896761077484,0
2018-06-28,313.0,316.0,312.0,314.0,0.64,15615.0,4905966.0,1,2018-06-28,314.8596879856621,319.55918779228966,-4.699499806627557,0
2018-07-01,317.0,321.0,311.0,311.0,-0.96,4695.0,1471131.0,-1,2018-07-01,314.00197954440387,318.6582206562592,-4.656241111855309,0
2018-07-02,309.0,316.0,306.0,306.0,-1.61,12858.0,4031778.0,-1,2018-07-02,312.2237618678697,317.325776376653,-5.10201450878327,0
2018-07-03,306.0,312.0,306.0,311.0,1.63,7603.0,2347052.0,1,2018-07-03,311.9518147861209,316.6599051791106,-4.708090392989675,0
2018-07-04,310.0,316.0,309.0,315.0,1.29,8879.0,2756354.0,1,2018-07-04,312.62918927809403,316.48517831815155,-3.8559890400575227,0
2018-07-05,317.0,320.0,313.0,320.0,1.59,12796.0,4038513.0,1,2018-07-05,314.26714721629537,316.8551595478198,-2.588012331524453,0
2018-07-08,319.0,322.0,315.0,319.0,-0.31,5894.0,1869936.0,-1,2018-07-08,315.31889227934084,317.08093222699665,-1.7620399476558077,0
2018-07-09,315.0,317.0,313.0,316.0,-0.94,12165.0,3841006.0,-1,2018-07-09,315.47024955059845,316.96714988731276,-1.4969003367143046,0
2018-07-10,318.0,323.0,316.0,320.0,1.27,8415.0,2668060.0,1,2018-07-10,316.4768607615766,317.28639726759565,-0.8095365060190716,0
2018-07-11,321.0,322.0,311.0,311.0,-2.81,9992.0,3153319.0,-1,2018-07-11,315.25978059233734,316.6246712394277,-1.3648906470903626,0
2018-07-12,313.0,315.0,311.0,315.0,1.29,13648.0,4270528.0,1,2018-07-12,315.20205157181795,316.45365321422474,-1.251601642406797,0
2018-07-15,315.0,317.0,311.0,317.0,0.63,5868.0,1842839.0,1,2018-07-15,315.6015956669695,316.5111634022011,-0.9095677352315761,0
2018-07-16,317.0,319.0,315.0,316.0,-0.32,3562.0,1128521.0,-1,2018-07-16,315.6901299631985,316.45735672828516,-0.7672267650866615,0
2018-07-17,317.0,320.0,316.0,316.0,0.0,4190.0,1328687.0,0,2018-07-17,315.7589899713766,316.40921391478145,-0.6502239434048533,0
2018-07-18,317.0,317.0,316.0,317.0,0.32,4878.0,1543252.0,1,2018-07-18,316.03476997773737,316.4714019237518,-0.43663194601441546,0
2018-07-19,313.0,317.0,312.0,312.0,-1.58,7255.0,2275278.0,-1,2018-07-19,315.13815442712905,316.0007280370411,-0.8625736099120331,0
2018-07-22,311.0,312.0,307.0,310.0,-0.64,11581.0,3592705.0,-1,2018-07-22,313.9963423322115,315.3690724541947,-1.3727301219831816,0
2018-07-23,310.0,311.0,308.0,311.0,0.32,951.0,293860.0,1,2018-07-23,313.33048848060895,314.90917009059524,-1.5786816099862904,0
2018-07-24,311.0,316.0,311.0,314.0,0.96,9354.0,2932575.0,1,2018-07-24,313.4792688182514,314.8134679757958,-1.33419915754439,0
2018-07-25,315.0,315.0,310.0,314.0,0.0,5938.0,1847958.0,0,2018-07-25,313.59498685863997,314.7278397678173,-1.132852909177302,0
2018-07-26,314.0,314.0,310.0,311.0,-0.96,3729.0,1160315.0,-1,2018-07-26,313.01832311227554,314.33543558173125,-1.317112469455708,0
2018-07-29,313.0,313.0,309.0,310.0,-0.32,6690.0,2073971.0,-1,2018-07-29,312.347584642881,313.87907394154905,-1.5314892986680775,0
2018-07-30,310.0,312.0,306.0,312.0,0.65,2672.0,831634.0,1,2018-07-30,312.27034361112965,313.68127668454383,-1.410933073414185,0
2018-07-31,313.0,316.0,311.0,313.0,0.32,6326.0,1979852.0,1,2018-07-31,312.43248947532305,313.6095633493287,-1.1770738740056572,0
2018-08-01,315.0,316.0,312.0,316.0,0.96,6318.0,1989667.0,1,2018-08-01,313.22526959191794,313.86118825992565,-0.6359186680077187,0
2018-08-02,315.0,317.0,314.0,317.0,0.32,5531.0,1746651.0,1,2018-08-02,314.06409857149174,314.19158949572295,-0.12749092423121056,0
2018-08-05,318.0,319.0,315.0,316.0,-0.32,4436.0,1408040.0,-1,2018-08-05,314.49429888893803,314.38194849617315,0.11235039276488124,1
2018-08-06,315.0,318.0,314.0,315.0,-0.32,6141.0,1935235.0,-1,2018-08-06,314.60667691361846,314.4470065492075,0.1596703644109425,0
2018-08-07,315.0,320.0,314.0,315.0,0.0,4293.0,1354824.0,0,2018-08-07,314.6940820439255,314.50521638613304,0.18886565779246212,0
2018-08-08,316.0,316.0,310.0,312.0,-0.95,10693.0,3344672.0,-1,2018-08-08,314.0953971452754,314.2415093981191,-0.1461122528436931,-1
2018-08-09,314.0,314.0,306.0,309.0,-0.96,10753.0,3326931.0,-1,2018-08-09,312.96308666854753,313.68977156673816,-0.7266848981906264,0
2018-08-12,304.0,314.0,304.0,304.0,-1.62,8903.0,2724128.0,-1,2018-08-12,310.97128963109253,312.66979561234467,-1.69850598125214,0
2018-08-13,305.0,310.0,305.0,309.0,1.64,4058.0,1252347.0,1,2018-08-13,310.5332252686275,312.28350133736103,-1.7502760687335126,0
2018-08-14,307.0,313.0,307.0,312.0,0.97,2453.0,757924.0,1,2018-08-14,310.8591752089325,312.253659091323,-1.3944838823904888,0
2018-08-15,312.0,320.0,312.0,318.0,1.92,11005.0,3476200.0,1,2018-08-15,312.4460251625031,312.85853708171004,-0.4125119192069633,0
2018-08-16,324.0,324.0,318.0,322.0,1.26,19874.0,6385694.0,1,2018-08-16,314.56913068194683,313.8207963362669,0.7483343456799503,1
2018-08-19,325.0,325.0,316.0,316.0,-1.86,19853.0,6326305.0,-1,2018-08-19,314.8871016415142,314.0501861956072,0.8369154459070387,0
2018-08-20,320.0,320.0,313.0,317.0,0.32,10193.0,3214836.0,1,2018-08-20,315.35663461006664,314.360692911859,0.9959416982076164,0
2018-08-21,318.0,318.0,313.0,314.0,-0.95,4251.0,1343071.0,-1,2018-08-21,315.05516025227405,314.32272523692654,0.7324350153475052,0
2018-08-22,312.0,315.0,312.0,314.0,0.0,868.0,272870.0,0,2018-08-22,314.8206801962132,314.28875415935534,0.5319260368578398,0
2018-08-23,313.0,315.0,311.0,313.0,-0.32,24722.0,7748805.0,-1,2018-08-23,314.4160845970547,314.1530958267916,0.262988770263064,0
2018-08-26,315.0,315.0,313.0,313.0,0.0,3770.0,1180683.0,0,2018-08-26,314.10139913104257,314.0317173187083,0.06968181233429505,0
2018-08-28,312.0,325.0,311.0,325.0,3.83,19657.0,6298966.0,1,2018-08-28,316.5233104352553,315.1862733904232,1.3370370448321296,0
2018-08-29,319.0,325.0,319.0,325.0,0.0,15344.0,4943438.0,0,2018-08-29,318.4070192274208,316.2192972440629,2.1877219833579034,0
2018-08-30,322.0,342.0,322.0,340.0,4.62,62781.0,20954534.0,1,2018-08-30,323.20545939910505,318.7225291131089,4.482930285996133,0
2018-09-02,334.0,361.0,334.0,359.0,5.59,91649.0,32450540.0,1,2018-09-02,331.1598017548595,322.9622628906764,8.197538864183059,0
2018-09-03,357.0,370.0,356.0,366.0,1.95,93515.0,33955888.0,1,2018-09-03,338.90206803155735,327.49255100744733,11.409517024110016,0
2018-09-04,360.0,389.0,360.0,383.0,4.64,89078.0,33499400.0,1,2018-09-04,348.70160846898904,333.3354403750845,15.366168093904548,0
2018-09-05,384.0,391.0,376.0,383.0,0.0,90822.0,34959864.0,0,2018-09-05,356.3234732536581,338.5632887566546,17.760184497003536,0
2018-09-06,383.0,384.0,372.0,378.0,-1.31,42207.0,15947063.0,-1,2018-09-06,361.14047919728966,342.714521519112,18.425957678177667,0
2018-09-09,375.0,385.0,372.0,382.0,1.06,66875.0,25348612.0,1,2018-09-09,365.7759282645586,346.849835043416,18.926093221142594,0
2018-09-10,382.0,385.0,375.0,384.0,0.52,38444.0,14586524.0,1,2018-09-10,369.8257219835456,350.7603787230565,19.0653432604891,0
2018-09-11,381.0,391.0,381.0,390.0,1.56,70801.0,27450500.0,1,2018-09-11,374.308894876091,354.89086517326103,19.418029702829983,0
2018-09-12,386.0,408.0,386.0,408.0,4.62,128576.0,51315460.0,1,2018-09-12,381.79580712584857,360.4813004181809,21.314506707667647,0
2018-09-13,410.0,425.0,410.0,413.0,1.23,133992.0,55862024.0,1,2018-09-13,388.7300722089933,366.0095845846882,22.72048762430512,0
2018-09-16,421.0,422.0,408.0,408.0,-1.21,87720.0,36450228.0,-1,2018-09-16,393.01227838477257,370.4296283126157,22.582650072156866,0
2018-09-17,409.0,415.0,401.0,411.0,0.74,52792.0,21580484.0,1,2018-09-17,397.0095498548231,374.70019375339297,22.309356101430126,0
2018-09-18,411.0,411.0,405.0,407.0,-0.97,40826.0,16595035.0,-1,2018-09-18,399.22964988708463,378.100173358299,21.12947652878563,0
2018-09-20,407.0,423.0,407.0,423.0,3.93,112030.0,46663656.0,1,2018-09-20,404.51194991217693,382.8264708995307,21.685479012646226,0
2018-09-23,425.0,447.0,420.0,440.0,4.02,161693.0,70462096.0,1,2018-09-23,412.3981832650265,388.8447371206328,23.553446144393718,0
2018-09-25,447.0,459.0,442.0,447.0,2.27,131491.0,59440832.0,1,2018-09-25,420.0874758727984,394.9663437395135,25.121132133284902,0
2018-09-26,450.0,451.0,434.0,441.0,-1.34,60980.0,26986666.0,-1,2018-09-26,424.734703456621,399.81199176693315,24.922711689687844,0
2018-09-27,440.0,445.0,434.0,438.0,-0.68,48864.0,21447616.0,-1,2018-09-27,427.6825471329274,403.831782107256,23.85076502567142,0
2018-09-30,432.0,444.0,432.0,442.0,0.91,72471.0,31643900.0,1,2018-09-30,430.8642033256102,407.84948925386067,23.01471407174955,0
2018-10-01,442.0,442.0,430.0,435.0,-1.58,57208.0,24842610.0,-1,2018-10-01,431.78326925325234,410.70743775345426,21.075831499798085,0
2018-10-02,433.0,435.0,426.0,430.0,-1.15,37786.0,16266435.0,-1,2018-10-02,431.386987196974,412.7382337794064,18.648753417567605,0
2018-10-03,427.0,432.0,422.0,422.0,-1.86,59156.0,25212332.0,-1,2018-10-03,429.3009900420909,413.7131565394689,15.587833502622004,0
2018-10-04,429.0,429.0,415.0,425.0,0.71,39411.0,16599836.0,1,2018-10-04,428.34521447718186,414.901245324788,13.443969152393834,0
2018-10-07,427.0,427.0,417.0,422.0,-0.71,39336.0,16588273.0,-1,2018-10-07,426.9351668155859,415.6484826590209,11.286684156565002,0
2018-10-08,420.0,429.0,420.0,427.0,1.18,30008.0,12730314.0,1,2018-10-08,426.9495741899001,416.84337922122927,10.10619496867082,0
2018-10-09,428.0,434.0,425.0,428.0,0.23,38484.0,16540953.0,1,2018-10-09,427.18300214770005,418.0177603558367,9.165241791863366,0
2018-10-10,435.0,435.0,423.0,427.0,-0.23,16922.0,7241119.0,-1,2018-10-10,427.1423350037667,418.96325926574866,8.179075738018014,0
2018-10-11,425.0,436.0,425.0,431.0,0.94,35013.0,15126056.0,1,2018-10-11,427.9995938918185,420.23028460619616,7.769309285622342,0
2018-10-14,431.0,440.0,430.0,436.0,1.16,36357.0,15795445.0,1,2018-10-14,429.7774619158588,421.8902546476492,7.887207268209579,0
2018-10-15,436.0,446.0,436.0,441.0,1.15,36215.0,15985469.0,1,2018-10-15,432.2713592678902,423.90180679000196,8.369552477888249,0
2018-10-21,434.0,453.0,434.0,450.0,2.04,40570.0,18176248.0,1,2018-10-21,436.2110572083591,426.6489850226333,9.562072185725754,0
2018-10-22,450.0,452.0,445.0,448.0,-0.44,17871.0,8012572.0,-1,2018-10-22,438.83082227316817,428.89646028340877,9.934361989759395,0
2018-10-23,448.0,448.0,442.0,447.0,-0.22,38249.0,17046796.0,-1,2018-10-23,440.646195101353,430.8020960430499,9.844099058303073,0
2018-10-24,446.0,446.0,439.0,445.0,-0.45,28009.0,12365740.0,-1,2018-10-24,441.6137073010523,432.29661224904464,9.31709505200763,0
2018-10-25,445.0,445.0,437.0,445.0,0.0,26122.0,11473088.0,0,2018-10-25,442.3662167897073,433.63381095967156,8.73240583003576,0
2018-10-28,453.0,453.0,428.0,430.0,-3.37,52690.0,22879716.0,-1,2018-10-28,439.6181686142168,433.25130454286403,6.366864071352779,0
2018-10-29,426.0,430.0,423.0,424.0,-1.4,32369.0,13783082.0,-1,2018-10-29,436.1474644777242,432.27748301203627,3.8699814656879425,0
2018-10-30,428.0,434.0,425.0,430.0,1.42,17692.0,7551041.0,1,2018-10-30,434.7813612604522,432.0377479581377,2.743613302314486,0
2018-10-31,425.0,427.0,419.0,419.0,-2.56,20649.0,8727679.0,-1,2018-10-31,431.2743920914628,430.6653534362285,0.6090386552343148,0
2018-11-01,417.0,425.0,416.0,420.0,0.24,30349.0,12775277.0,1,2018-11-01,428.76897162669326,429.5426846534676,-0.7737130267743169,-1
2018-11-04,415.0,419.0,411.0,413.0,-1.67,28303.0,11746678.0,-1,2018-11-04,425.26475570965033,427.80134942678677,-2.5365937171364408,0
2018-11-05,421.0,423.0,414.0,419.0,1.45,38758.0,16156921.0,1,2018-11-05,423.8725877741725,426.87489159238817,-3.002303818215694,0
2018-11-06,419.0,421.0,413.0,423.0,0.95,2343.0,984410.0,1,2018-11-06,423.67867937991196,426.4670082668736,-2.788328886961665,0
2018-11-11,423.0,431.0,410.0,416.0,-1.18,19111.0,7958513.0,-1,2018-11-11,421.972306184376,425.3652179229922,-3.392911738616192,0
2018-11-12,418.0,420.0,416.0,419.0,0.72,9149.0,3815452.0,1,2018-11-12,421.3117936989591,424.6951949837299,-3.383401284770798,0
2018-11-13,419.0,427.0,419.0,425.0,1.43,19534.0,8248453.0,1,2018-11-13,422.1313950991904,424.72727972228466,-2.595884623094264,0
2018-11-14,432.0,432.0,421.0,424.0,-0.24,3169.0,1344409.0,-1,2018-11-14,422.54664063270366,424.6507239620442,-2.10408332934054,0
2018-11-15,429.0,429.0,417.0,419.0,-1.18,16512.0,6920866.0,-1,2018-11-15,421.7584982698806,424.05591091340796,-2.297412643527366,0
2018-11-18,425.0,426.0,416.0,422.0,0.72,70675.0,29808562.0,1,2018-11-18,421.81216532101826,423.8394992383124,-2.027333917294129,0
2018-11-19,417.0,418.0,412.0,413.0,-1.2,17192.0,7134474.0,-1,2018-11-19,419.853906360792,422.69849931849,-2.844592957698012,0
2018-11-20,410.0,413.0,409.0,411.0,-0.48,19592.0,8041201.0,-1,2018-11-20,417.88637161394934,421.4670783375963,-3.5807067236469834,0
2018-11-21,407.0,415.0,407.0,415.0,0.97,8660.0,3556876.0,1,2018-11-21,417.2449556997384,420.78633324942825,-3.541377549689855,0
2018-11-22,414.0,414.0,410.0,411.0,-0.96,8880.0,3655640.0,-1,2018-11-22,415.8571877664632,419.75619290738314,-3.8990051409199395,0
2018-11-25,410.0,412.0,405.0,408.0,-0.73,8455.0,3446073.0,-1,2018-11-25,414.1111460405825,418.51869891713227,-4.407552876549744,0
2018-11-26,405.0,411.0,405.0,410.0,0.49,9871.0,4032308.0,1,2018-11-26,413.19755803156414,417.6219937679604,-4.424435736396276,0
2018-11-27,416.0,416.0,409.0,411.0,0.24,12802.0,5258724.0,1,2018-11-27,412.7092118023277,416.9249417923856,-4.215729990057923,0
2018-11-28,413.0,413.0,403.0,407.0,-0.97,9895.0,4047355.0,-1,2018-11-28,411.4404980684771,415.8802110773977,-4.439713008920592,0
2018-11-29,408.0,416.0,403.0,405.0,-0.49,11494.0,4675232.0,-1,2018-11-29,410.0092762754822,414.73492570082954,-4.725649425347342,0
2018-12-02,413.0,413.0,398.0,400.0,-1.23,36901.0,14836378.0,-1,2018-12-02,407.78499265870835,413.1838808902159,-5.398888231507556,0
2018-12-03,408.0,416.0,398.0,403.0,0.75,22920.0,9276783.0,1,2018-12-03,406.7216609567732,412.1118934280879,-5.390232471314732,0
2018-12-04,404.0,409.0,404.0,409.0,1.49,45055.0,18336662.0,1,2018-12-04,407.22795852193474,411.78432569881545,-4.556367176880713,0
2018-12-05,365.0,365.0,353.0,358.0,-0.04,34885.0,12478171.0,-1,2018-12-05,396.288412183727,406.1228177305191,-9.834405546792084,0
2018-12-06,356.0,358.0,351.0,357.0,-0.28,22789.0,8063917.0,-1,2018-12-06,387.55765392067656,400.95199481151707,-13.39434089084051,0
2018-12-09,357.0,375.0,355.0,375.0,5.04,23098.0,8416577.0,1,2018-12-09,384.7670641605262,398.22020588398897,-13.45314172346275,0
2018-12-10,380.0,385.0,375.0,382.0,1.87,20752.0,7906652.0,1,2018-12-10,384.15216101374267,396.5128157909375,-12.360654777194839,0
2018-12-11,385.0,385.0,374.0,375.0,-1.83,31606.0,11881991.0,-1,2018-12-11,382.1183474551332,394.24830886557567,-12.12996141044249,0
2018-12-12,380.0,380.0,372.0,373.0,-0.53,5460.0,2045481.0,-1,2018-12-12,380.09204802065915,392.0116447744624,-11.919596753803262,0
2018-12-13,380.0,381.0,375.0,378.0,1.34,30932.0,11673506.0,1,2018-12-13,379.6271484605127,390.5367347982032,-10.909586337690541,0
2018-12-16,380.0,388.0,378.0,383.0,1.32,23739.0,9054159.0,1,2018-12-16,380.3766710248432,389.7433942931292,-9.366723268286023,0
2018-12-17,385.0,388.0,380.0,388.0,1.3,33325.0,12834640.0,1,2018-12-17,382.0707441304336,389.55987910437875,-7.48913497394517,0
2018-12-18,390.0,390.0,376.0,380.0,-2.06,55370.0,21104140.0,-1,2018-12-18,381.61057876811503,388.55357604075994,-6.942997272644902,0
2018-12-19,380.0,383.0,378.0,380.0,0.0,28505.0,10854344.0,0,2018-12-19,381.2526723752006,387.6531996154168,-6.400527240216206,0
2018-12-20,386.0,386.0,380.0,380.0,0.0,43983.0,16827992.0,0,2018-12-20,380.97430073626714,386.8475996558992,-5.873298919632077,0
2018-12-23,383.0,394.0,383.0,392.0,3.16,46394.0,18070880.0,1,2018-12-23,383.42445612820774,387.3899575868572,-3.9655014586494417,0
2018-12-24,388.0,395.0,386.0,386.0,-1.53,29532.0,11505737.0,-1,2018-12-24,383.9967992108282,387.2436462619249,-3.2468470510966654,0
2018-12-25,385.0,385.0,380.0,381.0,-1.3,29912.0,11429336.0,-1,2018-12-25,383.3308438306442,386.586420339617,-3.2555765089728084,0
2018-12-26,382.0,396.0,382.0,395.0,3.67,35578.0,13918672.0,1,2018-12-26,385.9239896460566,387.47206030386786,-1.5480706578112517,0
2018-12-27,395.0,400.0,388.0,389.0,-1.52,21635.0,8509512.0,-1,2018-12-27,386.6075475024885,387.6328960613555,-1.0253485588669946,0
2018-12-30,389.0,389.0,384.0,387.0,-0.51,15441.0,5965336.0,-1,2018-12-30,386.69475916860216,387.5662754233181,-0.8715162547159139,0
2018-12-31,385.0,385.0,380.0,380.0,-1.81,9724.0,3711328.0,-1,2018-12-31,385.2070349089128,386.7698253787583,-1.5627904698454813,0
2019-01-01,380.0,383.0,377.0,380.0,0.0,7155.0,2707400.0,0,2019-01-01,384.04991604026554,386.05721218099427,-2.0072961407287266,0
2019-01-02,380.0,382.0,378.0,382.0,0.53,19408.0,7370888.0,1,2019-01-02,383.5943791424288,385.63013721457384,-2.035758072145029,0
2019-01-03,381.0,385.0,381.0,383.0,0.26,8316.0,3179485.0,1,2019-01-03,383.46229488855573,385.3532806656713,-1.8909857771155885,0
2019-01-06,380.0,382.0,377.0,377.0,-1.57,9575.0,3631962.0,-1,2019-01-06,382.02622935776554,384.4739879640217,-2.4477586062561727,0
2019-01-07,377.0,383.0,377.0,379.0,0.53,17398.0,6606274.0,1,2019-01-07,381.35373394492876,383.897778704651,-2.544044759722226,0
2019-01-08,381.0,384.0,380.0,382.0,0.79,26447.0,10076233.0,1,2019-01-08,381.49734862383343,383.69801252521404,-2.200663901380608,0
2019-01-09,382.0,392.0,382.0,388.0,1.57,43470.0,16800032.0,1,2019-01-09,382.9423822629816,384.15085331203363,-1.2084710490520365,0
2019-01-10,386.0,390.0,385.0,390.0,0.52,28615.0,11054692.0,1,2019-01-10,384.51074176009683,384.7665529633985,-0.2558112033016755,0
2019-01-13,392.0,392.0,383.0,384.0,-1.54,74495.0,28756076.0,-1,2019-01-13,384.3972435911864,384.6858631777776,-0.28861958659121,0
2019-01-14,385.0,390.0,385.0,386.0,0.52,8106.0,3133749.0,1,2019-01-14,384.75341168203386,384.8241933695905,-0.07078168755663228,0
2019-01-15,386.0,392.0,386.0,390.0,1.04,15949.0,6232127.0,1,2019-01-15,385.9193201971375,385.3690151201599,0.5503050769776223,1
2019-01-16,393.0,401.0,390.0,398.0,2.05,77989.0,30981508.0,1,2019-01-16,388.60391570888476,386.6985924759325,1.9053232329522416,0
2019-01-17,400.0,401.0,395.0,396.0,-0.5,27748.0,11005936.0,-1,2019-01-17,390.24748999579924,387.6776880047817,2.5698019910175276,0
2019-01-20,397.0,397.0,392.0,392.0,-1.01,5752.0,2260518.0,-1,2019-01-20,390.6369366633994,388.13266821480465,2.5042684485947575,0
2019-01-21,390.0,399.0,389.0,389.0,-0.77,17919.0,7001614.0,-1,2019-01-21,390.2731729604218,388.22396629745674,2.049206662965048,0
2019-01-22,390.0,392.0,389.0,390.0,0.26,7735.0,3019367.0,1,2019-01-22,390.2124678581058,388.4109172135139,1.8015506445918845,0
2019-01-23,393.0,394.0,391.0,392.0,0.51,8939.0,3509480.0,1,2019-01-23,390.6096972229712,388.78871540156507,1.8209818214061215,0
2019-01-24,392.0,396.0,391.0,392.0,0.0,20113.0,7911959.0,0,2019-01-24,390.91865339564424,389.12674535929506,1.7919080363491844,0
2019-01-27,390.0,392.0,389.0,391.0,-0.26,27179.0,10617054.0,-1,2019-01-27,390.9367304188344,389.3239300583166,1.612800360517781,0
2019-01-28,391.0,394.0,391.0,393.0,0.51,12704.0,4978633.0,1,2019-01-28,391.3952347702045,389.7108847890201,1.6843499811844254,0
2019-01-29,391.0,392.0,389.0,390.0,-0.76,24692.0,9640886.0,-1,2019-01-29,391.0851825990479,389.7413179691232,1.3438646299247239,0
2019-01-30,390.0,392.0,390.0,392.0,0.51,23118.0,9061091.0,1,2019-01-30,391.28847535481503,389.9790739723734,1.3094013824416493,0
2019-01-31,393.0,394.0,390.0,391.0,-0.26,11447.0,4492469.0,-1,2019-01-31,391.2243697204117,390.08653987001827,1.137829850393416,0
2019-02-03,394.0,395.0,390.0,390.0,-0.26,22031.0,8610127.0,-1,2019-02-03,390.9522875603202,390.07743041001635,0.8748571503038534,0
2019-02-04,391.0,392.0,388.0,389.0,-0.26,31537.0,12285309.0,-1,2019-02-04,390.5184458802491,389.96401668264616,0.5544291976029285,0
2019-02-05,394.0,394.0,389.0,389.0,0.0,14198.0,5534327.0,0,2019-02-05,390.181013462416,389.86254124236757,0.31847222004842024,0
2019-02-06,384.0,390.0,384.0,387.0,-0.51,12115.0,4701776.0,-1,2019-02-06,389.4741215818791,389.56122111159203,-0.08709952971292978,-1
2019-02-07,386.0,390.0,385.0,390.0,0.78,9862.0,3825718.0,1,2019-02-07,389.5909834525727,389.6074083630034,-0.01642491043071459,0
2019-02-10,389.0,391.0,382.0,385.0,-1.28,20647.0,7957961.0,-1,2019-02-10,388.5707649075565,389.12241800900307,-0.5516531014465613,0
2019-02-11,381.0,387.0,381.0,386.0,0.26,10406.0,4015930.0,1,2019-02-11,387.9994838169884,388.793742429108,-0.79425861211962,0
2019-02-12,393.0,393.0,384.0,386.0,0.0,11167.0,4307361.0,0,2019-02-12,387.55515407987986,388.4996642786756,-0.94451019879574,0
2019-02-13,388.0,392.0,384.0,384.0,-0.52,15606.0,6032824.0,-1,2019-02-13,386.76511983990656,388.02601540723606,-1.2608955673294986,0
2019-02-14,382.0,389.0,380.0,384.0,0.0,17211.0,6582521.0,0,2019-02-14,386.15064876437174,387.60222431173753,-1.4515755473657919,0
2019-02-17,387.0,388.0,383.0,387.0,0.78,13443.0,5174030.0,1,2019-02-17,386.3393934834003,387.53883227892305,-1.1994387955227808,0
2019-02-18,385.0,386.0,383.0,385.0,-0.52,13348.0,5134879.0,-1,2019-02-18,386.0417504870891,387.2715867758785,-1.2298362887894427,0
2019-02-19,389.0,389.0,385.0,389.0,1.04,10351.0,3997266.0,1,2019-02-19,386.699139267736,387.4535250099966,-0.7543857422606379,0
2019-02-20,395.0,395.0,385.0,387.0,-0.51,6553.0,2528913.0,-1,2019-02-20,386.76599720823907,387.4057855352601,-0.6397883270210514,0
2019-02-21,388.0,388.0,382.0,384.0,-0.78,13521.0,5195354.0,-1,2019-02-21,386.1513311619637,387.04728179470646,-0.8959506327427675,0
2019-02-24,385.0,385.0,368.0,370.0,-3.65,36648.0,13731299.0,-1,2019-02-24,382.5621464593051,385.25283107947416,-2.6906846201690655,0
2019-02-25,370.0,377.0,370.0,374.0,1.08,16761.0,6275016.0,1,2019-02-25,380.65944724612615,384.06832254479264,-3.408875298666487,0
2019-02-26,374.0,380.0,373.0,376.0,0.53,9932.0,3715349.0,1,2019-02-26,379.6240145247648,383.21902543481445,-3.595010910049666,0
2019-02-27,375.0,382.0,375.0,378.0,0.53,7888.0,2983226.0,1,2019-02-27,379.2631224081504,382.6696543364129,-3.4065319282624955,0
2019-03-03,380.0,380.0,377.0,378.0,0.0,13490.0,5103024.0,0,2019-03-03,378.9824285396726,382.17811177468525,-3.195683235012666,0
2019-03-05,378.0,382.0,377.0,381.0,0.79,31858.0,12082441.0,1,2019-03-05,379.4307777530787,382.0541000089289,-2.623322255850212,0
2019-03-06,380.0,386.0,378.0,385.0,1.05,22986.0,8829736.0,1,2019-03-06,380.668382696839,382.36419474483114,-1.695812047992149,0
2019-03-07,385.0,392.0,385.0,391.0,1.56,26697.0,10354654.0,1,2019-03-07,382.964297653097,383.27322687695414,-0.3089292238571488,0
2019-03-10,392.0,396.0,385.0,394.0,0.77,10089.0,3943513.0,1,2019-03-10,385.41667595240875,384.40236088990633,1.014315062502419,1
2019-03-11,399.0,400.0,393.0,400.0,1.52,55606.0,22121492.0,1,2019-03-11,388.65741462965127,386.0442176383373,2.6131969913139983,0
2019-03-12,403.0,404.0,397.0,401.0,0.25,48902.0,19586490.0,1,2019-03-12,391.40021137861766,387.6185105185123,3.7817008601053317,0
2019-03-13,405.0,405.0,396.0,398.0,-0.75,31903.0,12783012.0,-1,2019-03-13,392.8668310722582,388.7112988849847,4.155532187273479,0
2019-03-14,395.0,400.0,395.0,399.0,0.25,20294.0,8076897.0,1,2019-03-14,394.2297575006453,389.7943200549863,4.435437445658977,0
2019-03-17,401.0,405.0,400.0,401.0,0.5,38412.0,15449692.0,1,2019-03-17,395.7342558338352,390.97386531235617,4.760390521479053,0
2019-03-18,400.0,402.0,397.0,398.0,-0.75,21236.0,8483057.0,-1,2019-03-18,396.2377545374274,391.7134584373713,4.5242961000561195,0
2019-03-19,402.0,402.0,398.0,399.0,0.25,3790.0,1511860.0,1,2019-03-19,396.8515868624436,392.4804628123848,4.371124050058768,0
2019-03-21,397.0,399.0,395.0,395.0,-1.0,22176.0,8807087.0,-1,2019-03-21,396.4401231152339,392.7456772531864,3.6944458620475302,0
2019-03-24,393.0,399.0,393.0,396.0,0.25,11361.0,4487639.0,1,2019-03-24,396.34231797851527,393.08823754232463,3.254080436190634,0
2019-03-25,394.0,400.0,394.0,398.0,0.51,8113.0,3226695.0,1,2019-03-25,396.71069176106744,393.60526516944833,3.105426591619107,0
2019-03-26,398.0,400.0,395.0,398.0,0.0,15558.0,6190349.0,0,2019-03-26,396.9972047030525,394.0678688358222,2.929335867230293,0
2019-03-27,400.0,400.0,397.0,398.0,0.0,13921.0,5537602.0,0,2019-03-27,397.22004810237416,394.48177737941984,2.7382707229543257,0
2019-03-28,403.0,403.0,396.0,398.0,0.0,15408.0,6131473.0,0,2019-03-28,397.39337074629105,394.85211660263883,2.5412541436522247,0
2019-03-31,401.0,402.0,399.0,400.0,0.5,24402.0,9764365.0,1,2019-03-31,397.97262169155977,395.393999065519,2.578622626040783,0
2019-04-01,404.0,410.0,400.0,410.0,2.5,54571.0,22078084.0,1,2019-04-01,400.6453724267687,396.9314728480959,3.7138995786727946,0
2019-04-02,412.0,426.0,410.0,426.0,3.9,89445.0,37684472.0,1,2019-04-02,406.279734109709,399.9913178114542,6.288416298254788,0
2019-04-03,428.0,439.0,421.0,436.0,2.35,101042.0,43735792.0,1,2019-04-03,412.88423764088475,403.7817054102485,9.102532230636257,0
2019-04-04,440.0,444.0,431.0,440.0,0.92,107396.0,47180688.0,1,2019-04-04,418.909962609577,407.5941574723276,11.315805137249413,0
2019-04-07,443.0,472.0,439.0,468.0,6.36,147987.0,67184256.0,1,2019-04-07,429.8188598074488,413.9526672120826,15.866192595366215,0
2019-04-08,470.0,478.0,462.0,466.0,-0.43,161971.0,76389496.0,-1,2019-04-08,437.8591131835713,419.43133382133703,18.427779362234276,0
2019-04-09,470.0,471.0,456.0,458.0,-1.72,116366.0,53870064.0,-1,2019-04-09,442.33486580944435,423.491193419091,18.843672390353333,0
2019-04-10,463.0,469.0,457.0,466.0,1.75,63030.0,29088630.0,1,2019-04-10,447.5937845184567,427.96580463813405,19.62797988032264,0
2019-04-11,466.0,471.0,465.0,469.0,0.64,54800.0,25647384.0,1,2019-04-11,452.350721292133,432.2851936235936,20.065527668539403,0
2019-04-15,466.0,473.0,466.0,470.0,0.21,39084.0,18348468.0,1,2019-04-15,456.2727832272146,436.2551732421627,20.017609985051877,0
2019-04-16,471.0,498.0,470.0,492.0,4.68,106050.0,51327748.0,1,2019-04-16,464.212164732278,442.1230497429877,22.089114989290294,0
2019-04-17,497.0,498.0,484.0,487.0,-1.02,92921.0,45477800.0,-1,2019-04-17,469.2761281251051,446.8469392437258,22.429188881379332,0
2019-04-18,489.0,493.0,481.0,482.0,-1.03,60312.0,29239844.0,-1,2019-04-18,472.1036552084151,450.54726142859676,21.556393779818336,0
2019-04-21,490.0,495.0,478.0,494.0,2.49,94558.0,46076092.0,1,2019-04-21,476.96950960654505,455.1212339097971,21.84827569674792,0
2019-04-22,494.0,500.0,483.0,484.0,-2.02,79167.0,38809688.0,-1,2019-04-22,478.5318408050906,458.16110402455536,20.370736780535253,0
2019-04-23,478.0,495.0,478.0,490.0,1.24,58722.0,28662700.0,1,2019-04-23,481.08032062618156,461.5125667588127,19.56775386736888,0
2019-04-24,490.0,508.0,490.0,506.0,3.27,128530.0,64084736.0,1,2019-04-24,486.6180271536968,466.19545446841136,20.422572685285445,0
2019-04-25,508.0,515.0,502.0,507.0,0.2,88888.0,45172796.0,1,2019-04-25,491.14735445287533,470.4906697875259,20.656684665349417,0
2019-04-28,512.0,512.0,501.0,502.0,-0.99,84179.0,42401216.0,-1,2019-04-28,493.5590534633475,473.8074413888389,19.751612074508557,0
2019-04-29,498.0,502.0,495.0,496.0,-1.2,62052.0,30903060.0,-1,2019-04-29,494.10148602704805,476.1435001900138,17.957985837034244,0
2019-04-30,497.0,500.0,492.0,495.0,-0.2,23369.0,11553845.0,-1,2019-04-30,494.30115579881516,478.12839490685445,16.172760891960706,0
2019-05-02,492.0,495.0,488.0,491.0,-0.81,31276.0,15359811.0,-1,2019-05-02,493.5675656213007,479.4833007061329,14.08426491516775,0
2019-05-05,487.0,490.0,483.0,483.0,-1.63,35721.0,17363724.0,-1,2019-05-05,491.21921770545606,479.85347957917156,11.365738126284498,0
2019-05-06,480.0,496.0,480.0,496.0,2.69,39149.0,19085938.0,1,2019-05-06,492.28161377091027,481.55311330767984,10.728500463230432,0
2019-05-07,490.0,502.0,484.0,494.0,-0.4,33241.0,16491329.0,-1,2019-05-07,492.66347737737465,482.86331190687144,9.800165470503202,0
2019-05-08,492.0,496.0,490.0,493.0,-0.2,19495.0,9614964.0,-1,2019-05-08,492.7382601824025,483.93033170614814,8.807928476254347,0
2019-05-09,493.0,493.0,487.0,488.0,-1.01,25211.0,12342681.0,-1,2019-05-09,491.68531347520195,484.3587178423431,7.326595632858869,0
2019-05-12,485.0,498.0,482.0,498.0,2.05,40990.0,20078108.0,1,2019-05-12,493.0885771473793,485.7946422799912,7.293934867388089,0
2019-05-13,501.0,501.0,486.0,487.0,-2.21,42220.0,20686736.0,-1,2019-05-13,491.7355600035172,485.9215220399921,5.814037963525095,0
2019-05-14,495.0,499.0,487.0,493.0,1.23,39731.0,19571800.0,1,2019-05-14,492.01654666940226,486.6666249831508,5.3499216862514345,0
2019-05-15,500.0,500.0,491.0,491.0,-0.41,49643.0,24585912.0,-1,2019-05-15,491.7906474095351,487.12276972176653,4.667877687768566,0
2019-05-16,490.0,495.0,487.0,490.0,-0.2,25182.0,12366322.0,-1,2019-05-16,491.39272576297174,487.4256360668437,3.9670896961280278,0
2019-05-19,490.0,491.0,484.0,484.0,-1.22,38861.0,18941674.0,-1,2019-05-19,489.74989781564466,487.06504279664966,2.6848550189949947,0
2019-05-20,482.0,491.0,481.0,483.0,-0.21,38921.0,18831306.0,-1,2019-05-20,488.2499205232792,486.6371435548971,1.612776968382093,0
2019-05-21,484.0,487.0,480.0,482.0,-0.21,39645.0,19139612.0,-1,2019-05-21,486.8610492958838,486.1490231806974,0.7120261151864042,0
2019-05-22,483.0,485.0,481.0,484.0,0.41,25076.0,12126265.0,1,2019-05-22,486.22526056346516,485.92281021430824,0.3024503491569135,0
2019-05-23,486.0,486.0,481.0,484.0,0.0,24480.0,11819484.0,0,2019-05-23,485.73075821602845,485.7204091391179,0.01034907691052922,0
2019-05-26,484.0,485.0,476.0,477.0,-1.45,36547.0,17569256.0,-1,2019-05-26,483.7905897235777,484.80247133500023,-1.0118816114225524,-1
2019-05-27,482.0,482.0,475.0,480.0,0.63,31557.0,15104097.0,1,2019-05-27,482.9482364516715,484.2969480365792,-1.3487115849076758,0
2019-05-28,479.0,482.0,476.0,480.0,0.0,20813.0,9956807.0,0,2019-05-28,482.2930727957445,483.8446377169393,-1.5515649211948244,0
2019-05-29,480.0,485.0,480.0,480.0,0.0,19752.0,9550413.0,0,2019-05-29,481.78350106335677,483.43993900989307,-1.6564379465363004,0
2019-05-30,500.0,502.0,483.0,485.0,1.04,67442.0,33099284.0,1,2019-05-30,482.49827860483305,483.6041559562201,-1.1058773513870506,0
2019-06-02,484.0,484.0,478.0,478.0,-1.44,49886.0,23947772.0,-1,2019-06-02,481.49866113709237,483.0142448029338,-1.5155836658414046,0
2019-06-03,475.0,475.0,465.0,468.0,-2.09,193172.0,90603752.0,-1,2019-06-03,478.498958662183,481.4337979815723,-2.9348393193893116,0
2019-06-04,467.0,474.0,463.0,470.0,0.43,30464.0,14284867.0,1,2019-06-04,476.6103011816979,480.2302402993015,-3.6199391176036215,0
2019-06-06,469.0,475.0,458.0,460.0,-2.13,62274.0,28945404.0,-1,2019-06-06,472.9191231413206,478.1007413204277,-5.18161817910709,0
2019-06-10,457.0,465.0,449.0,451.0,-1.96,91893.0,41859080.0,-1,2019-06-10,468.0482068876938,475.24803170775107,-7.199824820057245,0
2019-06-11,454.0,458.0,447.0,457.0,1.33,60515.0,27455744.0,1,2019-06-11,465.5930498015396,473.3271862648299,-7.73413646329027,0
2019-06-12,460.0,466.0,455.0,458.0,0.22,33591.0,15390955.0,1,2019-06-12,463.9057054011975,471.7137982369531,-7.808092835755588,0
2019-06-13,467.0,471.0,454.0,454.0,-0.87,39607.0,18070480.0,-1,2019-06-13,461.7044375342647,469.84918789622117,-8.144750361956483,0
2019-06-16,463.0,472.0,451.0,451.0,-0.66,35541.0,16090940.0,-1,2019-06-16,459.32567363776144,467.86506285451367,-8.539389216752227,0
2019-06-17,455.0,460.0,451.0,454.0,0.67,32855.0,14886503.0,1,2019-06-17,458.14219060714777,466.4055825540385,-8.26339194689075,0
2019-06-18,462.0,462.0,455.0,461.0,1.54,43757.0,20141424.0,1,2019-06-18,458.77725936111494,465.8365738641397,-7.05931450302478,0
2019-06-19,463.0,470.0,461.0,466.0,1.08,46789.0,21754684.0,1,2019-06-19,460.3823128364227,465.85377661528287,-5.471463778860141,0
2019-06-20,468.0,475.0,465.0,471.0,1.07,30484.0,14273775.0,1,2019-06-20,462.7417988727732,466.39548433998993,-3.6536854672167465,0
2019-06-23,480.0,480.0,460.0,466.0,-1.06,26800.0,12482972.0,-1,2019-06-23,463.46584356771245,466.35385440946465,-2.888010841752191,0
2019-06-24,468.0,469.0,465.0,467.0,0.21,29942.0,13953705.0,1,2019-06-24,464.25121166377636,466.42186973478414,-2.1706580710077787,0
2019-06-25,470.0,473.0,466.0,469.0,0.43,21895.0,10267871.0,1,2019-06-25,465.306497960715,466.69325186796476,-1.3867539072497834,0
2019-06-26,470.0,475.0,466.0,467.0,-0.43,14360.0,6702531.0,-1,2019-06-26,465.68283174722274,466.72554114502105,-1.042709397798319,0
2019-06-27,475.0,475.0,462.0,463.0,-0.86,21927.0,10178397.0,-1,2019-06-27,465.08664691450656,466.3333789192294,-1.246732004722844,0
2019-06-30,459.0,463.0,456.0,456.0,-1.51,27859.0,12776566.0,-1,2019-06-30,463.0673920446162,465.2456548224684,-2.178262777852183,0
2019-07-01,455.0,458.0,449.0,456.0,0.0,38691.0,17541848.0,0,2019-07-01,461.49686047914594,464.27242799905065,-2.775567519904712,0
2019-07-02,461.0,461.0,453.0,455.0,-0.22,31497.0,14327689.0,-1,2019-07-02,460.05311370600236,463.296382946519,-3.243269240516611,0
2019-07-03,464.0,472.0,456.0,462.0,1.54,20331.0,9392274.0,1,2019-07-03,460.48575510466856,463.1599215837275,-2.674166479058954,0
2019-07-04,466.0,469.0,460.0,462.0,0.0,16735.0,7745196.0,0,2019-07-04,460.82225397029777,463.0378245749141,-2.215570604616346,0
2019-07-07,471.0,476.0,455.0,458.0,-0.87,22121.0,10100088.0,-1,2019-07-07,460.1950864213427,462.50752725123897,-2.312440829896275,0
2019-07-08,454.0,455.0,450.0,452.0,-1.31,31564.0,14268044.0,-1,2019-07-08,458.3739561054888,461.40147175110855,-3.027515645619758,0
2019-07-09,454.0,454.0,444.0,449.0,-0.66,42350.0,18958428.0,-1,2019-07-09,456.2908547487135,460.0960536720445,-3.805198923330977,0
2019-07-10,447.0,449.0,443.0,445.0,-0.89,37178.0,16595634.0,-1,2019-07-10,453.7817759156661,458.50699539077664,-4.725219475110521,0
2019-07-11,450.0,450.0,443.0,445.0,0.0,39147.0,17417808.0,0,2019-07-11,451.83027015662924,457.0852064022738,-5.254936245644558,0
2019-07-14,449.0,450.0,441.0,443.0,-0.45,15141.0,6710292.0,-1,2019-07-14,449.86798789960056,455.6025530967713,-5.7345651971707525,0
2019-07-15,444.0,447.0,441.0,446.0,0.68,46364.0,20625784.0,1,2019-07-15,449.00843503302264,454.5917580339533,-5.583323000930648,0
2019-07-16,450.0,450.0,444.0,448.0,0.45,14110.0,6293451.0,1,2019-07-16,448.7843383590176,453.89788876722133,-5.113550408203707,0
2019-07-17,450.0,457.0,450.0,456.0,1.79,26501.0,12059896.0,1,2019-07-17,450.38781872368037,454.1191636338296,-3.7313449101492324,0
2019-07-18,456.0,464.0,456.0,459.0,0.66,28359.0,13051884.0,1,2019-07-18,452.3016367850847,454.6329358829002,-2.3312990978154744,0
2019-07-21,458.0,462.0,455.0,461.0,0.44,14798.0,6788095.0,1,2019-07-21,454.23460638839924,455.3031531583844,-1.0685467699851756,0
2019-07-22,468.0,468.0,458.0,463.0,0.43,16651.0,7695195.0,1,2019-07-22,456.1824716354216,456.11334756276506,0.06912407265656384,1
2019-07-23,463.0,469.0,462.0,465.0,0.43,12440.0,5788859.0,1,2019-07-23,458.1419223831057,457.04878466142134,1.093137721684343,0
2019-07-24,467.0,479.0,465.0,474.0,1.94,32270.0,15241879.0,1,2019-07-24,461.6659396313044,458.8331231181138,2.8328165131906076,0
2019-07-25,470.0,476.0,465.0,467.0,-1.48,33130.0,15607949.0,-1,2019-07-25,462.85128637990346,459.69279436883863,3.1584920110648227,0
2019-07-28,465.0,465.0,457.0,459.0,-1.71,47251.0,21704056.0,-1,2019-07-28,461.99544496214713,459.619868645803,2.375576316344109,0
2019-07-29,462.0,464.0,460.0,462.0,0.65,15259.0,7047645.0,1,2019-07-29,461.9964571927811,459.8704087883501,2.1260484044310033,0
2019-07-30,467.0,467.0,463.0,465.0,0.65,7866.0,3655774.0,1,2019-07-30,462.6639111499409,460.4103657579975,2.253545391943362,0
2019-07-31,474.0,474.0,465.0,468.0,0.65,12296.0,5733516.0,1,2019-07-31,463.84970867217623,461.2092746255767,2.6404340465995233,0
2019-08-01,473.0,473.0,465.0,467.0,-0.21,20007.0,9321543.0,-1,2019-08-01,464.5497734116926,461.8188246649897,2.73094874670295,0
2019-08-04,474.0,474.0,465.0,467.0,0.0,12134.0,5651245.0,0,2019-08-04,465.09426820909425,462.36421154235916,2.730056666735095,0
2019-08-05,469.0,469.0,463.0,465.0,-0.43,34781.0,16171329.0,-1,2019-08-05,465.0733197181844,462.6416629589529,2.431656759231487,0
2019-08-06,464.0,464.0,451.0,458.0,-1.51,43065.0,19609808.0,-1,2019-08-06,463.5014708919212,462.1530668580105,1.3484040339106969,0
2019-08-07,451.0,460.0,451.0,453.0,-1.09,17917.0,8164509.0,-1,2019-08-07,461.16781069371643,461.18958613611466,-0.021775442398222822,-1
2019-08-08,455.0,455.0,449.0,449.0,-0.88,15933.0,7173173.0,-1,2019-08-08,458.46385276177944,459.9064718059973,-1.4426190442178495,0
2019-08-11,447.0,452.0,447.0,449.0,0.0,11993.0,5385645.0,0,2019-08-11,456.3607743702729,458.7584221422081,-2.397647771935169,0
2019-08-12,449.0,450.0,448.0,450.0,0.22,12265.0,5506248.0,1,2019-08-12,454.9472689546567,457.83648296934405,-2.8892140146873544,0
2019-08-13,450.0,453.0,448.0,449.0,-0.22,5472.0,2454136.0,-1,2019-08-13,453.62565363139964,456.9063268673078,-3.280673235908182,0
2019-08-14,447.0,450.0,443.0,443.0,-1.34,18041.0,8024068.0,-1,2019-08-14,451.2643972688664,455.4425029865386,-4.178105717672224,0
2019-08-15,449.0,450.0,443.0,444.0,0.23,46360.0,20594602.0,1,2019-08-15,449.6500867646738,454.2380289879556,-4.5879422232818,0
2019-08-18,450.0,458.0,449.0,451.0,1.58,54223.0,24534456.0,1,2019-08-18,449.95006748363517,453.8971838313287,-3.947116347693509,0
2019-08-19,453.0,464.0,451.0,460.0,2.0,37488.0,17190380.0,1,2019-08-19,452.18338582060517,454.5395855332941,-2.3561997126889196,0
2019-08-20,460.0,461.0,453.0,453.0,-1.52,29190.0,13297171.0,-1,2019-08-20,452.3648556382485,454.3775238982105,-2.01266825996197,0
2019-08-21,454.0,457.0,451.0,454.0,0.22,38058.0,17263616.0,1,2019-08-21,452.7282210519711,454.3377845405041,-1.6095634885330128,0
2019-08-22,462.0,462.0,452.0,454.0,0.0,42153.0,19140812.0,0,2019-08-22,453.0108385959775,454.3022282730826,-1.291389677105144,0
2019-08-25,451.0,453.0,448.0,448.0,-1.32,32538.0,14637539.0,-1,2019-08-25,451.8973189079825,453.6388358232844,-1.7415169153019292,0
2019-08-26,450.0,450.0,446.0,447.0,-0.22,31024.0,13882397.0,-1,2019-08-26,450.8090258173197,452.9400109997808,-2.1309851824610746,0
2019-08-27,451.0,451.0,447.0,447.0,0.0,52701.0,23628000.0,0,2019-08-27,449.9625756356931,452.3147466840144,-2.3521710483212814,0
2019-08-28,471.0,471.0,438.0,439.0,-1.79,72685.0,32094418.0,-1,2019-08-28,447.5264477166502,450.9131944014866,-3.386746684836396,0
2019-08-29,447.0,450.0,437.0,439.0,0.0,29723.0,13080726.0,0,2019-08-29,445.6316815573946,449.6591739381722,-4.02749238077763,0
2019-09-01,462.0,462.0,439.0,440.0,0.23,15482.0,6818360.0,1,2019-09-01,444.38019676686247,448.6424187867857,-4.262222019923229,0
2019-09-02,436.0,471.0,435.0,436.0,-0.91,11942.0,5226853.0,-1,2019-09-02,442.51793081867083,447.3116378618609,-4.793707043190068,0
2019-09-03,439.0,449.0,426.0,449.0,2.98,50696.0,21972766.0,1,2019-09-03,443.95839063674396,447.4893601921913,-3.5309695554473706,0
2019-09-04,441.0,453.0,440.0,451.0,0.45,22602.0,10134271.0,1,2019-09-04,445.5231927174675,447.8589012245922,-2.335708507124707,0
2019-09-05,454.0,454.0,447.0,449.0,-0.44,29014.0,13037949.0,-1,2019-09-05,446.2958165580303,447.97901688516146,-1.6832003271311464,0
2019-09-08,450.0,453.0,448.0,448.0,-0.22,35963.0,16188090.0,-1,2019-09-08,446.67452398957914,447.9812256340918,-1.306701644512657,0
2019-09-09,450.0,450.0,443.0,448.0,0.0,15778.0,7032253.0,0,2019-09-09,446.9690742141171,447.98320188313477,-1.0141276690176824,0
2019-09-10,450.0,450.0,443.0,448.0,0.0,27649.0,12302406.0,0,2019-09-10,447.19816883320215,447.98497010596265,-0.7868012727604992,0
2019-09-11,450.0,454.0,444.0,447.0,-0.22,22108.0,9864653.0,-1,2019-09-11,447.15413131471274,447.88128904217706,-0.7271577274643164,0
2019-09-12,446.0,450.0,445.0,448.0,0.22,79341.0,35476568.0,1,2019-09-12,447.34210213366543,447.8937849324742,-0.5516827988087698,0
2019-09-15,441.0,441.0,390.0,391.0,-3.99,22199.0,8729640.0,-1,2019-09-15,434.82163499285093,441.90496546589793,-7.083330473046999,0
2019-09-16,390.0,391.0,377.0,380.0,-2.81,31341.0,11995455.0,-1,2019-09-16,422.63904943888406,435.38865331159286,-12.749603872708803,0
2019-09-17,377.0,390.0,376.0,387.0,1.84,18010.0,6937509.0,1,2019-09-17,414.71926067468763,430.295110857741,-15.575850183053376,0
2019-09-18,394.0,398.0,387.0,395.0,2.07,23035.0,8998569.0,1,2019-09-18,410.33720274697924,426.57983603061035,-16.242633283631108,0
2019-09-19,400.0,400.0,390.0,390.0,-1.27,5187.0,2035914.0,-1,2019-09-19,405.81782435876164,422.7293269747566,-16.911502615994948,0
2019-09-22,393.0,393.0,378.0,383.0,-1.79,7772.0,2976373.0,-1,2019-09-22,400.74719672348124,418.5472925563612,-17.800095832879947,0
2019-09-23,390.0,390.0,378.0,379.0,-1.04,13501.0,5133782.0,-1,2019-09-23,395.91448634048544,414.3844196556916,-18.469933315206163,0
2019-09-24,379.0,381.0,376.0,379.0,0.0,13035.0,4929740.0,0,2019-09-24,392.15571159815534,410.6597439024609,-18.504032304305554,0
2019-09-25,379.0,381.0,375.0,376.0,-0.79,15432.0,5804209.0,-1,2019-09-25,388.5655534652319,407.011349807465,-18.44579634223311,0
2019-09-26,377.0,377.0,375.0,375.0,-0.27,14312.0,5372280.0,-1,2019-09-26,385.5509860285137,403.64173403825816,-18.09074800974446,0
2019-09-29,374.0,377.0,372.0,375.0,0.0,22722.0,8515888.0,0,2019-09-29,383.20632246662177,400.62681466580995,-17.420492199188175,0
2019-09-30,376.0,378.0,375.0,378.0,0.8,9075.0,3413451.0,1,2019-09-30,382.0493619184836,398.2450447009878,-16.195682782504207,0
2019-10-01,378.0,384.0,375.0,384.0,1.59,5241.0,1997222.0,1,2019-10-01,382.48283704770944,396.7455663114102,-14.262729263700749,0
2019-10-02,389.0,390.0,382.0,384.0,0.0,7310.0,2804527.0,0,2019-10-02,382.81998437044064,395.4039277523144,-12.58394338187378,0
2019-10-03,401.0,401.0,383.0,389.0,1.3,8409.0,3230985.0,1,2019-10-03,384.1933211770094,394.729830094176,-10.5365089171666,0
2019-10-10,389.0,389.0,383.0,385.0,-1.03,3175.0,1221015.0,-1,2019-10-10,384.372583137674,393.7056374526838,-9.333054315009804,0
2019-10-14,385.0,385.0,378.0,378.0,-1.82,10343.0,3945902.0,-1,2019-10-14,382.9564535515242,392.05241245766445,-9.095958906140254,0
2019-10-15,380.0,385.0,378.0,385.0,1.85,11302.0,4296377.0,1,2019-10-15,383.4105749845188,391.3100532515945,-7.899478267075722,0
2019-10-16,390.0,390.0,383.0,386.0,0.26,15604.0,5995326.0,1,2019-10-16,383.9860027657368,390.75110027774247,-6.765097512005639,0
2019-10-17,387.0,387.0,384.0,386.0,0.0,10188.0,3924122.0,0,2019-10-17,384.4335577066842,390.25098445903274,-5.817426752348524,0
2019-10-20,393.0,400.0,382.0,382.0,-1.04,12661.0,4850201.0,-1,2019-10-20,383.8927671051988,389.38245977913454,-5.4896926739357355,0
2019-10-21,382.0,389.0,382.0,384.0,0.52,6069.0,2330121.0,1,2019-10-21,383.9165966373768,388.81588506554147,-4.8992884281646525,0
2019-10-22,384.0,391.0,384.0,391.0,1.82,24454.0,9463846.0,1,2019-10-22,385.4906862735153,389.0457919007476,-3.555105627232308,0
2019-10-23,392.0,401.0,390.0,398.0,1.79,37258.0,14693240.0,1,2019-10-23,388.2705337682897,389.98834012172154,-1.717806353431854,0
2019-10-24,400.0,414.0,400.0,411.0,3.27,84273.0,34542544.0,1,2019-10-24,393.32152626422527,392.20009379311927,1.1214324711060044,1
2019-10-31,416.0,418.0,408.0,408.0,-0.73,29033.0,11957266.0,-1,2019-10-31,396.5834093166196,393.86324181489624,2.720167501723381,0
2019-11-03,408.0,408.0,402.0,405.0,-0.74,10405.0,4204941.0,-1,2019-11-03,398.4537628018153,395.03553215017035,3.418230651644933,0
2019-11-04,405.0,405.0,397.0,400.0,-1.23,10935.0,4371389.0,-1,2019-11-04,398.7973710680785,395.55810771331033,3.239263354768184,0
2019-11-05,400.0,401.0,397.0,397.0,-0.75,13299.0,5303364.0,-1,2019-11-05,398.3979552751722,395.70988584875136,2.6880694264208387,0
2019-11-06,400.0,404.0,396.0,400.0,0.76,20215.0,8069098.0,1,2019-11-06,398.75396521402286,396.1614768120407,2.592488401982166,0
2019-11-07,397.0,403.0,397.0,399.0,-0.25,10888.0,4332033.0,-1,2019-11-07,398.80863961090665,396.46026872656273,2.3483708843439217,0
2019-11-10,406.0,406.0,397.0,400.0,0.25,27061.0,10792086.0,1,2019-11-10,399.07338636403847,396.8328720185035,2.2405143455349616,0
2019-11-11,398.0,406.0,398.0,404.0,1.0,21981.0,8849692.0,1,2019-11-11,400.1681893942521,397.5873065428716,2.5808828513805224,0
2019-11-12,404.0,404.0,398.0,398.0,-1.49,12817.0,5125024.0,-1,2019-11-12,399.68636952886277,397.63074795941145,2.0556215694513185,0
2019-11-13,398.0,400.0,398.0,399.0,0.25,8746.0,3490485.0,1,2019-11-13,399.5338429668933,397.7748797531576,1.758963213735683,0
2019-11-14,399.0,406.0,399.0,406.0,1.75,22377.0,9023197.0,1,2019-11-14,400.9707667520281,398.6406818844042,2.3300848676238957,0
2019-11-17,414.0,420.0,410.0,418.0,2.96,94663.0,39362152.0,1,2019-11-17,404.755040807133,400.67850484394063,4.076535963192384,0
2019-11-18,420.0,424.0,415.0,417.0,-0.24,33570.0,14013032.0,-1,2019-11-18,407.47614284999236,402.3965569656311,5.079585884361279,0
2019-11-19,419.0,419.0,410.0,411.0,-1.44,21424.0,8849797.0,-1,2019-11-19,408.2592222166607,403.3021825481962,4.9570396684645175,0
2019-11-20,411.0,417.0,407.0,410.0,-0.24,20611.0,8495698.0,-1,2019-11-20,408.6460617240694,404.0072159641755,4.638845759893911,0
2019-11-21,410.0,413.0,400.0,404.0,-1.46,31833.0,12841487.0,-1,2019-11-21,407.6136035631651,404.00645638899914,3.6071471741659593,0
2019-11-24,402.0,406.0,396.0,400.0,-0.99,21650.0,8624685.0,-1,2019-11-24,405.9216916602395,403.58472413752554,2.3369675227139624,0
2019-11-25,400.0,408.0,398.0,405.0,1.25,10402.0,4186013.0,1,2019-11-25,405.7168712912974,403.7337005441018,1.9831707471956292,0
2019-11-26,404.0,406.0,403.0,406.0,0.25,24891.0,10073543.0,1,2019-11-26,405.77978878212025,403.9722583815648,1.8075304005554358,0
2019-11-27,405.0,408.0,405.0,408.0,0.49,16628.0,6763101.0,1,2019-11-27,406.2731690527602,404.3962311835054,1.876937869254789,0
2019-11-28,408.0,410.0,406.0,406.0,-0.49,19814.0,8084163.0,-1,2019-11-28,406.2124648188135,404.56504895366277,1.6474158651507196,0
2019-12-01,407.0,407.0,405.0,406.0,0.0,30520.0,12397298.0,0,2019-12-01,406.16525041463274,404.7160964322246,1.44915398240812,0
2019-12-02,406.0,407.0,404.0,404.0,-0.49,26575.0,10783865.0,-1,2019-12-02,405.6840836558255,404.64071786041154,1.0433657954139335,0
2019-12-03,405.0,407.0,403.0,405.0,0.25,31452.0,12720791.0,1,2019-12-03,405.53206506564203,404.6785370329998,0.8535280326422026,0
2019-12-04,409.0,409.0,403.0,403.0,-0.49,47834.0,19360746.0,-1,2019-12-04,404.9693839399438,404.501848924263,0.4675350156807667,0
2019-12-05,405.0,408.0,405.0,407.0,0.99,24306.0,9879145.0,1,2019-12-05,405.4206319532896,404.76481219539323,0.6558197578963814,0
2019-12-08,407.0,409.0,404.0,405.0,-0.49,24612.0,9971612.0,-1,2019-12-08,405.3271581858919,404.7895688064045,0.5375893794874287,0
2019-12-09,405.0,410.0,405.0,410.0,1.23,17775.0,7262497.0,1,2019-12-09,406.36556747791593,405.33803524783553,1.0275322300803964,0
2019-12-10,414.0,415.0,409.0,410.0,0.0,20176.0,8266796.0,0,2019-12-10,407.17321914949014,405.8287683796423,1.3444507698478105,0
2019-12-11,410.0,415.0,410.0,414.0,0.98,13581.0,5595973.0,1,2019-12-11,408.69028156071454,406.6888980238905,2.0013835368240507,0
2019-12-12,412.0,418.0,412.0,414.0,0.0,17030.0,7038758.0,0,2019-12-12,409.8702189916669,407.4584877055862,2.4117312860806805,0
2019-12-15,415.0,424.0,414.0,421.0,1.69,62405.0,26149734.0,1,2019-12-15,412.3435036601854,408.8839100523666,3.4595936078187606,0
2019-12-16,425.0,425.0,414.0,418.0,-0.71,46637.0,19507904.0,-1,2019-12-16,413.60050284681085,409.84349846790695,3.7570043789039005,0
2019-12-17,415.0,418.0,413.0,414.0,-0.96,24206.0,10041469.0,-1,2019-12-17,413.689279991964,410.2810249449694,3.4082550469946113,0
2019-12-18,420.0,420.0,414.0,416.0,0.48,17181.0,7123940.0,1,2019-12-18,414.2027733270831,410.8830223191831,3.3197510078999812,0
2019-12-19,418.0,418.0,413.0,413.0,-0.72,23427.0,9694900.0,-1,2019-12-19,413.93549036550905,411.10586207505855,2.8296282904505006,0
2019-12-22,412.0,419.0,412.0,415.0,0.48,23136.0,9580029.0,1,2019-12-22,414.17204806206263,411.51577133031554,2.6562767317470843,0
2019-12-23,421.0,421.0,414.0,415.0,0.0,46469.0,19283452.0,0,2019-12-23,414.35603738160427,411.8825322429139,2.4735051386903706,0
2019-12-24,415.0,419.0,414.0,414.0,-0.24,34008.0,14136807.0,-1,2019-12-24,414.27691796347,412.10542358576504,2.17149437770496,0
2019-12-25,414.0,416.0,413.0,413.0,-0.24,41239.0,17096840.0,-1,2019-12-25,413.9931584160322,412.19958952410553,1.7935688919266681,0
2019-12-26,414.0,414.0,412.0,412.0,-0.24,35827.0,14788174.0,-1,2019-12-26,413.5502343235806,412.1785801005155,1.371654223065093,0
2019-12-29,415.0,415.0,406.0,408.0,-0.97,18417.0,7534681.0,-1,2019-12-29,412.3168489183405,411.73872956361913,0.5781193547213661,0
2019-12-30,407.0,408.0,405.0,405.0,-0.74,28616.0,11625887.0,-1,2019-12-30,410.6908824920426,411.02938960955396,-0.3385071175113694,-1
2019-12-31,413.0,414.0,407.0,408.0,0.74,28129.0,11503766.0,1,2019-12-31,410.09290860492206,410.7105064927588,-0.6175978878367232,0
2020-01-01,410.0,413.0,408.0,411.0,0.74,35563.0,14601163.0,1,2020-01-01,410.2944844704949,410.740979493521,-0.44649502302610244,0
2020-01-02,413.0,415.0,411.0,413.0,0.49,41445.0,17121498.0,1,2020-01-02,410.89571014371825,410.978771125782,-0.0830609820637278,0
2020-01-05,414.0,431.0,413.0,427.0,3.39,102503.0,43441128.0,1,2020-01-05,414.474441222892,412.66521627043653,1.8092249524554518,1
2020-01-06,430.0,441.0,428.0,440.0,3.04,194558.0,84742032.0,1,2020-01-06,420.1467876178049,415.54256192618004,4.604225691624833,0
2020-01-07,442.0,449.0,435.0,438.0,-0.45,146948.0,64800632.0,-1,2020-01-07,424.11416814718154,417.90650277605585,6.2076653711256995,0
2020-01-08,439.0,442.0,432.0,434.0,-0.91,98321.0,42809668.0,-1,2020-01-08,426.31101967003013,419.6005551154184,6.710464554611747,0
2020-01-09,431.0,437.0,431.0,433.0,-0.23,33427.0,14527988.0,-1,2020-01-09,427.7974597433568,421.0110229980059,6.786436745350898,0
2020-01-12,439.0,451.0,438.0,446.0,3.0,91556.0,40781112.0,1,2020-01-12,431.8424686892775,423.6414416297947,8.201027059482783,0
2020-01-13,453.0,459.0,445.0,450.0,0.9,123765.0,55759616.0,1,2020-01-13,435.8774756472158,426.41602672139527,9.461448925820548,0
2020-01-14,450.0,450.0,443.0,443.0,-1.56,64306.0,28696608.0,-1,2020-01-14,437.4602588367234,428.16170811914316,9.29855071758027,0
2020-01-15,446.0,474.0,446.0,472.0,6.55,160108.0,74074776.0,1,2020-01-15,445.13575687300715,432.77626515923333,12.35949171377382,0
2020-01-16,475.0,484.0,475.0,475.0,0.64,142355.0,68316816.0,1,2020-01-16,451.77225534567225,437.2208688266825,14.551386518989773,0
2020-01-19,484.0,489.0,475.0,477.0,0.42,131384.0,63023348.0,1,2020-01-19,457.37842082441176,441.4081457922949,15.970275032116888,0
2020-01-20,484.0,492.0,470.0,479.0,0.42,125366.0,59848904.0,1,2020-01-20,462.1832161967647,445.3651830773165,16.818033119448216,0
2020-01-21,488.0,493.0,480.0,482.0,0.63,195430.0,94612008.0,1,2020-01-21,466.58694593081697,449.22147959549375,17.36546633532322,0
2020-01-22,490.0,490.0,477.0,478.0,-0.83,61558.0,29577488.0,-1,2020-01-22,469.1231801684132,452.2507975328102,16.872382635603003,0
2020-01-23,485.0,485.0,470.0,472.0,-1.26,55322.0,26240792.0,-1,2020-01-23,469.7624734643214,454.32966095040916,15.43281251391221,0
2020-01-26,472.0,475.0,466.0,467.0,-1.06,63904.0,29986306.0,-1,2020-01-26,469.14859047224996,455.6633808503661,13.485209621883882,0
2020-01-27,465.0,474.0,464.0,471.0,0.86,57507.0,27049862.0,1,2020-01-27,469.56001481174997,457.2777618134854,12.28225299826454,0
2020-01-28,475.0,480.0,474.0,475.0,0.85,42456.0,20258112.0,1,2020-01-28,470.76890040913884,459.14326056996066,11.625639839178177,0
2020-01-29,478.0,478.0,469.0,470.0,-1.05,31065.0,14690851.0,-1,2020-01-29,470.59803365155244,460.2860752468069,10.311958404745553,0
2020-01-30,471.0,483.0,470.0,480.0,2.13,65696.0,31360788.0,1,2020-01-30,472.68735950676296,462.36122522082724,10.326134285935723,0
2020-02-02,484.0,493.0,482.0,492.0,2.5,128887.0,62995688.0,1,2020-02-02,476.979057394149,465.48109625021385,11.497961143935129,0
2020-02-03,495.0,496.0,487.0,488.0,-0.81,71812.0,35184108.0,-1,2020-02-03,479.4281557510048,467.85150717124395,11.576648579760842,0
2020-02-04,488.0,489.0,481.0,481.0,-1.43,63839.0,31011132.0,-1,2020-02-04,479.7774544730038,469.2355590479551,10.541895425048665,0
2020-02-05,500.0,500.0,480.0,482.0,0.21,45781.0,22094590.0,1,2020-02-05,480.2713534790029,470.5791844113283,9.692169067674627,0
2020-02-06,483.0,485.0,479.0,481.0,-0.21,66736.0,32138168.0,-1,2020-02-06,480.4332749281134,471.6761123680306,8.757162560082804,0
2020-02-09,481.0,490.0,478.0,483.0,0.42,71613.0,34623532.0,1,2020-02-09,481.00365827742155,472.86810053981685,8.1355577376047,0
2020-02-10,483.0,489.0,482.0,488.0,1.04,73372.0,35573328.0,1,2020-02-10,482.558400882439,474.4609320619414,8.097468820497625,0
2020-02-11,497.0,505.0,490.0,503.0,3.07,228218.0,113879472.0,1,2020-02-11,487.10097846411924,477.46504447647385,9.635933987645387,0
2020-02-12,505.0,510.0,504.0,508.0,0.99,123088.0,62453848.0,1,2020-02-12,491.7452054720927,480.6792503210555,11.065955151037201,0
2020-02-13,507.0,509.0,500.0,503.0,-0.98,99381.0,50136348.0,-1,2020-02-13,494.2462709227388,483.0288029188391,11.217468003899683,0
2020-02-16,503.0,511.0,502.0,511.0,1.59,78765.0,39781844.0,1,2020-02-16,497.96932182879686,485.97313945369814,11.996182375098726,0
2020-02-17,513.0,545.0,513.0,539.0,5.48,164128.0,87533288.0,1,2020-02-17,507.0872503112864,491.55491424804575,15.532336063240678,0
2020-02-18,544.0,558.0,540.0,548.0,1.67,194043.0,106515664.0,1,2020-02-18,516.1789724643338,497.49650222193566,18.682470242398153,0
2020-02-19,550.0,553.0,543.0,547.0,-0.18,109712.0,59966376.0,-1,2020-02-19,523.0280896944819,502.7073967248898,20.320692969592073,0
2020-02-20,548.0,554.0,548.0,554.0,1.28,106954.0,58865288.0,1,2020-02-20,529.9107364290414,508.1066181222698,21.804118306771613,0
2020-02-23,556.0,602.0,556.0,596.0,7.58,159238.0,92857400.0,1,2020-02-23,544.59723944481,517.3585530567677,27.23868638804231,0
2020-02-24,607.0,619.0,590.0,594.0,-0.34,174260.0,104420808.0,-1,2020-02-24,555.5756306792966,525.4260737876343,30.149556891662314,0
2020-02-25,588.0,598.0,575.0,595.0,0.17,153538.0,90755856.0,1,2020-02-25,564.336601639453,532.7496449678833,31.586956671569624,0
2020-02-26,603.0,615.0,595.0,610.0,2.52,166838.0,101202808.0,1,2020-02-26,574.4840234973524,540.8812612870535,33.60276221029892,0
2020-02-27,605.0,663.0,587.0,660.0,8.2,330732.0,205946512.0,1,2020-02-27,593.4875738312741,553.4200758884162,40.06749794285781,0
2020-03-01,670.0,680.0,636.0,639.0,-3.18,334054.0,218894992.0,-1,2020-03-01,603.6014463132132,562.4284889527935,41.17295736041967,0
2020-03-02,639.0,639.0,600.0,603.0,-5.63,236109.0,146152144.0,-1,2020-03-02,603.4677915769436,566.6991743261837,36.76861725075992,0
2020-03-03,591.0,621.0,579.0,608.0,0.83,305633.0,183699664.0,1,2020-03-03,604.4749490042894,571.0466296602696,33.42831934401988,0
2020-03-04,608.0,610.0,577.0,577.0,-5.1,220724.0,130103504.0,-1,2020-03-04,598.3694047811141,571.6733002223465,26.696104558767615,0
2020-03-05,588.0,589.0,560.0,575.0,-0.35,168687.0,96806016.0,-1,2020-03-05,593.1762037186443,572.02347914631,21.15272457233425,0
2020-03-10,564.0,564.0,526.0,526.0,-8.52,149878.0,82055112.0,-1,2020-03-10,578.2481584478344,567.1789023940669,11.069256053767504,0
2020-03-11,520.0,569.0,520.0,567.0,7.79,265635.0,146653792.0,1,2020-03-11,575.748567681649,567.1600705631125,8.588497118536452,0
2020-03-12,564.0,569.0,545.0,550.0,-3.0,210135.0,116385680.0,-1,2020-03-12,570.0266637523937,565.3537473459428,4.672916406450895,0
2020-03-15,545.0,547.0,518.0,518.0,-5.82,215664.0,114696264.0,-1,2020-03-15,558.4651829185284,560.3691423621593,-1.9039594436309244,-1
2020-03-16,518.0,531.0,511.0,522.0,0.77,246391.0,128164968.0,1,2020-03-16,550.3618089366332,556.3302852714057,-5.968476334772504,0
2020-03-17,522.0,522.0,501.0,508.0,-2.68,197047.0,100701960.0,-1,2020-03-17,540.9480736173814,551.242886821784,-10.294813204402658,0
2020-03-18,511.0,518.0,491.0,502.0,-1.18,166700.0,83345064.0,-1,2020-03-18,532.2929461468523,546.05942505107,-13.766478904217706,0
2020-03-19,498.0,515.0,482.0,509.0,1.39,192055.0,96542560.0,1,2020-03-19,527.1167358919962,542.158432940431,-15.041697048434798,0
2020-03-22,500.0,510.0,488.0,496.0,-2.55,22489.0,11139985.0,-1,2020-03-22,520.2019056937748,537.2996505256488,-17.09774483187391,0
2020-05-12,487.0,487.0,482.0,482.0,-2.82,95.0,45840.0,-1,2020-05-12,511.7125933173804,531.4786346808436,-19.76604136346316,0
2020-05-13,473.0,473.0,468.0,468.0,-2.9,60.0,28130.0,-1,2020-05-13,501.99868369129587,524.7966731354917,-22.79798944419582,0
2020-06-29,459.0,459.0,422.0,469.0,-4.27,75742.0,32927742.0,-1,2020-06-29,494.6656428710079,518.9233391212294,-24.257696250221557,0
2020-06-30,462.0,510.0,462.0,506.0,7.89,10579.0,5219061.0,1,2020-06-30,497.1843888996728,517.5629876347842,-20.37859873511144,0
2020-07-01,514.0,534.0,514.0,525.0,3.75,33967.0,17874578.0,1,2020-07-01,503.3656358108566,518.345831041649,-14.980195230792447,0
2020-07-02,530.0,530.0,473.0,485.0,-7.62,44886.0,21832356.0,-1,2020-07-02,499.284383408444,514.8357435635808,-15.551360155136763,0
2020-07-05,480.0,502.0,472.0,490.0,1.03,64804.0,31600816.0,1,2020-07-05,497.22118709545646,512.2214547674143,-15.000267671957886,0
2020-07-06,491.0,500.0,480.0,499.0,1.84,35198.0,17367168.0,1,2020-07-06,497.6164788520217,510.8297226866339,-13.213243834612172,0
2020-07-07,499.0,517.0,499.0,510.0,2.2,72828.0,37111024.0,1,2020-07-07,500.3683724404613,510.7423834564619,-10.374011016000566,0
2020-07-08,503.0,515.0,500.0,505.0,-0.98,35217.0,17868522.0,-1,2020-07-08,501.3976230092477,510.1379220399922,-8.740299030744495,0
2020-07-09,502.0,509.0,496.0,502.0,-0.59,69253.0,34828596.0,-1,2020-07-09,501.5314845627482,509.2812986673614,-7.749814104613222,0
2020-07-12,511.0,515.0,506.0,510.0,1.59,88061.0,44875952.0,1,2020-07-12,503.41337688213747,509.3569514392181,-5.9435745570806375,0
2020-07-13,510.0,518.0,509.0,516.0,1.18,91574.0,47152176.0,1,2020-07-13,506.21040424166245,510.0562197087741,-3.845815467111663,0
2020-07-14,541.0,541.0,518.0,533.0,3.29,90120.0,47642408.0,1,2020-07-14,512.1636477435152,512.4713544762716,-0.3077067327564009,0
2020-07-15,540.0,555.0,539.0,553.0,3.75,189465.0,104025576.0,1,2020-07-15,521.2383926894007,516.7375276892956,4.5008650001051365,1
2020-07-16,563.0,571.0,557.0,570.0,3.07,100312.0,56821672.0,1,2020-07-16,532.0743054250894,522.3441037220014,9.730201703088028,0
2020-07-19,581.0,627.0,581.0,627.0,10.0,1111.0,688541.0,1,2020-07-19,553.1689042195139,533.3605138565275,19.808390362986415,0
2020-07-20,658.0,671.0,584.0,595.0,-5.1,288033.0,174873312.0,-1,2020-07-20,562.4647032818442,539.8488808189983,22.615822462845927,0
2020-07-21,600.0,604.0,580.0,587.0,-1.34,193137.0,114425616.0,-1,2020-07-21,567.9169914414343,544.8121565222616,23.10483491917273,0
2020-07-22,587.0,600.0,578.0,580.0,-1.19,121795.0,71304520.0,-1,2020-07-22,570.602104454449,548.5161400462341,22.085964408214863,0
2020-07-23,580.0,582.0,569.0,579.0,-0.17,102536.0,58964872.0,-1,2020-07-23,572.4683034645715,551.7249674097884,20.74333605478307,0
2020-07-26,585.0,598.0,580.0,594.0,2.59,146673.0,86186248.0,1,2020-07-26,577.253124916889,556.174970840337,21.078154076551982,0
2020-07-27,600.0,605.0,586.0,588.0,-1.01,101036.0,60092796.0,-1,2020-07-27,579.6413193798026,559.5249739097752,20.11634547002734,0
2020-07-28,585.0,592.0,579.0,580.0,-1.36,96294.0,56270044.0,-1,2020-07-28,579.7210261842908,561.6802398140094,18.040786370281467,0
2020-07-29,577.0,579.0,570.0,570.0,-1.72,155181.0,88824144.0,-1,2020-07-29,577.5607981433374,562.5560040441137,15.004794099223659,0
2020-07-30,570.0,577.0,565.0,570.0,0.0,89310.0,50944684.0,0,2020-07-30,575.8806207781513,563.339582565786,12.541038212365265,0
2020-08-02,566.0,566.0,552.0,552.0,-3.16,125621.0,69926352.0,-1,2020-08-02,570.5738161607843,562.1459422957033,8.427873865080983,0
2020-08-03,550.0,560.0,544.0,556.0,0.72,93087.0,51551768.0,1,2020-08-03,567.3351903472767,561.4990010014187,5.836189345857974,0
2020-08-05,549.0,553.0,542.0,550.0,-1.08,89373.0,48883304.0,-1,2020-08-05,563.4829258256597,560.2885798433747,3.194345982284972,0
2020-08-06,545.0,551.0,537.0,548.0,-0.36,73572.0,39961020.0,-1,2020-08-06,560.0422756421797,558.9950451230195,1.0472305191601663,0
2020-08-09,548.0,555.0,538.0,553.0,0.91,49047.0,26824170.0,1,2020-08-09,558.4773254994731,558.363987741649,0.11333775782406974,0
2020-08-10,556.0,576.0,550.0,574.0,3.8,128478.0,72588920.0,1,2020-08-10,561.9268087218124,560.0098837688438,1.9169249529686567,0
2020-08-11,576.0,582.0,570.0,572.0,-0.35,74503.0,42842248.0,-1,2020-08-11,564.1652956725208,561.2720012668602,2.8932944056605265,0
2020-08-12,580.0,580.0,564.0,574.0,0.35,67657.0,38750468.0,1,2020-08-12,566.3507855230716,562.6117906071908,3.7389949158808804,0
2020-08-13,570.0,583.0,570.0,577.0,0.52,120252.0,69327182.0,1,2020-08-13,568.7172776290557,564.1263389643285,4.590938664727219,0
2020-08-16,575.0,575.0,560.0,566.0,-1.91,71817.0,40710911.0,-1,2020-08-16,568.1134381559323,564.3235664417676,3.789871714164633,0
2020-08-17,569.0,569.0,562.0,566.0,0.0,37723.0,21324794.0,0,2020-08-17,567.6437852323918,564.5000331321079,3.143752100283905,0
2020-08-18,566.0,570.0,562.0,565.0,-0.18,43780.0,24778667.0,-1,2020-08-18,567.0562774029713,564.552661223465,2.5036161795063663,0
2020-08-19,555.0,563.0,553.0,554.0,-1.95,59039.0,32937891.0,-1,2020-08-19,564.1548824245333,563.4418547788897,0.7130276456435922,0
2020-08-20,554.0,564.0,554.0,560.0,1.08,15745.0,8802927.0,1,2020-08-20,563.2315752190815,563.0795542758486,0.15202094323285564,0
2020-08-23,558.0,571.0,557.0,565.0,0.89,23761.0,13355996.0,1,2020-08-23,563.62455850373,563.2817064573383,0.3428520463917266,0
2020-08-24,570.0,579.0,568.0,574.0,1.59,99698.0,57114758.0,1,2020-08-24,565.9302121695678,564.4099478828816,1.5202642866861424,0
2020-08-25,574.0,581.0,573.0,576.0,0.35,94522.0,54560311.0,1,2020-08-25,568.1679427985528,565.6299533688941,2.537989429658637,0
2020-08-26,579.0,600.0,577.0,590.0,2.43,176951.0,104096076.0,1,2020-08-26,573.019511065541,568.1952214353263,4.824289630214707,0
2020-08-27,600.0,600.0,586.0,588.0,-0.34,140837.0,83147088.0,-1,2020-08-27,576.3485086065319,570.2799349684499,6.068573638082057,0
2020-08-30,584.0,587.0,579.0,581.0,-1.19,44108.0,25697993.0,-1,2020-08-30,577.382173360636,571.4083628665078,5.973810494128202,0
2020-08-31,590.0,600.0,581.0,589.0,1.38,169903.0,99948299.0,1,2020-08-31,579.963912613828,573.2601141437175,6.7037984701105415,0
2020-09-02,598.0,604.0,592.0,599.0,1.7,192770.0,115280845.0,1,2020-09-02,584.1941542551996,575.9695758127999,8.224578442399661,0
2020-09-03,611.0,611.0,588.0,595.0,-0.67,68906.0,41055799.0,-1,2020-09-03,586.5954533095996,577.972778358821,8.622674950778674,0
2020-09-06,624.0,624.0,582.0,588.0,-1.18,114541.0,68001260.0,-1,2020-09-06,586.9075747963552,579.0282753736819,7.879299422673284,0
2020-09-07,591.0,592.0,576.0,577.0,-1.87,72833.0,42301810.0,-1,2020-09-07,584.7058915082763,578.814772702768,5.891118805508313,0
2020-09-08,575.0,582.0,570.0,579.0,0.35,49349.0,28420867.0,1,2020-09-08,583.4379156175482,578.8342703130029,4.603645304545353,0
2020-09-09,577.0,582.0,571.0,577.0,-0.35,62944.0,36211349.0,-1,2020-09-09,582.0072677025375,578.6411892274236,3.366078475113909,0
2020-09-10,580.0,586.0,576.0,576.0,-0.17,48020.0,27784179.0,-1,2020-09-10,580.6723193241959,578.3631693087475,2.309150015448381,0
2020-09-13,576.0,587.0,574.0,587.0,1.91,93975.0,54454975.0,1,2020-09-13,582.0784705854857,579.2723093815109,2.806161203974739,0
2020-09-14,594.0,595.0,584.0,589.0,0.34,70052.0,41300654.0,1,2020-09-14,583.6165882331555,580.2962768150361,3.320311418119445,0
2020-09-15,587.0,590.0,580.0,581.0,-1.36,46177.0,26935587.0,-1,2020-09-15,583.0351241813432,580.3703529397691,2.664771241574158,0
2020-09-16,581.0,582.0,575.0,579.0,-0.34,43649.0,25294614.0,-1,2020-09-16,582.1384299188226,580.2261052618986,1.9123246569239427,0
2020-09-17,580.0,593.0,577.0,590.0,1.9,115847.0,67976260.0,1,2020-09-17,583.8854454924176,581.2549362869619,2.6305092054557235,0
2020-09-20,598.0,604.0,591.0,592.0,0.34,81497.0,48543911.0,1,2020-09-20,585.6886798274359,582.3859956251764,3.3026842022594565,0
2020-09-21,610.0,610.0,584.0,589.0,-0.51,54931.0,32330319.0,-1,2020-09-21,586.4245287546723,583.0822066119999,3.3423221426724012,0
2020-09-22,590.0,590.0,576.0,577.0,-2.04,72466.0,42030248.0,-1,2020-09-22,584.3301890314118,582.4419743370526,1.8882146943592488,0
2020-09-23,573.0,581.0,572.0,578.0,0.17,33384.0,19300947.0,1,2020-09-23,582.9234803577647,581.9743980910471,0.9490822667175962,0
2020-09-24,606.0,606.0,576.0,579.0,0.17,37060.0,21411162.0,1,2020-09-24,582.0515958338169,581.6613035551474,0.3902922786695626,0
2020-09-27,607.0,607.0,575.0,580.0,0.17,48614.0,28176460.0,1,2020-09-27,581.5956856485243,581.4864294967108,0.10925615181349713,0
2020-09-28,584.0,584.0,578.0,579.0,-0.17,46486.0,26926505.0,-1,2020-09-28,581.0188666155188,581.2247000760044,-0.2058334604855645,-1
2020-09-29,579.0,579.0,570.0,573.0,-1.04,58385.0,33567560.0,-1,2020-09-29,579.2368962565147,580.3589421732671,-1.1220459167524268,0
2020-09-30,601.0,601.0,569.0,571.0,-0.35,60813.0,34712402.0,-1,2020-09-30,577.4064748661781,579.3737903655548,-1.9673154993766957,0
2020-10-01,575.0,582.0,571.0,579.0,1.4,73645.0,42485200.0,1,2020-10-01,577.7605915625829,579.3344440112859,-1.5738524487029508,0
2020-10-04,579.0,588.0,579.0,580.0,0.17,66773.0,38908296.0,1,2020-10-04,578.258237882009,579.4045025364137,-1.1462646544047175,0
2020-10-05,589.0,589.0,577.0,577.0,-0.52,54309.0,31460298.0,-1,2020-10-05,577.9786294637847,579.1513970062649,-1.1727675424801873,0
2020-10-06,580.0,580.0,574.0,574.0,-0.52,42913.0,24711183.0,-1,2020-10-06,577.0944895829437,578.609144689816,-1.5146551068723966,0
2020-10-07,576.0,577.0,572.0,575.0,0.17,66003.0,37901911.0,1,2020-10-07,576.6290474534006,578.2292347224669,-1.6001872690662822,0
2020-10-08,582.0,589.0,571.0,573.0,-0.35,52226.0,30106899.0,-1,2020-10-08,575.8225924637561,577.6787889622072,-1.8561964984511405,0
2020-10-11,575.0,582.0,571.0,574.0,0.17,73636.0,42495821.0,1,2020-10-11,575.4175719162547,577.291548018817,-1.8739761025623238,0
2020-10-12,580.0,587.0,575.0,580.0,1.05,87414.0,50811628.0,1,2020-10-12,576.4358892681981,577.5766482273626,-1.1407589591644864,0
2020-10-13,585.0,591.0,578.0,579.0,-0.17,49233.0,28571498.0,-1,2020-10-13,577.005691653043,577.7264747297455,-0.7207830767025598,0
2020-10-14,587.0,587.0,575.0,579.0,0.0,32158.0,18576483.0,0,2020-10-14,577.4488712857001,577.8605300213512,-0.4116587356511445,0
2020-10-15,607.0,607.0,577.0,578.0,-0.17,40608.0,23500343.0,-1,2020-10-15,577.5713443333223,577.8752110717353,-0.3038667384130349,0
2020-10-18,585.0,585.0,572.0,572.0,-1.04,28061.0,16125361.0,-1,2020-10-18,576.3332678148062,577.2567678010263,-0.9234999862201221,0
2020-10-19,575.0,579.0,574.0,577.0,0.87,17751.0,10218697.0,1,2020-10-19,576.4814305226271,577.2297396114445,-0.7483090888174502,0
2020-10-20,580.0,582.0,575.0,581.0,0.69,35260.0,20398867.0,1,2020-10-20,577.4855570731544,577.6266091260293,-0.14105205287489753,0
2020-10-21,610.0,634.0,602.0,605.0,4.13,399513.0,242957807.0,1,2020-10-21,583.5998777235645,580.5080186917105,3.091859031854028,1
2020-10-22,615.0,615.0,600.0,605.0,0.0,162894.0,98569835.0,0,2020-10-22,588.3554604516613,583.08612198732,5.269338464341331,0
2020-10-28,610.0,618.0,605.0,617.0,1.98,139393.0,85420572.0,1,2020-10-28,594.7209136846254,586.6560038833916,8.064909801233853,0
2020-10-29,625.0,629.0,617.0,620.0,0.49,190125.0,118199396.0,1,2020-10-29,600.3384884213754,590.1658982114557,10.17259020991969,0
2020-11-01,620.0,629.0,613.0,622.0,0.32,173339.0,107746680.0,1,2020-11-01,605.1521576610697,593.5168562944604,11.635301366609383,0
2020-11-02,618.0,624.0,617.0,618.0,-0.64,109064.0,67605201.0,-1,2020-11-02,608.0072337363875,596.0940293160961,11.913204420291436,0
2020-11-03,618.0,623.0,615.0,619.0,0.16,134689.0,83448967.0,1,2020-11-03,610.4500706838569,598.5051841249281,11.944886558928829,0
2020-11-04,620.0,621.0,615.0,619.0,0.0,61952.0,38399020.0,0,2020-11-04,612.3500549763331,600.6625331644093,11.68752181192383,0
2020-11-05,620.0,621.0,616.0,618.0,-0.16,86880.0,53670034.0,-1,2020-11-05,613.6055983149258,602.4875296734189,11.118068641506966,0
2020-11-08,620.0,622.0,617.0,619.0,0.16,78936.0,48795948.0,1,2020-11-08,614.8043542449423,604.2256844446379,10.578669800304397,0
2020-11-09,622.0,623.0,617.0,618.0,-0.16,66336.0,41074321.0,-1,2020-11-09,615.5144977460661,605.6756123978339,9.838885348232225,0
2020-11-10,620.0,624.0,617.0,619.0,0.16,95856.0,59488516.0,1,2020-11-10,616.2890538024958,607.0781795138514,9.21087428864439,0
2020-11-11,620.0,645.0,620.0,642.0,3.72,246848.0,156590427.0,1,2020-11-11,622.0025974019412,610.7541606176566,11.24843678428465,0
2020-11-12,650.0,650.0,635.0,644.0,0.31,212901.0,137176113.0,1,2020-11-12,626.8909090903987,614.2537226579033,12.637186432495469,0
2020-11-18,649.0,675.0,644.0,670.0,4.04,274516.0,181227572.0,1,2020-11-18,636.4707070703101,620.1217518518082,16.348955218501942,0
2020-11-19,675.0,683.0,664.0,670.0,0.0,232275.0,156080501.0,0,2020-11-19,643.9216610546856,625.3720937621441,18.549567292541496,0
2020-11-22,674.0,694.0,671.0,691.0,3.13,259501.0,178025620.0,1,2020-11-22,654.3835141536443,632.2802944187605,22.10321973488385,0
2020-11-23,695.0,699.0,686.0,687.0,-0.58,214571.0,147975808.0,-1,2020-11-23,661.6316221195011,638.040263427312,23.591358692189146,0
2020-11-24,720.0,720.0,687.0,697.0,1.46,538774.0,373386505.0,1,2020-11-24,669.4912616485009,644.246551487595,25.244710160905925,0
2020-11-25,610.0,640.0,605.0,634.0,8.91,309672.0,192996761.0,1,2020-11-25,661.6043146155007,643.1679671204797,18.436347495020982,0
2020-11-26,648.0,650.0,623.0,624.0,-1.58,235735.0,149333909.0,-1,2020-11-26,653.2478002565006,641.1502863709554,12.09751388554514,0
2020-11-29,638.0,678.0,626.0,660.0,5.77,311229.0,200999777.0,1,2020-11-29,654.7482890883894,643.1344667529602,11.613822335429177,0
2020-11-30,680.0,692.0,644.0,647.0,-1.97,193860.0,128146664.0,-1,2020-11-30,653.0264470687473,643.5413649894906,9.4850820792567,0
2020-12-01,646.0,655.0,630.0,632.0,-2.32,170189.0,108430082.0,-1,2020-12-01,648.3539032756923,642.3264844642811,6.02741881141128,0
2020-12-02,635.0,688.0,630.0,653.0,3.32,199988.0,129755038.0,1,2020-12-02,649.3863692144274,643.4500124154093,5.936356799018085,0
2020-12-03,660.0,660.0,637.0,644.0,-1.38,141764.0,91700630.0,-1,2020-12-03,648.189398277888,643.5079058453663,4.681492432521736,0
2020-12-06,632.0,644.0,623.0,623.0,-3.26,158242.0,100157792.0,-1,2020-12-06,642.5917542161351,641.3491789142751,1.242575301860029,0
2020-12-07,623.0,636.0,620.0,633.0,1.61,148276.0,93158756.0,1,2020-12-07,640.4602532792162,640.4703179759304,-0.010064696714152888,-1
2020-12-08,664.0,664.0,625.0,626.0,-1.11,128039.0,80747408.0,-1,2020-12-08,637.2468636616126,638.9471266100429,-1.7002629484303498,0
2020-12-09,625.0,626.0,611.0,612.0,-2.24,127221.0,78568575.0,-1,2020-12-09,631.6364495145876,636.1105869668805,-4.474137452292894,0
2020-12-10,612.0,621.0,608.0,616.0,0.65,104431.0,64388391.0,1,2020-12-10,628.1616829557904,633.99368307563,-5.832000119839563,0
2020-12-13,620.0,652.0,620.0,650.0,5.52,236248.0,151067309.0,1,2020-12-13,633.014642298948,635.6785585413531,-2.6639162424050937,0
2020-12-14,663.0,673.0,648.0,667.0,2.62,337934.0,223504525.0,1,2020-12-14,640.5669440102929,638.9755523791055,1.5913916311874345,1
2020-12-15,680.0,680.0,667.0,672.0,0.75,284988.0,191974002.0,1,2020-12-15,647.5520675635612,642.4518100234101,5.100257540151119,0
2020-12-16,700.0,700.0,665.0,669.0,-0.45,170003.0,113945815.0,-1,2020-12-16,652.3182747716587,645.2463563367354,7.071918434923305,0
2020-12-17,665.0,699.0,665.0,690.0,3.14,349388.0,238611164.0,1,2020-12-17,660.6919914890678,649.9572661960265,10.734725293041379,0
2020-12-20,690.0,749.0,671.0,707.0,2.46,674434.0,479739945.0,1,2020-12-20,670.9826600470527,655.9617644911816,15.020895555871107,0
2020-12-21,707.0,777.0,699.0,777.0,9.9,605883.0,448081210.0,1,2020-12-21,694.5420689254854,668.7026313868467,25.839437538638663,0
2020-12-22,815.0,854.0,814.0,854.0,9.91,555811.0,468134172.0,1,2020-12-22,729.977164719822,688.2076175566524,41.76954716316959,0
2020-12-23,896.0,920.0,825.0,852.0,-0.23,381481.0,330372542.0,-1,2020-12-23,757.0933503376393,705.4489209717417,51.64442936589762,0
2020-12-24,863.0,863.0,813.0,827.0,-2.93,390680.0,322553517.0,-1,2020-12-24,772.6281613737194,718.2437713957689,54.38438997795049,0
2020-12-27,827.0,836.0,805.0,810.0,-2.06,329040.0,268546584.0,-1,2020-12-27,780.9330144017817,727.9023217751617,53.030692626620066,0
2020-12-28,809.0,854.0,801.0,854.0,5.43,359860.0,300668927.0,1,2020-12-28,797.1701223124969,741.1757615883025,55.994360724194394,0
2020-12-29,854.0,863.0,840.0,842.0,-1.41,176925.0,150659167.0,-1,2020-12-29,807.1323173541642,751.7888393158496,55.34347803831463,0
2020-12-30,842.0,881.0,835.0,870.0,3.33,370286.0,322365443.0,1,2020-12-30,821.1029134976832,764.2321193878654,56.87079410981778,0
2020-12-31,875.0,898.0,870.0,882.0,1.38,304296.0,270011444.0,1,2020-12-31,834.6355993870869,776.628738399669,58.006860987417895,0
2021-01-03,895.0,908.0,892.0,899.0,1.93,304366.0,273796779.0,1,2021-01-03,848.9387995232898,789.5099238312829,59.428875692006955,0
2021-01-04,908.0,913.0,885.0,892.0,-0.78,234042.0,210570290.0,-1,2021-01-04,858.5079551847809,800.2983529016742,58.20960228310673,0
2021-01-05,890.0,899.0,880.0,883.0,-1.01,184653.0,163977774.0,-1,2021-01-05,863.9506318103852,809.00378943834,54.946842372045126,0
2021-01-06,898.0,899.0,882.0,892.0,1.02,110605.0,98268937.0,1,2021-01-06,870.1838247414106,817.740232655357,52.44359208605363,0
2021-01-07,893.0,916.0,890.0,908.0,1.79,250027.0,226100607.0,1,2021-01-07,878.5874192433193,827.2412607968984,51.346158446420986,0
2021-01-10,910.0,935.0,910.0,927.0,2.09,194033.0,179425191.0,1,2021-01-10,889.3457705225817,837.7421807130144,51.603589809567325,0
2021-01-11,945.0,963.0,912.0,915.0,-1.29,176512.0,163009521.0,-1,2021-01-11,895.0467104064523,845.8745827432233,49.17212766322905,0
2021-01-12,930.0,950.0,907.0,918.0,0.33,135414.0,123833420.0,1,2021-01-12,900.1474414272408,853.4667319281472,46.68070949909361,0
2021-01-13,925.0,936.0,907.0,912.0,-0.65,174132.0,159386980.0,-1,2021-01-13,902.7813433322983,859.6281285672895,43.153214765008784,0
2021-01-17,925.0,925.0,896.0,901.0,-1.21,254035.0,229024879.0,-1,2021-01-17,902.3854892584542,863.9830624023117,38.40242685614248,0
2021-01-18,902.0,935.0,896.0,906.0,0.55,223189.0,202442747.0,1,2021-01-18,903.1887138676866,868.4058979389105,34.78281592877613,0
2021-01-19,951.0,951.0,895.0,900.0,-0.66,223860.0,202001414.0,-1,2021-01-19,902.4801107859785,871.7315928927094,30.74851789326908,0
2021-01-20,905.0,905.0,885.0,889.0,-1.22,205128.0,182867884.0,-1,2021-01-20,899.4845306113166,873.5493199566347,25.935210654681896,0
2021-01-21,890.0,901.0,885.0,887.0,-0.22,181625.0,161635844.0,-1,2021-01-21,896.7101904754685,874.965181013831,21.745009461637437,0
2021-01-24,899.0,905.0,880.0,885.0,-0.23,234231.0,208206323.0,-1,2021-01-24,894.1079259253644,876.0214777492173,18.086448176147087,0
2021-01-25,929.0,929.0,880.0,907.0,2.49,330776.0,297641533.0,1,2021-01-25,896.9728312752834,879.2823748282472,17.69045644703624,0
2021-01-26,909.0,915.0,897.0,900.0,-0.77,154147.0,139252770.0,-1,2021-01-26,897.6455354363316,881.4631774779053,16.182357958426223,0
2021-01-27,902.0,902.0,888.0,893.0,-0.78,158020.0,141476515.0,-1,2021-01-27,896.613194228258,882.6775798486522,13.935614379605795,0
2021-01-28,892.0,895.0,868.0,875.0,-2.02,325484.0,286009671.0,-1,2021-01-28,891.810262177534,881.869413548794,9.940848628740014,0
2021-01-31,875.0,880.0,858.0,860.0,-1.71,356920.0,308720078.0,-1,2021-01-31,884.7413150269709,879.567370017342,5.173945009628937,0
2021-02-01,877.0,877.0,855.0,857.0,-0.35,206175.0,177559080.0,-1,2021-02-01,878.5765783543108,877.1918573839376,1.3847209703731096,0
2021-02-02,899.0,899.0,861.0,888.0,3.62,188825.0,165623996.0,1,2021-02-02,880.6706720533527,878.3295566066811,2.3411154466716653,0
2021-02-03,850.0,915.0,850.0,882.0,-0.68,157512.0,139831827.0,-1,2021-02-03,880.9660782637188,878.7159190691357,2.250159194583148,0
2021-02-04,882.0,882.0,870.0,877.0,-0.57,139753.0,122179919.0,-1,2021-02-04,880.084727538448,878.5352960092266,1.5494315292213514,0
2021-02-07,877.0,880.0,869.0,874.0,-0.34,124789.0,109051358.0,-1,2021-02-07,878.7325658632373,878.057896429308,0.674669433929239,0
2021-02-08,880.0,899.0,874.0,889.0,1.72,230184.0,204897108.0,1,2021-02-08,881.0142178936289,879.2096968051703,1.804521088458614,0
2021-02-09,900.0,905.0,880.0,888.0,-0.11,256674.0,229162568.0,-1,2021-02-09,882.566613917267,880.1349918783103,2.431622038956675,0
2021-02-10,888.0,895.0,878.0,884.0,-0.45,108250.0,95773858.0,-1,2021-02-10,882.8851441578744,880.5418348384882,2.343309319386208,0
2021-02-11,888.0,920.0,880.0,889.0,0.57,230138.0,206767415.0,1,2021-02-11,884.2440010116801,881.4321680133842,2.8118329982959267,0
2021-02-14,900.0,900.0,875.0,877.0,-1.35,171612.0,152198279.0,-1,2021-02-14,882.6342230090845,880.9656240119753,1.6685989971092567,0
2021-02-15,890.0,921.0,886.0,917.0,4.56,448841.0,406903392.0,1,2021-02-15,890.2710623403991,884.758716221241,5.51234611915811,0
2021-02-16,930.0,940.0,911.0,924.0,0.76,363939.0,336765156.0,1,2021-02-16,897.7663818203105,888.8893776716367,8.877004148673791,0
2021-02-17,930.0,935.0,911.0,923.0,-0.11,205348.0,189119982.0,-1,2021-02-17,903.3738525269081,892.4799694956749,10.893883031233145,0
2021-02-18,923.0,983.0,923.0,963.0,4.33,587795.0,560108357.0,1,2021-02-18,916.6241075209285,899.9031306013934,16.720976919535133,0
2021-02-21,1000.0,1000.0,944.0,955.0,-0.83,320881.0,306677360.0,-1,2021-02-21,925.1520836273888,905.7028010644046,19.449282562984195,0
2021-02-22,951.0,951.0,914.0,918.0,-3.87,410509.0,382475253.0,-1,2021-02-22,923.5627317101913,906.9972430576253,16.565488652566046,0
2021-02-23,920.0,925.0,893.0,925.0,0.76,361039.0,328050381.0,1,2021-02-23,923.8821246634822,908.892270104191,14.989854559291189,0
2021-02-24,940.0,955.0,915.0,920.0,-0.54,220278.0,204754832.0,-1,2021-02-24,923.0194302938195,910.0615048300656,12.957925463753895,0
2021-02-25,966.0,966.0,900.0,905.0,-1.63,224463.0,204046702.0,-1,2021-02-25,919.0151124507485,909.5287148479534,9.486397602795023,0
2021-02-28,900.0,900.0,878.0,883.0,-2.43,277409.0,246009545.0,-1,2021-02-28,911.0117541283598,906.7362185481688,4.27553558019099,0
2021-03-01,927.0,927.0,861.0,892.0,1.02,202862.0,180548802.0,1,2021-03-01,906.7869198776132,905.1850376483617,1.601882229251487,0
2021-03-02,909.0,909.0,862.0,880.0,-1.35,203295.0,177935664.0,-1,2021-03-02,900.8342710159213,902.5339810537973,-1.6997100378760024,-1
2021-03-03,866.0,876.0,853.0,870.0,-1.14,247185.0,213430515.0,-1,2021-03-03,893.9822107901609,899.1093514691871,-5.1271406790261835,0
2021-03-04,913.0,913.0,870.0,893.0,2.64,177944.0,158489261.0,1,2021-03-04,893.7639417256808,898.4662618408516,-4.702320115170892,0
2021-03-07,910.0,910.0,875.0,878.0,-1.68,101323.0,89260873.0,-1,2021-03-07,890.2608435644183,896.3119184891831,-6.051074924764748,0
2021-03-09,880.0,880.0,866.0,869.0,-1.03,80802.0,70327704.0,-1,2021-03-09,885.5362116612142,893.436979700848,-7.900768039633817,0
2021-03-10,912.0,912.0,861.0,866.0,-0.35,54313.0,47028820.0,-1,2021-03-10,881.1948312920555,890.5488765744429,-9.35404528238746,0
2021-03-14,875.0,875.0,843.0,859.0,-0.81,135716.0,116011509.0,-1,2021-03-14,876.2626465604876,887.2279421981858,-10.965295637698205,0
2021-03-15,901.0,901.0,840.0,855.0,-0.47,147770.0,125772248.0,-1,2021-03-15,871.5376139914904,883.8355272299557,-12.297913238465298,0
2021-03-16,842.0,867.0,842.0,860.0,0.58,102391.0,87796892.0,1,2021-03-16,868.9736997711592,881.3265243636446,-12.352824592485376,0
2021-03-17,865.0,874.0,854.0,865.0,0.58,66842.0,57867774.0,1,2021-03-17,868.0906553775683,879.6079428516821,-11.5172874741138,0
2021-03-18,861.0,879.0,860.0,872.0,0.81,84339.0,73674975.0,1,2021-03-18,868.9593986269977,878.8071067620314,-9.847708135033713,0
2021-03-21,878.0,894.0,870.0,893.0,2.41,116839.0,103370221.0,1,2021-03-21,874.3017544876649,880.3010955239228,-5.999341036257874,0
2021-03-22,909.0,909.0,876.0,881.0,-1.34,69309.0,61288960.0,-1,2021-03-22,875.790253490406,880.3746644161414,-4.584410925735369,0
2021-03-23,872.0,880.0,872.0,877.0,-0.45,48299.0,42370753.0,-1,2021-03-23,876.0590860480936,880.0194365828634,-3.960350534769759,0
2021-03-24,880.0,886.0,877.0,879.0,0.23,60092.0,52898335.0,1,2021-03-24,876.7126224818505,879.9121274688777,-3.199504987027126,0
2021-03-25,890.0,890.0,870.0,872.0,-0.8,50778.0,44507443.0,-1,2021-03-25,875.6653730414394,879.079271945838,-3.413898904398593,0
2021-03-29,871.0,880.0,867.0,872.0,0.0,36653.0,31975515.0,0,2021-03-29,874.8508456988973,878.3340854252234,-3.4832397263261328,0
2021-03-30,875.0,875.0,870.0,872.0,0.0,100427.0,87598993.0,0,2021-03-30,874.2173244324756,877.6673395909894,-3.450015158513793,0
2021-03-31,900.0,910.0,875.0,903.0,3.56,154542.0,139026138.0,1,2021-03-31,880.6134745585921,880.3339354235169,0.279539135075197,1
2021-04-01,910.0,910.0,899.0,907.0,0.44,168392.0,152513129.0,1,2021-04-01,886.4771468789049,883.1408895894625,3.3362572894424147,0
2021-04-04,920.0,929.0,912.0,921.0,1.54,206169.0,189858846.0,1,2021-04-04,894.1488920169261,887.1260591063611,7.022832910564944,0
2021-04-05,954.0,954.0,914.0,914.0,-0.76,163192.0,150161129.0,-1,2021-04-05,898.560249346498,889.9548949899021,8.605354356595967,0
2021-04-06,959.0,959.0,901.0,918.0,0.44,111261.0,102128590.0,1,2021-04-06,902.8801939361651,892.9070113067545,9.973182629410644,0
2021-04-07,936.0,936.0,912.0,920.0,0.22,132663.0,122144915.0,1,2021-04-07,906.6845952836841,895.758904853412,10.925690430272084,0
2021-04-08,938.0,938.0,907.0,918.0,-0.22,99242.0,91263678.0,-1,2021-04-08,909.1991296650876,898.1000727635792,11.099056901508447,0
2021-04-12,921.0,949.0,915.0,949.0,3.38,267210.0,250718476.0,1,2021-04-12,918.0437675172905,903.4579598410971,14.585807676193326,0
2021-04-13,960.0,971.0,948.0,970.0,2.21,254036.0,243579795.0,1,2021-04-13,929.5895969578926,910.4623851209816,19.127211836910988,0
2021-04-15,979.0,998.0,970.0,979.0,0.93,331555.0,326280944.0,1,2021-04-15,940.5696865228053,917.6768708977204,22.89281562508495,0
2021-04-18,1027.0,1027.0,960.0,963.0,-1.63,272250.0,263897730.0,-1,2021-04-18,945.5542006288487,922.4477265926972,23.10647403615144,0
2021-04-19,960.0,963.0,935.0,948.0,-1.56,201971.0,191837906.0,-1,2021-04-19,946.0977116002156,925.1374395829396,20.960272017275997,0
2021-04-20,943.0,959.0,930.0,940.0,-0.84,120526.0,113834379.0,-1,2021-04-20,944.7426645779454,926.7019196268407,18.040744951104784,0
2021-04-21,943.0,943.0,920.0,921.0,-2.02,130573.0,121185556.0,-1,2021-04-21,939.4665168939575,926.1017175608574,13.364799333100109,0
2021-04-22,934.0,934.0,907.0,922.0,0.11,121770.0,112193022.0,1,2021-04-22,935.5850686953004,925.6699578176093,9.915110877691063,0
2021-04-25,925.0,925.0,900.0,908.0,-1.52,226128.0,205630372.0,-1,2021-04-25,929.4550534296782,923.809962257861,5.645091171817171,0
2021-04-26,953.0,953.0,874.0,892.0,-1.76,181784.0,163235297.0,-1,2021-04-26,921.131708223083,920.4615451780862,0.6701630449967979,0
2021-04-27,848.0,916.0,848.0,913.0,2.35,127941.0,116258142.0,1,2021-04-27,919.3246619512869,919.6761193698666,-0.3514574185796846,-1
2021-04-28,930.0,930.0,896.0,899.0,-1.53,125316.0,113313943.0,-1,2021-04-28,914.8080704065565,917.4996857519859,-2.6916153454294545,0
2021-04-29,943.0,943.0,895.0,897.0,-0.22,82739.0,74459623.0,-1,2021-04-29,910.8507214273218,915.3418240938821,-4.491102666560323,0
2021-05-02,900.0,909.0,895.0,904.0,0.78,110099.0,99232668.0,1,2021-05-02,909.328338887917,914.1479478734734,-4.819608985556442,0
2021-05-03,910.0,914.0,897.0,898.0,-0.66,100965.0,91164993.0,-1,2021-05-03,906.8109302461577,912.4481638867919,-5.637233640634236,0
2021-05-04,900.0,900.0,890.0,890.0,-0.89,73877.0,66004723.0,-1,2021-05-04,903.0751679692337,910.0851992671296,-7.010031297895921,0
2021-05-05,869.0,900.0,869.0,887.0,-0.34,72643.0,64604836.0,-1,2021-05-05,899.502908420515,907.6551782916423,-8.15226987112726,0
2021-05-06,890.0,891.0,882.0,886.0,-0.11,60231.0,53348096.0,-1,2021-05-06,896.502262104845,905.3756858398905,-8.873423735045435,0
2021-05-09,886.0,893.0,877.0,884.0,-0.23,65133.0,57681275.0,-1,2021-05-09,893.7239816371017,903.1256136462179,-9.401632009116156,0
2021-05-10,880.0,895.0,880.0,892.0,0.9,44848.0,39881086.0,1,2021-05-10,893.3408746066347,901.9544964203003,-8.613621813665645,0
2021-05-11,892.0,901.0,891.0,892.0,0.0,68098.0,60953762.0,0,2021-05-11,893.0429024718269,900.9066546918477,-7.863752220020842,0
2021-05-12,936.0,936.0,885.0,887.0,-0.56,53176.0,47311457.0,-1,2021-05-12,891.7000352558654,899.4427963032322,-7.742761047366798,0
2021-05-13,925.0,925.0,887.0,889.0,0.23,40349.0,35862308.0,1,2021-05-13,891.1000274212287,898.3435545871025,-7.243527165873843,0
2021-05-16,900.0,904.0,895.0,903.0,1.57,72541.0,65268190.0,1,2021-05-16,893.7444657720667,898.8337067358286,-5.089240963761881,0
2021-05-17,909.0,913.0,900.0,907.0,0.44,82122.0,74465621.0,1,2021-05-17,896.6901400449408,899.6933165531099,-3.0031765081690764,0
2021-05-18,890.0,908.0,890.0,905.0,-0.22,78733.0,71038099.0,-1,2021-05-18,898.5367755905095,900.2519148106772,-1.7151392201677709,0
2021-05-19,919.0,919.0,900.0,905.0,0.0,91053.0,82870378.0,0,2021-05-19,899.9730476815074,900.7517132516587,-0.7786655701512473,0
2021-05-20,906.0,918.0,905.0,906.0,0.11,58888.0,53585386.0,1,2021-05-20,901.3123704189502,901.3041644883261,0.008205930624058055,1
2021-05-23,906.0,948.0,895.0,948.0,4.64,160448.0,145256184.0,1,2021-05-23,911.687399214739,906.2195155948182,5.467883619920826,0
2021-05-24,940.0,950.0,918.0,923.0,-2.64,194943.0,181575354.0,-1,2021-05-24,914.2013105003525,907.985882374311,6.215428126041502,0
2021-05-25,925.0,925.0,906.0,910.0,-1.41,115162.0,105172902.0,-1,2021-05-25,913.2676859447186,908.1978947559625,5.069791188756085,0
2021-05-27,895.0,912.0,893.0,905.0,-0.55,137867.0,124546859.0,-1,2021-05-27,911.4304224014478,907.8612742553349,3.569148146112866,0
2021-05-30,950.0,950.0,890.0,907.0,0.22,121910.0,110808732.0,1,2021-05-30,910.4458840900149,907.770613807405,2.675270282609972,0
2021-05-31,913.0,929.0,902.0,902.0,-0.55,169234.0,154299294.0,-1,2021-05-31,908.5690209589005,907.1631807750465,1.4058401838540249,0
2021-06-01,900.0,907.0,895.0,904.0,0.22,118739.0,106971145.0,1,2021-06-01,907.5536829680337,906.8302143776732,0.7234685903605396,0
2021-06-02,905.0,905.0,896.0,900.0,-0.44,86849.0,78267565.0,-1,2021-06-02,905.8750867529152,906.1112444431812,-0.2361576902660545,-1
2021-06-03,905.0,935.0,905.0,918.0,2.0,246324.0,226675641.0,1,2021-06-03,908.569511918934,907.3626923965306,1.206819522403407,1
2021-06-06,925.0,950.0,921.0,928.0,1.09,250508.0,234188122.0,1,2021-06-06,912.8873981591709,909.5350405653169,3.3523575938539807,0
2021-06-07,945.0,945.0,904.0,908.0,-2.16,257985.0,236395807.0,-1,2021-06-07,911.8013096793552,909.3734573479151,2.4278523314401355,0
2021-06-08,920.0,928.0,902.0,916.0,0.88,214151.0,195694484.0,1,2021-06-08,912.7343519728319,910.0709881533977,2.663363819434153,0
2021-06-09,925.0,932.0,913.0,914.0,-0.22,147331.0,135524828.0,-1,2021-06-09,913.0156070899803,910.4845683477769,2.5310387422034637,0
2021-06-10,900.0,920.0,900.0,907.0,-0.77,151038.0,136763715.0,-1,2021-06-10,911.6788055144292,910.1177716795899,1.5610338348393498,0
2021-06-13,912.0,912.0,897.0,902.0,-0.55,203447.0,183443473.0,-1,2021-06-13,909.5279598445561,909.2632693975278,0.2646904470283289,0
2021-06-14,910.0,935.0,901.0,910.0,0.89,203503.0,186173923.0,1,2021-06-14,909.6328576568769,909.3408199872617,0.2920376696151834,0
2021-06-15,920.0,921.0,901.0,905.0,-0.55,153136.0,139272494.0,-1,2021-06-15,908.6033337331265,908.88389156755,-0.2805578344234618,-1
2021-06-16,906.0,922.0,899.0,900.0,-0.55,84534.0,76497524.0,-1,2021-06-16,906.6914817924318,907.9487450867553,-1.2572632943234794,0
2021-06-17,900.0,907.0,898.0,901.0,0.11,139278.0,125408845.0,1,2021-06-17,905.4267080607802,907.2172982355179,-1.7905901747376447,0
2021-06-20,901.0,910.0,890.0,893.0,-0.89,135627.0,121627138.0,-1,2021-06-20,902.6652173806069,905.720740526516,-3.055523145909092,0
2021-06-21,894.0,898.0,882.0,883.0,-1.12,145331.0,128703294.0,-1,2021-06-21,898.2951690738054,903.329083628988,-5.033914555182605,0
2021-06-22,885.0,907.0,881.0,905.0,2.49,176117.0,157474375.0,1,2021-06-22,899.7851315018486,903.5049695627788,-3.719838060930215,0
2021-06-23,905.0,905.0,892.0,893.0,-1.33,120895.0,108290298.0,-1,2021-06-23,898.2773245014378,902.3991832930126,-4.121858791574823,0
2021-06-24,893.0,907.0,890.0,896.0,0.34,144591.0,129767398.0,1,2021-06-24,897.7712523900071,901.7255850516428,-3.9543326616357035,0
2021-06-27,940.0,940.0,882.0,916.0,2.23,212905.0,194071091.0,1,2021-06-27,901.8220851922277,903.2281550462068,-1.4060698539790337,0
2021-06-28,921.0,952.0,915.0,935.0,2.07,536806.0,502517613.0,1,2021-06-28,909.1949551495104,906.572559778185,2.6223953713254105,1
2021-06-29,945.0,945.0,914.0,915.0,-2.14,137194.0,126569590.0,-1,2021-06-29,910.4849651162858,907.4596587489024,3.0253063673834504,0
2021-06-30,910.0,918.0,903.0,915.0,0.0,85224.0,77500440.0,0,2021-06-30,911.4883062015556,908.2533788805969,3.234927320958718,0
2021-07-01,915.0,918.0,908.0,911.0,-0.44,116472.0,106188661.0,-1,2021-07-01,911.3797937123211,908.5424968931657,2.8372968191554264,0
2021-07-04,911.0,925.0,910.0,918.0,0.77,132415.0,121094668.0,1,2021-07-04,912.8509506651386,909.5380235359903,3.3129271291483064,0
2021-07-05,920.0,920.0,910.0,910.0,-0.87,91023.0,83011752.0,-1,2021-07-05,912.2174060728855,909.586652637465,2.6307534354205018,0
2021-07-06,913.0,920.0,910.0,916.0,0.66,69482.0,63552091.0,1,2021-07-06,913.0579825011332,910.2617418335213,2.796240667611869,0
2021-07-07,925.0,925.0,914.0,916.0,0.0,113264.0,104038872.0,0,2021-07-07,913.711764167548,910.8657690089402,2.8459951586078205,0
2021-07-08,920.0,935.0,914.0,926.0,1.09,181363.0,167964515.0,1,2021-07-08,916.4424832414263,912.4588459553676,3.9836372860587517,0
2021-07-11,935.0,975.0,930.0,964.0,4.1,419084.0,399611595.0,1,2021-07-11,927.0108202988871,917.8842305916447,9.126589707242374,0
2021-07-12,970.0,981.0,952.0,956.0,-0.83,361409.0,349159930.0,-1,2021-07-12,933.4528602324677,921.8964168451558,11.556443387311901,0
2021-07-13,960.0,977.0,954.0,973.0,1.78,205796.0,199519891.0,1,2021-07-13,942.2411135141415,927.2757413877711,14.965372126370426,0
2021-07-14,975.0,980.0,959.0,975.0,0.21,127034.0,122843689.0,1,2021-07-14,949.5208660665545,932.2993475574795,17.221518509075054,0
2021-07-15,980.0,999.0,970.0,994.0,1.95,334226.0,331144206.0,1,2021-07-15,959.4051180517647,938.7941530777448,20.610964974019907,0
2021-07-18,1007.0,1070.0,1001.0,1065.0,7.14,342114.0,353582977.8,1,2021-07-18,982.8706473735947,952.0789790695611,30.79166830403358,0
2021-07-19,1080.0,1083.0,1036.0,1045.0,-1.88,335938.0,354166044.7,-1,2021-07-19,996.6771701794625,961.8601391675021,34.81703101196035,0
2021-07-20,1060.0,1060.0,1030.0,1031.6,-1.28,226606.0,234969913.7,-1,2021-07-20,1004.4377990284707,969.2011771498702,35.236621878600545,0
2021-07-22,1032.0,1045.0,1011.0,1034.0,0.23,349971.0,360448446.4,1,2021-07-22,1011.0071770221439,976.0221058709366,34.98507115120731,0
2021-07-25,1040.0,1085.0,1040.0,1073.0,3.77,316583.0,338045351.1,1,2021-07-25,1024.7833599061119,986.2303052529433,38.5530546531686,0
2021-07-26,1080.0,1085.0,1046.0,1053.0,-1.86,316542.0,334165575.0,-1,2021-07-26,1031.0537243714202,993.2586941736861,37.79503019773415,0
2021-07-27,1032.0,1071.0,1012.0,1054.0,0.09,474075.0,491550755.1,1,2021-07-27,1036.1528967333268,999.6525158396138,36.500380893712986,0
2021-07-28,1060.0,1072.0,1041.0,1042.0,-1.14,99689.0,104483617.1,-1,2021-07-28,1037.4522530148097,1004.1101457512334,33.34210726357628,0
2021-07-29,1022.0,1054.0,1022.0,1036.0,-0.58,124985.0,129674876.8,-1,2021-07-29,1037.1295301226298,1007.4669725142616,29.662557608368274,0
2021-08-01,1045.0,1048.0,1026.2,1029.9,-0.59,113061.0,116551286.2,-1,2021-08-01,1035.5229678731566,1009.8283438285499,25.694624044606712,0
2021-08-02,1040.0,1040.0,1020.0,1026.0,-0.38,113315.0,116624601.5,-1,2021-08-02,1033.406752790233,1011.5306234255447,21.876129364688268,0
2021-08-03,1027.0,1035.0,1023.0,1027.7,0.17,84712.0,87034798.3,1,2021-08-03,1032.1385855035146,1013.2326630649611,18.90592243855349,0
2021-08-04,1048.0,1048.0,1024.0,1025.7,-0.19,119270.0,122494607.0,-1,2021-08-04,1030.707788724956,1014.545014321281,16.162774403674916,0
2021-08-05,1026.0,1035.0,1025.0,1026.0,0.03,87494.0,89952537.9,1,2021-08-05,1029.6616134527435,1015.750802287462,13.91081116528153,0
2021-08-08,1039.0,1039.0,1026.0,1028.0,0.19,66300.0,68170084.5,1,2021-08-08,1029.2923660188005,1017.0401915203607,12.252174498439786,0
2021-08-09,1035.0,1035.0,1017.0,1018.0,-0.97,102873.0,105236548.7,-1,2021-08-09,1026.782951347956,1017.1412239919017,9.641727356054275,0
2021-08-10,1020.0,1067.9,1017.0,1047.0,2.85,147195.0,152817399.3,1,2021-08-10,1031.275628826188,1020.2842530453858,10.991375780802286,0
2021-08-11,1051.0,1066.0,1027.5,1032.0,-1.43,89806.0,93133837.8,-1,2021-08-11,1031.4366001981462,1021.5174895669242,9.919110631221997,0
2021-08-12,1032.0,1040.0,1028.0,1034.0,0.19,143592.0,148639893.1,1,2021-08-12,1032.0062445985582,1022.8314380335637,9.17480656499447,0
2021-08-15,1013.4,1030.0,980.0,1004.0,-2.9,336814.0,338783637.5,-1,2021-08-15,1025.7826346877673,1020.8491813984517,4.933453289315594,0
2021-08-16,1004.0,1004.0,986.0,988.0,-1.59,363653.0,360524556.3,-1,2021-08-16,1017.3864936460412,1017.3913728301936,-0.0048791841524007395,-1
2021-08-17,988.5,991.0,970.1,973.0,-1.52,206972.0,202285744.2,-1,2021-08-17,1007.5228283913654,1012.7185967428048,-5.195768351439483,0
2021-08-18,988.0,998.5,960.0,995.0,2.26,223612.0,218317865.9,1,2021-08-18,1004.7399776377285,1010.8534812961938,-6.11350365846522,0
2021-08-19,1004.0,1004.0,966.0,969.0,-2.61,266456.0,259187103.7,-1,2021-08-19,996.7977603848999,1006.4478516860681,-9.650091301168231,0
2021-08-24,985.0,986.0,950.0,951.0,-1.86,141517.0,135903157.3,-1,2021-08-24,986.6204802993666,1000.6112357191136,-13.99075541974696,0
2021-08-25,970.0,970.0,935.0,940.0,-1.16,158222.0,149460937.0,-1,2021-08-25,976.260373566174,994.2311056434173,-17.97073207724327,0
2021-08-26,957.0,958.0,933.0,936.9,-0.33,173201.0,162590883.2,-1,2021-08-26,967.513623884802,988.1962524177944,-20.682628532992453,0
2021-08-29,955.0,955.0,918.0,920.0,-1.8,136304.0,126170905.0,-1,2021-08-29,956.9550407992905,981.0176995317108,-24.062658732420346,0
2021-08-31,938.0,938.0,903.0,914.0,-0.65,159777.0,145836118.5,-1,2021-08-31,947.4094761772259,973.9632048441623,-26.553728666936422,0
2021-09-01,920.0,927.0,905.1,912.0,-0.22,104201.0,95293840.6,-1,2021-09-01,939.5407036933979,967.4407622289873,-27.900058535589437,0
2021-09-02,912.0,918.0,898.0,905.5,-0.71,127440.0,115410920.2,-1,2021-09-02,931.9761028726427,960.920681994357,-28.94457912171424,0
2021-09-05,905.6,905.6,876.0,893.0,-1.38,130256.0,115898506.1,-1,2021-09-05,923.3147466787221,953.7711365212667,-30.45638984254458,0
2021-09-06,880.0,937.0,880.0,929.0,4.03,218544.0,198134536.8,1,2021-09-06,924.5781363056728,951.1636484663966,-26.585512160723738,0
2021-09-07,939.0,939.0,895.0,907.0,-2.37,97523.0,88439398.2,-1,2021-09-07,920.671883793301,946.5148433646707,-25.842959571369647,0
2021-09-08,907.0,907.0,885.0,895.0,-1.32,104324.0,92806736.7,-1,2021-09-08,914.9670207281231,941.0922282736527,-26.125207545529634,0
2021-09-09,900.0,901.0,885.0,891.0,-0.45,93559.0,83509331.1,-1,2021-09-09,909.6410161218736,935.819362139584,-26.178346017710396,0
2021-09-12,900.0,907.0,880.2,906.0,1.68,130358.0,116607909.6,1,2021-09-12,908.831901428124,932.6804819143646,-23.84858048624062,0
2021-09-13,923.0,955.0,907.0,927.0,2.32,299759.0,277871504.6,1,2021-09-13,912.8692566663186,932.0825364496947,-19.213279783376038,0
2021-09-14,943.0,943.0,918.3,919.1,-0.85,168837.0,157326567.2,-1,2021-09-14,914.2538662960255,930.7159536655163,-16.462087369490746,0
2021-09-15,920.0,924.0,903.0,912.0,-0.77,96697.0,88062455.2,-1,2021-09-15,913.753007119131,928.7458532796725,-14.99284616054149,0
2021-09-16,930.2,930.2,890.1,897.0,-1.64,161004.0,144001114.9,-1,2021-09-16,910.0301166482129,925.4041845133912,-15.37406786517829,0
2021-09-20,897.1,897.1,875.0,875.1,-2.44,171670.0,151067766.3,-1,2021-09-20,902.2678685041657,920.1090071961921,-17.841138692026448,0
2021-09-21,858.0,887.0,850.0,870.0,-0.58,173627.0,151015955.1,-1,2021-09-21,895.0972310587956,914.8343748597508,-19.73714380095521,0
2021-09-22,887.0,899.0,881.0,890.0,2.3,72519.0,64485530.5,1,2021-09-22,893.96451304573,912.2202301376717,-18.255717091941733,0
2021-09-23,907.8,915.0,887.0,902.0,1.35,218766.0,196539332.0,1,2021-09-23,895.7501768133455,911.1444164389694,-15.394239625623868,0
2021-09-26,920.0,920.0,882.0,884.0,-2.0,93082.0,82935286.8,-1,2021-09-26,893.1390264103799,908.2871094453938,-15.148083035013883,0
2021-09-27,884.0,890.0,866.0,870.0,-1.58,66203.0,57630425.7,-1,2021-09-27,887.9970205414065,904.2568873985102,-16.259866857103702,0
2021-09-28,865.0,880.0,851.0,859.0,-1.26,169341.0,145471114.6,-1,2021-09-28,881.5532381988718,899.4930045144565,-17.939766315584734,0
2021-09-29,872.1,872.1,845.0,865.0,0.7,89368.0,76406583.0,1,2021-09-29,877.8747408213446,895.8621619339874,-17.987421112642778,0
2021-09-30,865.0,872.1,848.0,862.9,-0.24,82748.0,70901318.7,-1,2021-09-30,874.5470206388236,892.3924606777782,-17.84544003895462,0
2021-10-03,850.1,860.0,844.0,849.1,-1.6,88933.0,75541858.0,-1,2021-10-03,868.8921271635295,887.8353595538015,-18.943232390271987,0
2021-10-04,849.1,858.0,833.0,850.0,0.11,94801.0,80190532.4,1,2021-10-04,864.6938766827452,883.8526901270856,-19.158813444340353,0
2021-10-05,850.0,854.9,842.0,850.0,0.0,39369.0,33449585.5,0,2021-10-05,861.4285707532463,880.2892490610766,-18.860678307830312,0
2021-10-06,855.0,865.0,848.0,858.0,0.94,54341.0,46570040.5,1,2021-10-06,860.6666661414138,877.9430123178054,-17.2763461763916,0
2021-10-10,873.0,873.0,845.2,850.0,-0.93,55797.0,47629038.7,-1,2021-10-10,858.2962958877663,875.0016426001417,-16.705346712375444,0
2021-10-11,850.0,850.0,833.5,840.0,-1.18,40240.0,33709578.6,-1,2021-10-11,854.2304523571515,871.3172591685479,-17.0868068113964,0
2021-10-17,845.0,850.0,830.5,849.0,1.07,34196.0,28794111.3,1,2021-10-17,853.0681296111178,868.9680739929113,-15.899944381793489,0
2021-10-18,849.0,849.0,816.0,830.0,-2.24,62559.0,51815862.8,-1,2021-10-18,847.941878586425,864.8661714673417,-16.92429288091671,0
2021-10-19,818.0,819.0,785.0,791.0,-4.7,110546.0,88183538.7,-1,2021-10-19,835.2881277894417,857.0907849970953,-21.802657207653624,0
2021-10-20,806.0,821.0,795.0,802.0,1.39,58775.0,47229004.6,1,2021-10-20,827.8907660584546,851.2917549974011,-23.40098893894651,0
2021-10-21,795.0,809.8,794.1,808.0,0.75,61630.0,49396317.2,1,2021-10-21,823.4705958232424,846.7347281555694,-23.264132332326994,0
2021-10-24,800.0,835.0,799.0,830.0,2.72,113978.0,93518834.0,1,2021-10-24,824.9215745291885,844.9731778234042,-20.051603294215624,0
2021-10-25,832.0,841.0,820.0,836.0,0.72,70258.0,58460911.0,1,2021-10-25,827.3834468560356,844.0286327893616,-16.645185933326047,0
2021-10-26,819.3,841.5,790.0,837.0,0.12,299356.0,245515360.9,1,2021-10-26,829.5204586658054,843.2887767062708,-13.768318040465374,0
2021-10-27,830.0,873.2,826.0,870.0,3.94,230090.0,196152010.9,1,2021-10-27,838.5159122956265,846.1004844214002,-7.584572125773661,0
2021-10-28,870.0,876.0,855.0,871.0,0.11,199592.0,172354595.5,1,2021-10-28,845.7345984521539,848.7214860612528,-2.986887609098858,0
2021-10-31,871.0,902.1,856.0,893.0,2.53,222689.0,197009125.6,1,2021-10-31,856.238021018342,853.3823822653314,2.8556387530105667,1
2021-11-01,910.0,910.0,870.0,874.0,-2.13,133727.0,118720635.4,-1,2021-11-01,860.1851274587104,855.5526578163492,4.6324696423612295,0
2021-11-02,890.0,890.0,865.0,869.0,-0.57,62963.0,54933045.2,-1,2021-11-02,862.1439880234415,856.9681675198915,5.175820503549971,0
2021-11-03,886.0,886.0,866.0,869.9,0.1,62379.0,54281106.6,1,2021-11-03,863.8675462404545,858.3294130441135,5.53813319634105,0
2021-11-08,860.0,880.0,856.0,856.0,-1.6,53173.0,46062799.0,-1,2021-11-08,862.1192026314646,858.0842116710488,4.034990960415826,0
2021-11-09,860.0,860.0,830.0,839.0,-1.99,100951.0,84606433.9,-1,2021-11-09,856.9816020466948,856.0753472846226,0.9062547620721944,0
2021-11-11,825.1,841.5,824.0,824.0,-1.79,60792.0,50322602.8,-1,2021-11-11,849.6523571474293,852.6989949388728,-3.0466377914435725,-1
2021-11-14,825.0,835.0,813.1,825.5,0.18,40711.0,33613694.6,1,2021-11-14,844.2851666702228,849.835942840044,-5.5507761698212335,0
2021-11-15,817.0,833.0,817.0,824.9,-0.07,46501.0,38379665.7,-1,2021-11-15,839.9773518546177,847.2111067516183,-7.233754897000608,0
2021-11-16,825.0,870.0,820.0,870.0,5.47,104559.0,88602632.6,1,2021-11-16,846.6490514424804,849.609937619869,-2.960886177388602,0
2021-11-17,880.0,897.0,862.0,875.0,0.57,143618.0,125718149.7,1,2021-11-17,852.9492622330404,852.2825757651459,0.6666864678944648,1
2021-11-18,874.0,874.0,845.9,854.0,-2.4,86241.0,73799771.5,-1,2021-11-18,853.1827595145869,852.4633572635516,0.7194022510352625,0
2021-11-21,870.0,870.0,836.0,840.0,-1.64,51751.0,43475291.1,-1,2021-11-21,850.2532574002342,851.15142492002,-0.8981675197857157,-1
2021-11-22,855.0,860.0,832.1,850.0,1.19,38185.0,32333813.5,1,2021-11-22,850.19697797796,851.03022229686,-0.833244318899915,0
2021-11-23,850.0,856.0,825.0,836.0,-1.65,64274.0,53372258.0,-1,2021-11-23,847.0420939828578,849.4480936340326,-2.4059996511748523,0
2021-11-24,836.0,836.0,821.7,831.0,-0.6,96252.0,79467348.9,-1,2021-11-24,843.4771842088893,847.5061890409766,-4.029004832087253,0
2021-11-25,825.0,843.0,825.0,842.0,1.32,81644.0,68455000.1,1,2021-11-25,843.1489210513583,846.926590194558,-3.7776691431996596,0
2021-11-28,835.0,835.0,813.0,817.0,-2.97,66398.0,54348808.4,-1,2021-11-28,837.3380497066121,843.7764228056571,-6.438373099045066,0
2021-11-29,824.0,825.0,797.0,800.0,-2.08,73172.0,59002359.8,-1,2021-11-29,829.040705327365,839.1683782997985,-10.127672972433515,0
2021-11-30,813.8,813.8,790.0,810.0,1.25,94516.0,75387304.7,1,2021-11-30,824.8094374768394,836.0980226892934,-11.288585212453995,0
2021-12-01,800.0,822.0,800.0,804.8,-0.64,25231.0,20342583.8,-1,2021-12-01,820.3628958153196,832.8034939851573,-12.440598169837699,0
2021-12-02,805.0,805.0,780.0,788.0,-2.09,114952.0,90738112.7,-1,2021-12-02,813.171141189693,828.0873367235617,-14.916195533868745,0
2021-12-05,785.0,785.0,758.6,765.0,-2.92,73387.0,56446886.2,-1,2021-12-05,802.466443147539,821.446564436871,-18.98012128933192,0
2021-12-06,760.0,787.0,745.0,787.0,2.88,68582.0,52360864.2,1,2021-12-06,799.0294557814193,817.8206102856215,-18.791154504202154,0
2021-12-07,790.0,795.2,765.0,766.0,-2.67,48358.0,37532023.9,-1,2021-12-07,791.6895767188817,812.3658092029245,-20.676232484042885,0
2021-12-08,760.0,760.0,742.0,749.0,-2.22,45768.0,34233274.4,-1,2021-12-08,782.2030041146858,805.6957240236693,-23.49271990898353,0
2021-12-09,746.0,756.0,740.0,742.6,-0.85,50635.0,37739128.1,-1,2021-12-09,773.4023365336445,799.054068863283,-25.651732329638435,0
2021-12-12,748.0,748.0,722.0,725.0,-2.37,53496.0,38970096.6,-1,2021-12-12,762.6462617483902,791.2589037197795,-28.61264197138928,0
2021-12-13,712.0,722.0,701.0,709.0,-2.21,70526.0,50097353.6,-1,2021-12-13,750.724870248748,782.6000717492764,-31.87520150052842,0
2021-12-14,723.0,739.5,716.0,739.5,4.3,18561.0,13500800.4,1,2021-12-14,748.230454637915,778.0632220914579,-29.83276745354283,0
2021-12-15,754.0,767.0,725.0,732.0,-1.01,69145.0,50800581.5,-1,2021-12-15,744.6236869406006,773.2144618713045,-28.5907749307039,0
2021-12-16,736.5,736.5,721.0,734.0,0.27,28600.0,20773760.7,1,2021-12-16,742.2628676204671,769.0866237795883,-26.823756159121217,0
2021-12-20,748.6,748.6,720.0,722.0,-1.63,50222.0,36349240.5,-1,2021-12-20,737.7600081492523,764.1301370659475,-26.370128916695194,0
2021-12-21,735.0,736.0,722.0,731.2,1.27,30657.0,22326546.5,1,2021-12-21,736.3022285605296,760.6638068484793,-24.361578287949783,0
2021-12-22,745.0,756.0,735.0,752.0,2.84,54868.0,41121360.3,1,2021-12-22,739.7906222137452,759.7518271802184,-19.961204966473133,0
2021-12-23,767.0,767.0,749.0,760.0,1.06,53583.0,40522914.0,1,2021-12-23,744.2815950551352,759.7779506349323,-15.496355579797068,0
2021-12-26,765.0,775.0,760.0,769.9,1.3,70760.0,54269788.7,1,2021-12-26,749.9745739317718,760.8434295154657,-10.868855583693858,0
2021-12-27,770.0,774.0,744.0,744.0,-3.36,65018.0,49019615.4,-1,2021-12-27,748.6468908358224,759.0704369348903,-10.423546099067835,0
2021-12-28,740.0,747.0,730.0,738.0,-0.81,43607.0,32180061.8,-1,2021-12-28,746.2809150945286,756.8524962049019,-10.571581110373245,0
2021-12-29,726.1,744.0,725.0,740.0,0.27,77201.0,56817535.0,1,2021-12-29,744.8851561846334,755.0785492359648,-10.19339305133144,0
2022-01-02,754.8,773.0,730.0,769.0,3.92,73533.0,55902252.3,1,2022-01-02,750.244010365826,756.5439651058632,-6.299954740037151,0
2022-01-03,769.0,788.4,765.0,784.0,1.95,78276.0,61074703.9,1,2022-01-03,757.7453413956424,759.4340740420881,-1.6887326464457146,0
2022-01-04,790.0,813.7,772.0,807.8,3.04,79587.0,63193949.7,1,2022-01-04,768.8685988632774,764.5252241429209,4.343374720356451,1
2022-01-05,819.9,819.9,792.0,795.0,-1.58,78208.0,62536250.3,-1,2022-01-05,774.6755768936601,767.7330952857715,6.942481607888681,0
2022-01-06,782.0,839.0,782.0,838.0,5.41,178781.0,145219148.4,1,2022-01-06,788.7476709172912,775.1296115714797,13.618059345811503,0
2022-01-09,854.7,871.0,850.0,867.1,3.47,162594.0,139935027.2,1,2022-01-09,806.1592996023376,784.8107050902713,21.348594512066256,0
2022-01-10,870.0,879.0,852.0,860.0,-0.82,160045.0,138215461.9,-1,2022-01-10,818.1238996907069,792.725367712348,25.39853197835896,0
2022-01-11,870.0,872.0,855.0,864.5,0.52,83864.0,72545031.1,1,2022-01-11,828.4296997594387,800.2805921636798,28.149107595758892,0
2022-01-12,870.0,889.5,863.0,866.0,0.17,170915.0,149127990.5,1,2022-01-12,836.7786553684523,807.1984245675029,29.58023080094938,0
2022-01-13,868.0,890.0,861.0,880.5,1.67,94487.0,83119715.4,1,2022-01-13,846.4945097310184,814.9143798761868,31.580129854831625,0
2022-01-16,895.0,912.0,882.0,900.0,2.21,137916.0,123808949.3,1,2022-01-16,858.384618679681,823.8707609418514,34.51385773782965,0
2022-01-17,918.0,918.0,893.0,898.0,-0.22,111345.0,100031851.4,-1,2022-01-17,867.188036750863,831.6738387374459,35.51419801341717,0
2022-01-18,900.0,927.0,899.0,914.0,1.78,207182.0,190108363.6,1,2022-01-18,877.5906952506713,840.3397504492937,37.250944801377614,0
2022-01-19,932.2,932.2,910.0,912.0,-0.22,145505.0,133370636.5,-1,2022-01-19,885.2372074171888,847.8829346125259,37.354272804662855,0
2022-01-20,912.0,920.0,901.6,917.0,0.55,116652.0,106404141.5,1,2022-01-20,892.2956057689246,855.1584151796284,37.13719058929621,0
2022-01-23,935.0,935.3,899.0,903.0,-1.53,191997.0,175263196.5,-1,2022-01-23,894.6743600424969,860.1943714765097,34.47998856598724,0
2022-01-24,900.0,900.0,866.0,866.2,-4.08,419335.0,367364527.5,-1,2022-01-24,888.3467244774977,860.826542900035,27.520181577462722,0
2022-01-25,850.0,883.0,845.2,867.0,0.09,227148.0,196874184.1,1,2022-01-25,883.6030079269426,861.476380489505,22.126627437437605,0
2022-01-26,868.0,873.0,856.0,860.0,-0.81,109049.0,93917145.7,-1,2022-01-26,878.3578950542886,861.3209720169255,17.03692303736318,0
2022-01-27,861.0,869.9,856.0,859.6,-0.05,56260.0,48363360.9,-1,2022-01-27,874.1894739311134,861.1398170677754,13.049656863337987,0
2022-01-30,876.7,888.0,872.0,883.0,2.72,99204.0,87055768.7,1,2022-01-30,876.1473686130881,863.440888955378,12.706479657710133,0
2022-01-31,890.0,890.0,870.1,872.0,-1.25,65157.0,57041932.3,-1,2022-01-31,875.225731143513,864.3418480127066,10.883883130806453,0
2022-02-01,875.0,883.0,865.0,870.0,-0.23,58118.0,50707160.6,-1,2022-02-01,874.0644575560657,864.9374429587375,9.127014597328184,0
2022-02-03,870.0,877.0,860.0,860.4,-1.1,150826.0,130653042.5,-1,2022-02-03,871.0279114324956,864.4598173841335,6.568094048362013,0
2022-02-06,856.0,860.0,845.0,853.0,-0.86,72123.0,61459588.4,-1,2022-02-06,867.021708891941,863.2535208173827,3.7681880745583385,0
2022-02-07,853.0,858.0,839.0,843.0,-1.17,59770.0,50503450.3,-1,2022-02-07,861.6835513603985,861.1215712576582,0.5619801027403355,0
2022-02-08,855.0,872.0,826.0,837.0,-0.71,86778.0,72856295.0,-1,2022-02-08,856.1983177247544,858.582458493694,-2.3841407689396874,-1
2022-02-09,840.0,840.0,821.0,828.0,-1.08,87317.0,72331456.2,-1,2022-02-09,849.9320248970312,855.3632523364631,-5.43122743943195,0
2022-02-10,830.0,839.0,814.0,818.0,-1.21,95660.0,78333501.4,-1,2022-02-10,842.8360193643575,851.4302784063091,-8.594259041951545,0
2022-02-13,802.0,811.0,789.0,807.0,-1.34,180844.0,144338091.7,-1,2022-02-13,834.8724595056115,846.7534069951187,-11.880947489507207,0
2022-02-14,811.0,814.0,798.0,805.0,-0.25,65371.0,52459382.0,-1,2022-02-14,828.2341351710312,842.3583115219483,-14.124176350917082,0
2022-02-15,805.0,810.0,802.0,805.0,0.0,45673.0,36821646.3,0,2022-02-15,823.0709940219132,838.4258576775327,-15.35486365561951,0
2022-02-16,806.0,815.0,803.0,807.0,0.25,43171.0,34835752.9,1,2022-02-16,819.4996620170436,835.117872658845,-15.618210641801397,0
2022-02-17,805.0,816.0,804.0,816.0,1.12,55936.0,45273568.4,1,2022-02-17,818.7219593465895,833.1054650105455,-14.38350566395593,0
2022-02-20,799.7,812.0,790.0,803.1,-1.58,58816.0,47104309.4,-1,2022-02-20,815.2504128251252,829.9469950094355,-14.696582184310273,0
2022-02-21,808.0,810.0,798.0,806.1,0.37,30102.0,24132081.9,-1,2022-02-21,813.2169877528752,827.4367850084423,-14.219797255567073,0
2022-02-22,806.0,815.0,802.0,808.0,0.24,37501.0,30314745.8,1,2022-02-22,812.0576571411251,825.3908076391326,-13.333150498007512,0
2022-02-23,810.0,810.0,801.0,804.0,-0.5,26347.0,21165563.7,-1,2022-02-23,810.2670666653195,823.1391436771187,-12.872077011799206,0
2022-02-24,804.0,804.0,785.0,790.0,-1.74,62153.0,49201909.5,-1,2022-02-24,805.7632740730263,819.6508127637378,-13.887538690711494,0
2022-02-27,790.0,800.0,777.7,783.0,-0.89,94586.0,74506582.6,-1,2022-02-27,800.7047687234649,815.7928324728181,-15.088063749353182,0
2022-02-28,798.0,798.0,771.0,773.0,-1.28,55256.0,42992657.9,-1,2022-02-28,794.5481534515839,811.2883237914688,-16.740170339884912,0
2022-03-02,770.0,775.0,760.0,762.0,-1.42,76482.0,58353262.4,-1,2022-03-02,787.3152304623429,806.1000791818404,-18.784848719497518,0
2022-03-06,777.2,785.0,755.0,768.0,0.79,36346.0,27808137.4,-1,2022-03-06,783.0229570262667,802.0895445311204,-19.066587504853715,0
2022-03-07,770.0,774.9,747.0,774.0,0.78,138577.0,105027582.7,1,2022-03-07,781.0178554648741,799.1327503699499,-18.114894905075857,0
2022-03-09,785.0,785.0,750.0,760.0,-1.81,138776.0,104851922.1,-1,2022-03-09,776.3472209171243,795.0135134889026,-18.666292571778285,0
2022-03-10,760.0,762.0,747.0,758.0,-0.26,165638.0,124611575.7,-1,2022-03-10,772.2700607133189,791.1173541742813,-18.84729346096242,0
2022-03-13,769.0,790.0,758.0,782.0,3.17,93422.0,72246417.7,1,2022-03-13,774.4322694436926,790.1576326822517,-15.725363238559112,0
2022-03-14,785.0,789.0,770.0,778.0,-0.51,29363.0,22858634.1,-1,2022-03-14,775.2250984562054,788.8778818735937,-13.652783417388264,0
2022-03-15,780.0,781.0,770.0,772.0,-0.77,50282.0,38972617.4,-1,2022-03-15,774.5084099103819,787.1012627290049,-12.592852818622987,0
2022-03-16,772.0,778.0,765.0,768.0,-0.52,46676.0,35928971.2,-1,2022-03-16,773.0620965969637,785.0906034943729,-12.028506897409216,0
2022-03-20,776.0,776.0,764.0,770.0,0.26,42001.0,32221338.6,-1,2022-03-20,772.3816306865273,783.5021189160179,-11.120488229490661,0
2022-03-21,775.0,780.0,762.0,773.0,0.39,47286.0,36280037.9,-1,2022-03-21,772.5190460895212,782.3966327143319,-9.877586624810647,0
2022-03-22,770.0,785.0,770.0,779.9,0.89,41446.0,32251559.7,1,2022-03-22,774.1592580696276,782.133829270718,-7.974571201090384,0
2022-03-23,780.0,785.0,773.0,785.0,0.65,108697.0,84194639.2,1,2022-03-23,776.5683118319326,782.4355314527477,-5.867219620815035,0
2022-03-24,780.0,790.0,769.3,780.0,-0.64,67523.0,52208122.2,0,2022-03-24,777.3309092026143,782.1791597208795,-4.848250518265218,0
2022-03-27,780.0,790.0,766.0,766.0,-1.79,67429.0,52056815.8,-1,2022-03-27,774.8129293798111,780.4760902765764,-5.663160896765362,0
2022-03-28,761.0,765.0,755.0,759.9,-0.8,37146.0,28229612.7,-1,2022-03-28,771.4989450731864,778.3101860369369,-6.8112409637504925,0
2022-03-29,756.0,765.0,754.0,757.0,-0.38,40516.0,30680927.4,1,2022-03-29,768.276957279145,776.0670085593647,-7.7900512802197,0
2022-03-30,758.0,770.0,757.0,767.0,1.32,29760.0,22669073.0,1,2022-03-30,767.9931889948906,775.1125866057473,-7.1193976108567085,0
2022-03-31,772.0,772.0,755.0,764.0,-0.39,39695.0,30287300.6,-1,2022-03-31,767.1058136626928,773.9428406472476,-6.837026984554882,0
2022-04-03,770.0,778.0,756.2,761.9,-0.27,18189.0,13822827.5,-1,2022-04-03,765.9489661820944,772.6751732106952,-6.726207028600811,0
2022-04-04,777.1,777.1,757.0,762.0,0.01,19152.0,14559554.3,-1,2022-04-04,765.071418141629,771.5514707674641,-6.480052625835128,0
2022-04-05,777.2,777.2,748.0,751.2,-1.42,69542.0,52271776.4,-1,2022-04-05,761.9888807768225,769.4092106866784,-7.420329909855923,0
2022-04-06,750.0,750.0,739.0,741.9,-1.24,52534.0,38947897.1,-1,2022-04-06,757.5246850486398,766.513504298607,-8.988819249967264,0
2022-04-07,750.0,765.0,746.0,765.0,3.11,51777.0,38907678.0,1,2022-04-07,759.1858661489421,766.3541880566484,-7.168321907706286,0
2022-04-11,765.0,774.0,740.0,763.0,-0.26,91552.0,68688419.0,-1,2022-04-11,760.0334514491772,766.0011156296327,-5.967664180455586,0
2022-04-12,775.0,775.0,745.0,752.0,-1.44,44168.0,33165629.3,-1,2022-04-12,758.2482400160267,764.5273139844082,-6.279073968381567,0
2022-04-13,748.0,760.0,745.0,757.0,0.66,51266.0,38575069.9,1,2022-04-13,757.9708533457984,763.7349651439442,-5.764111798145791,0
2022-04-17,772.1,772.1,746.0,751.0,-0.79,38725.0,29155508.4,-1,2022-04-17,756.42177482451,762.3944424972133,-5.972667672703324,0
2022-04-18,756.0,756.0,745.0,747.5,-0.47,32922.0,24680590.6,-1,2022-04-18,754.439158196841,760.8266064448751,-6.3874482480340475,0
2022-04-19,750.0,764.8,746.0,760.0,1.67,28688.0,21693263.2,1,2022-04-19,755.6749008197653,760.7395952401514,-5.064694420386104,0
2022-04-20,775.0,775.0,750.8,755.0,-0.66,66139.0,50256923.2,-1,2022-04-20,755.5249228598175,760.1354273201355,-4.610504460317998,0
2022-04-21,770.1,770.1,740.0,765.0,1.32,55724.0,42064704.4,-1,2022-04-21,757.6304955576359,760.6474876022264,-3.016992044590552,0
2022-04-24,780.0,800.0,765.0,796.0,4.05,62866.0,49168270.5,1,2022-04-24,766.1570521003835,764.368804696729,1.788247403654509,1
2022-04-25,800.0,800.0,776.0,776.0,-2.51,68468.0,53867663.6,-1,2022-04-25,768.3443738558539,765.5931410444416,2.751232811412251,0
2022-04-26,785.0,791.0,773.0,784.4,1.08,35741.0,27903335.3,-1,2022-04-26,771.9122907767753,767.5728104081846,4.339480368590671,0
2022-04-27,773.0,781.8,770.1,781.8,-0.33,37180.0,28839572.6,1,2022-04-27,774.1095594930475,769.0704093125863,5.039150180461206,0
2022-04-28,780.0,790.0,779.0,782.0,0.03,44865.0,35146477.2,1,2022-04-28,775.8629907168147,770.4314188586299,5.431571858184839,0
2022-05-02,780.0,780.0,767.0,773.5,-1.09,33499.0,25833871.4,-1,2022-05-02,775.3378816686337,770.7544273998267,4.583454268807031,0
2022-05-04,770.0,773.0,765.1,771.5,-0.26,23016.0,17693150.4,1,2022-05-04,774.485019075604,770.8329087261608,3.6521103494432055,0
2022-05-05,762.0,770.0,747.5,764.0,-0.97,89146.0,67361636.7,1,2022-05-05,772.1550148365809,770.1136551760386,2.041359660542298,0
2022-05-08,751.0,765.0,750.0,765.0,0.13,48636.0,36790867.7,1,2022-05-08,770.565011539563,769.575375683824,0.9896358557390386,0
2022-05-09,780.3,780.3,750.0,774.0,1.18,65468.0,50489591.3,-1,2022-05-09,771.328342308549,770.0411256118425,1.2872166967065368,0
2022-05-10,777.0,785.0,770.0,785.0,1.42,25257.0,19672533.2,1,2022-05-10,774.3664884622049,771.6157439684907,2.750744493714137,0
2022-05-11,794.0,800.0,785.0,792.0,0.89,60355.0,47844200.8,-1,2022-05-11,778.2850465817149,773.7614551297022,4.523591452012738,0
2022-05-12,800.0,819.0,790.1,808.0,2.02,69720.0,55972819.3,1,2022-05-12,784.888369563556,777.3655124844704,7.522857079085611,0
2022-05-17,808.0,814.0,775.0,775.0,-4.08,64901.0,51032588.1,-1,2022-05-17,782.690954104988,777.1165111703156,5.574442934672447,0
2022-05-18,780.0,789.0,771.0,786.0,1.42,27047.0,21033118.7,1,2022-05-18,783.4262976372129,778.0516152576507,5.374682379562159,0
2022-05-19,794.0,794.0,777.0,781.0,-0.64,29672.0,23247547.3,-1,2022-05-19,782.8871203844989,778.3619715463191,4.525148838179803,0
2022-05-20,780.0,785.0,776.0,780.0,-0.13,14791.0,11542676.6,0,2022-05-20,782.2455380768324,778.5343955940749,3.7111424827575092,0
2022-05-23,785.0,785.0,760.0,764.2,-2.03,38586.0,29522285.1,-1,2022-05-23,778.2354185042029,777.0255118473302,1.209906656872704,0
2022-05-24,760.0,773.0,750.0,768.0,0.5,22335.0,17093132.1,1,2022-05-24,775.9608810588245,776.075457968664,-0.11457690983945668,-1
2022-05-25,783.0,783.0,770.0,775.0,0.91,20264.0,15717649.5,-1,2022-05-25,775.7473519346412,775.9622518666994,-0.21489993205818791,0
2022-05-26,790.5,790.5,774.0,781.5,0.84,22046.0,17182885.5,-1,2022-05-26,777.0257181713876,776.5451727228364,0.4805454485511973,1
2022-05-27,785.0,785.0,770.0,772.0,-1.22,35663.0,27567460.2,-1,2022-05-27,775.9088919110792,776.0667334888536,-0.15784157777443397,-1
2022-05-30,787.4,787.4,750.0,760.0,-1.55,53026.0,40208618.1,-1,2022-05-30,772.3735825975061,774.3754983847638,-2.0019157872576443,0
2022-05-31,770.0,770.0,748.0,752.7,-0.96,71623.0,53798800.7,-1,2022-05-31,768.0016753536158,772.0938669758414,-4.092191622225528,0
2022-06-01,750.0,763.0,748.0,759.9,0.96,42503.0,32041704.8,1,2022-06-01,766.2013030528124,770.810302031016,-4.608998978203658,0
2022-06-02,760.0,760.0,741.0,744.5,-2.03,87718.0,65460889.8,-1,2022-06-02,761.3787912632986,768.0407965540669,-6.66200529076832,0
2022-06-03,745.0,757.0,728.1,739.0,-0.74,84842.0,62355688.0,-1,2022-06-03,756.405726538121,764.9838706010072,-8.578144062886167,0
2022-06-06,744.0,746.0,724.0,727.0,-1.62,92806.0,67694641.6,-1,2022-06-06,749.8711206407608,760.9855684324801,-11.114447791719385,0
2022-06-07,728.0,729.0,700.0,708.9,-2.49,86403.0,61188683.2,-1,2022-06-07,740.7664271650361,755.5028770185348,-14.736449853498698,0
2022-06-08,700.0,732.0,700.0,723.0,1.99,58996.0,42387230.9,1,2022-06-08,736.8183322394725,752.0815215428995,-15.263189303426998,0
2022-06-09,720.0,731.7,715.0,716.0,-0.97,43462.0,31458526.3,-1,2022-06-09,732.1920361862564,748.2834666436469,-16.091430457390516,0
2022-06-10,730.3,730.3,700.0,716.0,0.0,42734.0,30241773.5,-1,2022-06-10,728.5938059226438,744.8852069969472,-16.291401074303394,0
2022-06-13,716.0,716.0,705.0,709.5,-0.91,34498.0,24507678.3,-1,2022-06-13,724.3507379398341,741.1604483656895,-16.809710425855428,0
2022-06-14,706.0,710.0,701.0,703.2,-0.89,33384.0,23532141.3,-1,2022-06-14,719.6505739532042,737.1646116956169,-17.51403774241271,0
2022-06-15,717.2,717.2,691.9,704.0,0.11,63277.0,44133477.1,-1,2022-06-15,716.17266863027,733.6735999381835,-17.50093130791356,0
2022-06-16,704.0,707.9,690.0,697.4,-0.94,51244.0,35723383.7,-1,2022-06-16,712.00096449021,729.8553262604801,-17.85436177027009,0
2022-06-17,700.0,705.0,690.0,695.0,-0.34,32624.0,22622428.4,-1,2022-06-17,708.2229723812744,726.1863445488506,-17.963372167576154,0
2022-06-19,699.0,699.0,680.2,682.0,-1.87,47112.0,32414390.4,-1,2022-06-19,702.3956451854357,721.5351503858137,-19.13950520037804,0
2022-06-20,680.0,680.0,671.1,674.4,-1.11,64703.0,43573844.6,-1,2022-06-20,696.1743906997833,716.5735556083597,-20.39916490857638,0
2022-06-21,680.0,693.6,670.3,685.0,1.57,46893.0,31847791.5,1,2022-06-21,693.6911927664981,713.2500234390586,-19.558830672560475,0
2022-06-22,685.0,685.0,669.5,670.0,-2.19,36984.0,24938602.3,-1,2022-06-22,688.4264832628319,708.6973893928418,-20.270906130009962,0
2022-06-23,670.0,670.0,646.5,652.9,-2.55,63783.0,41559492.7,-1,2022-06-23,680.5317092044247,702.8239799830691,-22.292270778644365,0
2022-06-24,648.0,670.0,634.0,659.0,0.93,31888.0,20757296.4,1,2022-06-24,675.7468849367748,698.2109294585355,-22.464044521760684,0
2022-06-26,672.0,686.0,662.0,686.0,4.1,75516.0,50874300.2,1,2022-06-26,678.0253549508249,696.9255684629002,-18.90021351207531,0
2022-06-27,691.0,693.0,676.0,678.0,-1.17,46048.0,31489836.4,-1,2022-06-27,678.0197205173082,694.9334033615422,-16.913682844234017,0
2022-06-28,665.1,679.0,665.1,672.5,-0.81,15590.0,10475976.6,1,2022-06-28,676.7931159579064,692.5719924813799,-15.778876523473514,0
2022-06-29,675.0,680.0,664.0,679.0,0.97,21950.0,14830151.4,1,2022-06-29,677.2835346339272,691.1433616938663,-13.859827059939107,0
2022-06-30,682.0,698.7,680.0,698.7,2.9,51903.0,35835390.9,1,2022-06-30,682.0427491597211,691.9387973050383,-9.896048145317195,0
2022-07-01,701.0,705.0,687.0,689.9,-1.26,65273.0,45132655.0,-1,2022-07-01,683.7888049020054,691.7241870624027,-7.935382160397353,0
2022-07-03,690.0,718.0,680.0,718.0,4.07,99723.0,68908574.2,1,2022-07-03,691.3912927015598,694.4900621084656,-3.0987694069058307,0
2022-07-04,720.0,734.0,699.0,704.0,-1.95,140168.0,100647859.2,-1,2022-07-04,694.1932276567687,695.4911082023114,-1.2978805455426254,0
2022-07-05,704.0,713.0,690.0,690.0,-1.99,50002.0,34827117.6,-1,2022-07-05,693.2613992885979,694.9130968125944,-1.6516975239965177,0
2022-07-06,690.0,693.0,676.2,689.0,-0.14,42283.0,29025276.9,-1,2022-07-06,692.3144216689094,694.2906655691634,-1.9762439002539622,0
2022-07-07,702.0,710.0,680.0,685.0,-0.58,38738.0,26611172.3,-1,2022-07-07,690.6889946313739,693.3127007724092,-2.6237061410353135,0
2022-07-08,685.0,687.0,664.3,668.0,-2.48,45733.0,30725228.8,-1,2022-07-08,685.646995824402,690.6482059542609,-5.001210129858919,0
2022-07-11,662.0,662.0,640.0,648.0,-2.99,134434.0,87145321.7,-1,2022-07-11,677.2809967523127,686.1589211169703,-8.877924364657588,0
2022-07-12,648.0,660.0,646.0,657.0,1.39,53503.0,35028276.3,1,2022-07-12,672.7741085851321,683.0895609993945,-10.315452414262381,0
2022-07-13,657.0,680.0,657.0,680.0,3.5,124370.0,83391813.9,1,2022-07-13,674.3798622328806,682.7643440520898,-8.384481819209213,0
2022-07-14,670.0,697.8,667.1,694.0,2.06,448553.0,301886738.5,1,2022-07-14,678.739892847796,683.9470446781856,-5.207151830389648,0
2022-07-15,694.0,704.0,688.0,696.0,0.29,44293.0,30796694.2,1,2022-07-15,682.5754722149525,685.215776817324,-2.6403046023715433,0
2022-07-17,709.9,709.9,691.0,703.0,1.01,64978.0,45630844.1,-1,2022-07-17,687.1142561671852,687.0878003102373,0.026455856947904977,1
2022-07-18,703.0,704.0,695.0,703.0,0.0,48670.0,34068291.0,0,2022-07-18,690.6444214633663,688.7627686986334,1.8816527647328485,0
2022-07-19,709.0,718.0,704.1,713.0,1.42,96528.0,68800235.5,1,2022-07-19,695.6123278048404,691.3140562040404,4.298271600800035,0
2022-07-20,710.0,720.0,709.0,716.0,0.42,64499.0,46187074.6,1,2022-07-20,700.142921625987,693.9125766036151,6.230345022371921,0
2022-07-21,730.0,735.0,719.0,722.0,0.84,155068.0,112262850.6,-1,2022-07-21,705.0000501535454,696.869147487445,8.130902666100383,0
2022-07-22,724.0,724.9,712.0,713.0,-1.25,47223.0,33795047.5,-1,2022-07-22,706.777816786091,698.5671319624508,8.210684823640122,0
2022-07-24,713.0,724.9,706.0,724.0,1.54,86801.0,62181450.4,1,2022-07-24,710.6049686114042,701.2442759664034,9.360692645000768,0
2022-07-25,733.0,734.5,728.0,731.0,0.97,101736.0,74412150.5,-1,2022-07-25,715.1371978088699,704.3764574436241,10.760740365245852,0
2022-07-26,731.1,731.1,708.0,709.0,-3.01,102412.0,73394457.6,-1,2022-07-26,713.7733760735655,704.863146133769,8.910229939796523,0
2022-07-27,709.0,714.9,701.0,711.0,0.28,54808.0,38840191.1,1,2022-07-27,713.1570702794398,705.509130751267,7.647939528172856,0
2022-07-28,719.9,719.9,705.1,709.0,-0.28,75111.0,53398498.3,-1,2022-07-28,712.2332768840088,705.8765906721862,6.3566862118225345,0
2022-07-29,712.0,715.0,706.0,707.9,-0.16,30305.0,21491560.1,-1,2022-07-29,711.2703264653402,706.0895811277455,5.180745337594658,0
2022-07-31,710.0,731.0,707.0,725.0,2.42,87775.0,63352657.3,1,2022-07-31,714.3213650285979,708.0801515353512,6.2412134932467325,0
2022-08-01,730.0,730.0,721.0,722.0,-0.41,60754.0,44154399.8,-1,2022-08-01,716.0277283555762,709.5453987421563,6.482329613419893,0
2022-08-02,730.0,730.0,720.2,720.2,-0.25,44090.0,31879757.1,-1,2022-08-02,716.9548998321148,710.6669357166662,6.287964115448631,0
2022-08-03,720.2,725.0,715.0,715.0,-0.72,50858.0,36562734.2,-1,2022-08-03,716.5204776472004,711.1230477464909,5.39742990070954,0
2022-08-04,719.9,719.9,705.0,706.0,-1.26,58366.0,41331887.3,-1,2022-08-04,714.1825937256003,710.5837795626497,3.598814162950589,0
2022-08-05,700.0,704.8,695.0,695.5,-1.49,33014.0,23041620.0,-1,2022-08-05,710.0309062310225,708.9960132928971,1.034892938125381,0
2022-08-07,700.0,706.0,695.0,699.0,0.5,41323.0,28874081.3,-1,2022-08-07,707.5795937352398,707.943801367329,-0.3642076320892329,-1
2022-08-08,712.9,712.9,686.0,694.0,-0.72,47484.0,33054044.9,-1,2022-08-08,704.5619062385198,706.476032802347,-1.914126563827267,0
2022-08-09,694.0,695.0,681.0,687.0,-1.01,47705.0,32747308.5,-1,2022-08-09,700.6592604077376,704.4259240863105,-3.7666636785728542,0
2022-08-10,680.1,683.0,665.1,674.0,-1.89,61587.0,41625686.1,-1,2022-08-10,694.7349803171294,701.2231952351199,-6.48821491799049,0
2022-08-11,665.0,677.0,665.0,669.0,-0.74,44403.0,29792160.9,1,2022-08-11,689.0160958022117,697.8312799472126,-8.815184145000899,0
2022-08-14,669.0,669.0,657.0,660.5,-1.27,49791.0,32910480.1,-1,2022-08-14,682.6791856239424,693.9016715317165,-11.222485907774058,0
2022-08-15,650.0,666.5,648.0,666.5,0.91,66185.0,43502319.7,1,2022-08-15,679.0838110408441,691.0172850546937,-11.933474013849604,0
2022-08-16,679.8,679.8,663.1,664.1,-0.36,59039.0,39346149.3,-1,2022-08-16,675.7540752539899,688.1838866278839,-12.42981137389404,0
2022-08-17,665.0,665.0,657.0,660.0,-0.62,39009.0,25753896.0,-1,2022-08-17,672.2531696419921,685.2171617196857,-12.963992077693547,0
2022-08-18,661.0,673.0,658.0,668.0,1.21,29374.0,19552327.1,1,2022-08-18,671.3080208326605,683.4048289070871,-12.096808074426576,0
2022-08-21,669.9,675.0,665.0,667.0,-0.15,23208.0,15532671.9,-1,2022-08-21,670.350682869847,681.6780048116043,-11.327321941757305,0
2022-08-22,665.0,665.0,655.0,663.0,-0.6,29684.0,19656947.9,-1,2022-08-22,668.7171977876587,679.7118990419617,-10.994701254302981,0
2022-08-23,667.9,667.9,661.0,662.0,-0.15,13142.0,8705774.5,-1,2022-08-23,667.224487168179,677.847488616492,-10.623001448312948,0
2022-08-24,670.0,670.0,661.6,664.0,0.3,22672.0,15045337.9,-1,2022-08-24,666.5079344641392,676.3898582358086,-9.881923771669335,0
2022-08-25,665.0,665.7,659.0,659.0,-0.75,33612.0,22244267.1,-1,2022-08-25,664.8395045832194,674.5593468425656,-9.719842259346137,0
2022-08-26,657.0,660.0,652.0,655.0,-0.61,18693.0,12237204.0,-1,2022-08-26,662.6529480091707,672.5004682275586,-9.8475202183879,0
2022-08-28,651.0,655.0,645.1,646.1,-1.36,45482.0,29472789.8,-1,2022-08-28,658.9745151182439,669.7214715720261,-10.746956453782218,0
2022-08-29,645.0,650.0,644.1,649.0,0.45,13292.0,8596725.9,1,2022-08-29,656.7579562030785,667.5402640381285,-10.782307835050005,0
2022-08-30,657.0,658.0,645.3,645.3,-0.57,16576.0,10752450.1,-1,2022-08-30,654.2117437135055,665.1991836130624,-10.987439899556875,0
2022-08-31,650.0,650.0,638.1,638.3,-1.08,27446.0,17631602.2,-1,2022-08-31,650.6758006660598,662.367690601161,-11.691889935101244,0
2022-09-01,638.0,651.0,637.0,641.5,0.5,20303.0,13073432.1,1,2022-09-01,648.6367338513799,660.1710915905124,-11.534357739132588,0
2022-09-02,649.9,650.0,642.0,645.0,0.55,4993.0,3227492.8,-1,2022-09-02,647.8285707732955,658.5741345809847,-10.745563807689223,0
2022-09-04,645.1,652.0,644.5,648.0,0.47,21391.0,13843247.0,1,2022-09-04,647.8666661570076,657.4610677829863,-9.594401625978776,0
2022-09-05,639.0,650.0,639.0,647.0,-0.15,19888.0,12865527.2,1,2022-09-05,647.6740736776726,656.3599027531984,-8.685829075525817,0
2022-09-06,647.0,647.5,638.0,642.9,-0.63,10623.0,6821301.4,-1,2022-09-06,646.6131684159676,654.9430708844407,-8.329902468473051,0
2022-09-07,642.0,654.8,630.0,635.0,-1.23,37836.0,23985156.5,-1,2022-09-07,644.0324643235303,652.8438002650258,-8.811335941495486,0
2022-09-08,640.0,641.0,626.0,630.9,-0.65,29046.0,18308336.6,-1,2022-09-08,641.1141389183014,650.5339265529178,-9.419787634616455,0
2022-09-11,627.0,634.9,627.0,630.0,-0.14,17208.0,10836637.3,1,2022-09-11,638.64433026979,648.372460599979,-9.72813033018906,0
2022-09-12,627.0,630.0,626.0,627.1,-0.46,19410.0,12162069.6,1,2022-09-12,636.07892354317,646.1332542210339,-10.054330677863845,0
2022-09-13,635.0,635.0,631.0,633.0,0.94,21945.0,13895104.8,-1,2022-09-13,635.3947183113545,644.7508064082936,-9.356088096939061,0
2022-09-14,635.0,650.0,635.0,650.0,2.69,18053.0,11666105.0,1,2022-09-14,638.6403364643868,645.3033531021574,-6.663016637770625,0
2022-09-15,653.0,653.0,628.1,630.0,-3.08,41415.0,26266552.5,-1,2022-09-15,636.7202616945231,643.6924738282461,-6.972212133723019,0
2022-09-16,621.0,629.9,618.0,627.0,-0.48,19072.0,11919312.7,1,2022-09-16,634.5602035401846,641.9353713200096,-7.375167779825006,0
2022-09-18,620.1,626.9,617.0,617.1,-1.58,38395.0,23846911.9,-1,2022-09-18,630.6801583090325,639.3211217073771,-8.640963398344525,0
2022-09-20,620.0,620.0,602.0,603.1,-2.27,34869.0,21139720.02,-1,2022-09-20,624.5512342403587,635.508372053969,-10.957137813610302,0
2022-09-21,615.0,615.0,605.0,610.0,1.14,23401.0,14328316.2,-1,2022-09-21,621.3176266313901,632.8232802588144,-11.505653627424294,0
2022-09-22,620.8,620.8,609.0,613.9,0.64,7862.0,4806343.7,-1,2022-09-22,619.6692651577479,630.8313560210445,-11.162090863296612,0
2022-09-25,618.0,620.0,600.3,604.3,-1.56,30846.0,18688918.1,-1,2022-09-25,616.2538729004706,628.0385817030398,-11.784708802569185,0
2022-09-27,610.0,618.0,605.1,609.0,0.78,19390.0,11844853.5,-1,2022-09-27,614.6419011448104,626.0345204711409,-11.392619326330532,0
2022-09-28,609.0,617.0,608.0,612.0,0.49,16060.0,9834718.5,1,2022-09-28,614.0548120015192,624.5572025268103,-10.502390525291162,0
2022-09-29,612.0,623.0,605.2,618.3,1.03,26572.0,16300959.1,1,2022-09-29,614.9981871122927,623.8985496292514,-8.900362516958694,0
2022-10-09,629.0,632.0,614.0,632.0,2.22,24888.0,15454855.3,1,2022-10-09,618.7763677540055,624.7513338788038,-5.974966124798357,0
2022-10-10,633.7,633.7,613.0,621.4,-1.68,18776.0,11636983.0,-1,2022-10-10,619.3593971420042,624.3985618915613,-5.039164749557017,0
2022-10-11,620.0,621.0,608.6,609.0,-2.0,19681.0,12006407.8,-1,2022-10-11,617.0573088882255,622.7776606398179,-5.720351751592375,0
2022-10-12,610.0,617.7,607.3,612.5,0.57,17812.0,10873156.7,1,2022-10-12,616.0445735797309,621.6958016251002,-5.651228045369294,0
2022-10-13,610.0,615.0,606.0,612.0,-0.08,25259.0,15411972.3,1,2022-10-13,615.1457794509018,620.6751909277212,-5.529411476819405,0
2022-10-16,620.0,620.0,608.0,609.9,-0.34,14547.0,8864682.3,-1,2022-10-16,613.9800506840347,619.5409603037506,-5.560909619715858,0
2022-10-17,612.0,614.0,610.0,610.0,0.02,9862.0,6030662.8,-1,2022-10-17,613.0955949764714,618.5366486928294,-5.441053716358056,0
2022-10-19,615.0,618.0,610.0,615.1,0.84,23531.0,14412154.2,1,2022-10-19,613.5410183150333,618.1748961988475,-4.633877883814193,0
2022-10-20,615.0,620.0,612.5,615.9,0.13,21739.0,13388024.9,1,2022-10-20,614.065236467248,617.935433441074,-3.870196973825955,0
2022-10-23,617.0,624.9,616.0,618.0,0.34,9212.0,5690098.1,1,2022-10-23,614.9396283634151,617.9422299209609,-3.0026015575458587,0
2022-10-31,629.9,664.0,629.9,660.0,6.8,95003.0,61721232.6,1,2022-10-31,624.9530442826562,622.3693636134914,2.583680669164778,1
2022-11-01,665.0,702.0,661.0,695.0,5.3,97337.0,66560215.4,1,2022-11-01,640.5190344420658,630.0146937594396,10.504340682626207,0
2022-11-02,700.0,702.0,684.0,693.6,-0.2,52344.0,36410432.7,-1,2022-11-02,652.3148045660512,636.707883890025,15.60692067602622,0
2022-11-03,690.0,691.0,678.0,684.0,-1.38,46344.0,31716708.7,-1,2022-11-03,659.3559591069287,641.6860013752855,17.669957731643194,0
2022-11-06,690.0,693.0,678.1,689.0,0.73,45183.0,31016389.0,-1,2022-11-06,665.9435237498334,646.6664222831502,19.277101466683234,0
2022-11-07,698.0,698.0,678.0,678.0,-1.6,50047.0,34318453.5,-1,2022-11-07,668.6227406943149,649.964693621766,18.658047072548925,0
2022-11-08,676.0,680.0,674.0,676.1,-0.28,29430.0,19926154.9,1,2022-11-08,670.2843538733559,652.7157785036852,17.568575369670725,0
2022-11-09,685.0,685.0,669.1,670.0,-0.9,24540.0,16520119.3,-1,2022-11-09,670.2211641237213,654.5351702401393,15.685993883582,0
2022-11-10,672.0,675.0,660.0,660.1,-1.48,38406.0,25559451.9,-1,2022-11-10,667.9720165406721,655.1209417938089,12.851074746863219,0
2022-11-13,660.1,667.9,650.0,660.0,-0.02,19746.0,13026486.6,-1,2022-11-13,666.2004573094116,655.6345268681449,10.565930441266687,0
2022-11-14,660.0,671.0,657.0,669.0,1.36,30779.0,20337336.0,1,2022-11-14,666.8225779073201,657.0414187767612,9.781159130558876,0
2022-11-15,680.0,680.0,661.0,665.0,-0.6,23607.0,15778546.2,-1,2022-11-15,666.4175605945823,657.8791641686811,8.538396425901169,0
2022-11-16,666.0,685.0,665.0,680.0,2.26,23582.0,16001360.9,1,2022-11-16,669.4358804624528,660.2076732035567,9.228207258896077,0
2022-11-17,692.0,692.0,685.0,688.0,1.18,30365.0,20906729.1,-1,2022-11-17,673.5612403596856,663.1331812873929,10.42805907229274,0
2022-11-22,699.7,700.0,686.0,686.0,-0.29,22019.0,15249797.9,-1,2022-11-22,676.3254091686443,665.5402148360884,10.785194332555989,0
2022-11-23,686.0,690.0,681.2,683.0,-0.44,11745.0,8039715.2,-1,2022-11-23,677.8086515756122,667.3780869586053,10.430564617006894,0
2022-11-24,685.0,690.0,680.0,690.0,1.02,42892.0,29306669.2,1,2022-11-24,680.5178401143651,669.7593409629627,10.758499151402361,0
2022-11-27,695.0,700.0,685.2,699.0,1.3,33586.0,23326120.4,1,2022-11-27,684.6249867556173,672.8373050721245,11.787681683492792,0
2022-11-28,700.0,705.8,686.5,689.0,-1.43,52802.0,36603806.7,-1,2022-11-28,685.5972119210356,674.5386413803219,11.058570540713731,0
2022-11-29,680.0,694.0,678.0,688.2,-0.12,24057.0,16536991.1,1,2022-11-29,686.1756092719165,675.9766791297618,10.198930142154722,0
2022-11-30,684.0,699.0,684.0,697.0,1.28,24065.0,16724531.8,1,2022-11-30,688.5810294337128,678.1896602739974,10.391369159715396,0
2022-12-01,695.0,723.0,693.1,711.5,2.08,57322.0,40652219.1,1,2022-12-01,693.6741340039989,681.6960118241029,11.97812217989599,0
2022-12-04,711.5,720.0,710.0,712.9,0.2,46294.0,33160505.5,1,2022-12-04,697.9465486697769,684.9806421584078,12.965906511369099,0
2022-12-05,712.0,712.0,697.8,698.0,-2.09,35135.0,24771426.2,-1,2022-12-05,697.9584267431599,686.3511008785755,11.607325864584368,0
2022-12-06,700.0,705.0,692.0,693.0,-0.72,50730.0,35345246.9,-1,2022-12-06,696.8565541335688,687.0509849966202,9.805569136948634,0
2022-12-07,686.0,699.0,686.0,688.3,-0.68,36633.0,25243646.5,1,2022-12-07,694.9550976594423,687.1824602601339,7.772637399308451,0
2022-12-11,675.0,685.0,670.1,670.1,-2.64,57943.0,39248832.9,-1,2022-12-11,689.4317426240107,685.3843065485408,4.047436075469818,0
2022-12-12,666.0,679.9,660.0,679.0,1.33,61536.0,41279677.3,1,2022-12-12,687.1135775964527,684.7122742802734,2.4013033161793373,0
2022-12-13,679.0,688.0,674.0,676.3,-0.4,26409.0,17928323.4,-1,2022-12-13,684.7105603527966,683.8267717244552,0.8837886283414491,0
2022-12-14,672.0,717.0,672.0,675.1,-0.18,16910.0,11514877.6,1,2022-12-14,682.5748802743974,682.9081641745125,-0.3332839001151342,-1
2022-12-15,672.0,678.9,670.1,672.0,-0.46,15343.0,10340985.7,0,2022-12-15,680.2249068800868,681.7599363666691,-1.5350294865822889,0
2022-12-18,665.0,670.0,661.1,665.0,-1.04,25597.0,16977284.8,0,2022-12-18,676.8415942400675,679.9957325385986,-3.1541382985311657,0
2022-12-19,665.0,670.0,661.3,665.2,0.03,11080.0,7382941.0,1,2022-12-19,674.2545732978302,678.4382870082198,-4.183713710389611,0
2022-12-20,667.0,680.0,666.0,673.0,1.17,14011.0,9456005.9,1,2022-12-20,673.9757792316458,677.8658357441967,-3.8900565125509274,0
2022-12-21,660.0,682.0,660.0,667.3,-0.85,175719.0,118246001.1,1,2022-12-21,672.4922727357246,676.7536425079655,-4.2613697722409825,0
2022-12-22,654.0,666.0,654.0,665.2,-0.31,86046.0,56965324.5,1,2022-12-22,670.8717676833413,675.5374696123903,-4.665701929048964,0
2022-12-26,673.0,695.0,670.2,694.0,4.33,100520.0,68723509.4,1,2022-12-26,676.0113748648209,677.4808938637177,-1.469518998896774,0
2022-12-27,700.0,710.0,696.0,700.1,0.88,143766.0,101220431.0,1,2022-12-27,681.3644026726386,679.861852404379,1.502550268259597,1
2022-12-28,702.0,706.0,689.0,689.0,-1.59,79579.0,55485563.9,-1,2022-12-28,683.0612020787189,680.8237626776022,2.237439401116717,0
2022-12-29,702.0,726.0,689.0,722.2,4.82,135700.0,96658165.2,1,2022-12-29,691.7587127278925,685.1791560799599,6.579556647932691,0
2023-01-01,727.0,750.0,723.0,738.0,2.19,136249.0,100383387.4,1,2023-01-01,702.0345543439164,690.7392449136482,11.295309430268162,0
2023-01-02,738.0,772.8,725.0,765.0,3.66,146722.0,111455088.3,1,2023-01-02,716.0268756008239,698.5561665016852,17.47070909913873,0
2023-01-03,775.0,775.0,755.0,767.9,0.38,125746.0,96695094.8,-1,2023-01-03,727.5542365784186,705.8555173962446,21.69871918217393,0
2023-01-04,760.0,797.0,760.0,784.0,2.1,100499.0,77942870.9,1,2023-01-04,740.0977395609922,714.0812524071662,26.016487153826006,0
2023-01-05,799.6,805.0,778.0,790.0,0.77,150073.0,118444306.0,-1,2023-01-05,751.1871307696606,722.0726995222013,29.114431247459265,0
2023-01-08,789.0,803.0,784.0,790.1,0.01,100573.0,80126145.2,1,2023-01-08,759.8344350430693,729.2334679935486,30.600967049520705,0
2023-01-09,790.0,821.0,781.0,804.0,1.76,208228.0,167866818.1,1,2023-01-09,769.6490050334984,737.1036292573856,32.54537577611279,0
2023-01-10,811.0,835.0,796.0,805.0,0.12,205989.0,167243233.8,-1,2023-01-10,777.504781692721,744.250615651345,33.25416604137604,0
2023-01-12,821.1,828.0,801.1,803.0,-0.25,157664.0,127827710.0,-1,2023-01-12,783.1703857610053,750.434761372256,32.735624388749216,0
2023-01-17,819.0,820.0,796.1,816.3,1.66,99350.0,80485774.6,-1,2023-01-17,790.5325222585597,757.3679443857027,33.16457787285697,0
2023-01-18,820.0,825.0,804.0,811.0,-0.65,94624.0,77149905.9,-1,2023-01-18,795.0808506455463,763.0134239240498,32.06742672149653,0
2023-01-19,811.0,850.0,804.1,845.0,4.19,216337.0,180444653.5,1,2023-01-19,806.1739949465361,771.6435898267814,34.53040511975473,0
2023-01-23,861.9,861.9,831.0,835.0,-1.18,151120.0,127577972.5,-1,2023-01-23,812.5797738473059,778.3126856344886,34.26708821281727,0
2023-01-24,849.5,850.0,825.1,832.0,-0.36,90781.0,75309260.2,-1,2023-01-24,816.8953796590157,783.9639818834899,32.93139777552585,0
2023-01-25,844.9,844.9,823.0,825.0,-0.84,72897.0,60387897.7,-1,2023-01-25,818.6964064014567,788.2835627378594,30.4128436635973,0
2023-01-26,832.0,833.5,818.0,824.0,-0.12,76729.0,63437273.0,-1,2023-01-26,819.8749827566885,792.0431877128215,27.831795043867032,0
2023-01-29,823.0,833.6,820.0,826.0,0.24,86314.0,71318301.1,1,2023-01-29,821.2360976996466,795.6175890062086,25.618508693438002,0
2023-01-30,820.0,830.0,810.5,811.9,-1.71,92484.0,75752768.3,-1,2023-01-30,819.1614093219474,797.331527005555,21.8298823163924,0
2023-01-31,815.0,820.0,803.6,808.5,-0.42,87591.0,71083403.6,-1,2023-01-31,816.7922072504035,798.5071557418123,18.28505150859121,0
2023-02-01,802.0,823.0,802.0,815.1,0.82,58462.0,47607453.9,1,2023-02-01,816.4161611947583,800.2537709268846,16.16239026787366,0
2023-02-02,815.1,825.0,802.0,810.4,-0.58,67366.0,55040183.5,-1,2023-02-02,815.079236484812,801.3217950398441,13.757441444967867,0
2023-02-05,811.0,825.0,811.0,817.0,0.81,71506.0,58516096.4,1,2023-02-05,815.5060728215204,802.9721324040711,12.533940417449344,0
2023-02-06,805.1,831.0,805.1,828.0,1.35,78309.0,64573061.2,1,2023-02-06,818.2825010834048,805.6066447825899,12.675856300814871,0
2023-02-07,815.1,839.5,815.1,835.0,0.85,154737.0,129242726.9,1,2023-02-07,821.9975008426482,808.7006821738962,13.29681866875194,0
2023-02-08,848.6,852.0,834.0,835.0,0.0,97610.0,81880515.4,-1,2023-02-08,824.8869450998375,811.4690314187492,13.417913681088294,0
2023-02-09,834.0,841.8,830.0,840.0,0.6,49992.0,41759853.3,1,2023-02-09,828.245401744318,814.4722912694072,13.773110474910823,0
2023-02-12,825.0,835.0,817.0,820.9,-2.27,93577.0,77125437.0,-1,2023-02-12,826.6130902455807,815.148892188417,11.464198057163685,0
2023-02-14,817.1,821.0,810.2,815.5,-0.66,84726.0,69070448.3,-1,2023-02-14,824.1435146354517,815.1858509054258,8.957663730025843,0
2023-02-15,810.1,821.0,810.1,817.0,0.18,57530.0,46905929.6,1,2023-02-15,822.5560669386846,815.3768139680126,7.179252970671996,0
2023-02-16,810.0,818.0,810.0,811.5,-0.67,45965.0,37384423.4,1,2023-02-16,820.0991631745324,814.9687282871691,5.130434887363208,0
2023-02-20,809.0,819.9,798.0,815.0,0.43,68598.0,55591201.5,1,2023-02-20,818.9660158024141,814.9720200464145,3.993995755999549,0
2023-02-22,821.0,821.0,808.0,818.0,0.37,55398.0,45217636.9,-1,2023-02-22,818.7513456240999,815.2907547783708,3.4605908457291434,0
2023-02-23,808.0,815.0,803.4,814.0,-0.49,98136.0,79641532.0,1,2023-02-23,817.6954910409667,815.1548858543317,2.5406051866349344,0
2023-02-26,810.1,815.0,793.8,810.0,-0.49,98067.0,78667922.7,-1,2023-02-26,815.9853819207518,814.6122662907179,1.373115630033908,0
2023-02-27,810.0,820.0,801.1,812.0,0.25,62896.0,50828934.7,1,2023-02-27,815.0997414939181,814.337290891695,0.7624506022231117,0
2023-02-28,801.0,815.5,801.0,811.5,-0.06,37309.0,30300347.2,1,2023-02-28,814.299798939714,814.0386286925692,0.2611702471448325,0
2023-03-01,805.1,815.0,804.1,806.0,-0.68,40211.0,32483338.3,1,2023-03-01,812.4553991753331,813.1924572512462,-0.7370580759130689,-1
2023-03-02,806.0,806.0,798.1,800.0,-0.74,54595.0,43729649.1,-1,2023-03-02,809.6875326919258,811.8037775405887,-2.116244848662973,0
2023-03-05,813.0,813.0,792.2,794.0,-0.75,32917.0,26192401.9,-1,2023-03-05,806.2014143159423,809.929695694211,-3.7282813782686617,0
2023-03-07,795.0,801.0,788.0,796.0,0.25,38109.0,30219184.5,1,2023-03-07,803.934433356844,808.4634119369256,-4.528978580081571,0
2023-03-09,791.0,810.0,791.0,808.0,1.51,28688.0,23110049.9,1,2023-03-09,804.8378926108787,808.4146317330387,-3.5767391221600064,0
2023-03-12,820.0,822.0,797.0,798.0,-1.24,31706.0,25407342.8,-1,2023-03-12,803.3183609195723,807.3183547085083,-3.999993788935967,0
2023-03-13,800.0,813.0,776.9,777.0,-2.63,79814.0,62456745.3,-1,2023-03-13,797.4698362707785,804.126948949718,-6.657112678939484,0
2023-03-14,782.8,790.0,757.0,764.0,-1.67,136733.0,104824125.2,-1,2023-03-14,790.0320948772721,799.9030595865898,-9.870964709317718,0
2023-03-15,772.0,772.0,739.0,748.0,-2.09,138593.0,103522033.1,-1,2023-03-15,780.6916293489894,794.4395796301067,-13.747950281117255,0
2023-03-16,755.0,755.0,736.1,750.0,0.27,66560.0,49492619.8,-1,2023-03-16,773.8712672714362,789.761729142727,-15.890461871290768,0
2023-03-19,755.0,755.0,739.0,742.0,-1.07,53939.0,40084482.0,-1,2023-03-19,766.7887634333393,784.7341787066504,-17.945415273311028,0
2023-03-20,749.0,749.0,731.1,738.0,-0.54,84134.0,61995922.8,-1,2023-03-20,760.3912604481528,779.8147914743713,-19.423531026218484,0
2023-03-22,740.1,740.1,721.0,723.0,-2.03,113311.0,82495494.5,-1,2023-03-22,752.0820914596744,773.8342871086479,-21.752195648973498,0
2023-03-23,729.0,729.0,666.5,686.0,-5.12,314524.0,217464868.1,-1,2023-03-23,737.3971822464134,764.5885726761587,-27.191390429745297,0
2023-03-26,686.0,697.9,680.0,687.0,0.15,115245.0,79519557.9,1,2023-03-26,726.197808413877,756.4213544997209,-30.22354608584385,0
2023-03-27,680.0,695.0,675.3,695.0,1.16,57816.0,39597344.5,1,2023-03-27,719.2649620996822,749.9559487629082,-30.690986663226,0
2023-03-28,708.0,708.0,688.0,689.0,-0.86,62508.0,43673517.3,-1,2023-03-28,712.5394149664195,743.5395331036547,-31.000118137235177,0
2023-03-29,690.0,694.0,687.0,689.0,0.0,51749.0,35695866.1,-1,2023-03-29,707.3084338627707,737.7985296190594,-30.490095756288724,0
2023-03-30,700.0,700.0,689.0,690.8,0.26,30902.0,21357616.1,-1,2023-03-30,703.6398930043772,732.851315974948,-29.211422970570766,0
2023-04-02,703.0,719.1,689.0,692.0,0.17,72783.0,50562485.3,-1,2023-04-02,701.0532501145155,728.5511774512693,-27.49792733675372,0
2023-04-03,704.9,704.9,686.0,690.0,-0.29,42504.0,29319710.1,-1,2023-04-03,698.5969723112898,724.4931587721883,-25.896186460898434,0
2023-04-04,700.0,700.0,685.0,696.6,0.96,47314.0,32814535.8,-1,2023-04-04,698.1532006865588,721.5570367961685,-23.403836109609756,0
2023-04-05,699.0,700.0,691.0,696.2,-0.06,26748.0,18613374.6,-1,2023-04-05,697.7191560895457,718.8878750281507,-21.168718938605025,0
2023-04-06,705.0,705.0,693.0,697.0,0.11,30695.0,21392697.0,-1,2023-04-06,697.5593436252022,716.5838881830822,-19.02454455787995,0
2023-04-09,697.0,698.0,690.0,693.0,-0.57,35930.0,24855264.0,-1,2023-04-09,696.546156152935,714.1013736374946,-17.555217484559535,0
2023-04-10,688.0,695.9,688.0,693.0,0.0,39095.0,27027964.7,1,2023-04-10,695.7581214522828,711.8801764124952,-16.12205496021238,0
2023-04-11,700.0,704.0,692.3,697.5,0.65,24498.0,17102421.1,-1,2023-04-11,696.1452055739977,710.3664736322326,-14.221268058234841,0
2023-04-12,704.0,735.0,704.0,730.0,4.66,87390.0,62950442.3,1,2023-04-12,703.6684932242204,712.4331606183134,-8.764667394093067,0
2023-04-13,735.0,740.0,719.0,722.0,-1.1,73696.0,53516887.5,-1,2023-04-13,707.7421613966159,713.4401963427015,-5.698034946085613,0
2023-04-16,730.0,766.0,721.0,733.0,1.52,50033.0,36498750.7,1,2023-04-16,713.3550144195901,715.4991230434697,-2.1441086238795606,0
2023-04-17,730.0,738.0,727.4,728.0,-0.68,42664.0,31156743.4,-1,2023-04-17,716.6094556596813,716.8150048283676,-0.20554916868627515,0
2023-04-18,726.0,739.0,722.1,735.0,0.96,36250.0,26578451.9,1,2023-04-18,720.6962432908633,718.7292148464342,1.967028444429161,1
2023-04-19,741.8,742.0,731.0,740.7,0.78,43290.0,31856534.8,-1,2023-04-19,725.1415225595604,721.0419290731253,4.099593486435083,0
2023-04-20,755.5,755.5,729.0,734.0,-0.9,78369.0,57543425.2,-1,2023-04-20,727.1100731018803,722.4059365391122,4.704136562768099,0
2023-04-23,735.0,736.0,722.2,723.0,-1.5,32862.0,23896535.1,-1,2023-04-23,726.1967235236847,722.468469534995,3.72825398868963,0
2023-04-24,724.0,724.0,717.0,717.0,-0.83,26276.0,18900536.4,-1,2023-04-24,724.153007185088,721.8928411628904,2.260166022197609,0
2023-04-25,724.9,735.0,718.0,735.0,2.51,23019.0,16694990.5,1,2023-04-25,726.5634500328463,723.2725420931124,3.29090793973387,0
2023-04-26,735.0,736.0,724.0,724.0,-1.5,32344.0,23689485.5,-1,2023-04-26,725.9937944699916,723.3491166096269,2.644677860364709,0
2023-04-27,725.0,726.5,720.0,725.0,0.14,19375.0,13995842.8,0,2023-04-27,725.7729512544379,723.5228938086135,2.250057445824382,0
2023-04-30,726.0,736.6,717.1,720.0,-0.69,15050.0,10875452.7,-1,2023-04-30,724.4900731978961,723.152062881391,1.3380103165051196,0
2023-05-02,729.0,729.0,714.0,714.0,-0.83,18441.0,13206469.3,-1,2023-05-02,722.1589458205858,722.1886878412446,-0.029742020658773072,-1
2023-05-03,715.0,715.0,710.1,712.6,-0.2,14729.0,10489802.8,-1,2023-05-03,720.0347356382333,721.1793522790083,-1.1446166407749843,0
2023-05-04,720.0,723.0,707.0,717.0,0.62,22581.0,16085319.3,-1,2023-05-04,719.3603499408482,720.7394204601653,-1.3790705193171107,0
2023-05-07,717.0,723.0,709.2,714.9,-0.29,21718.0,15470632.2,-1,2023-05-07,718.3691610651042,720.1247446222532,-1.7555835571489524,0
2023-05-08,712.0,719.0,706.5,708.0,-0.97,27837.0,19722203.9,-1,2023-05-08,716.0649030506365,718.8484557146476,-2.78355266401104,0
2023-05-09,708.2,720.0,700.1,711.9,0.55,20728.0,14742185.0,1,2023-05-09,715.1393690393841,718.1170393236321,-2.9776702842480063,0
2023-05-10,719.0,719.0,709.0,709.0,-0.41,17826.0,12671947.4,-1,2023-05-10,713.7750648084099,717.157350973776,-3.3822861653661676,0
2023-05-11,709.9,711.9,707.0,709.0,0.0,22977.0,16283908.3,-1,2023-05-11,712.7139392954299,716.2986824502207,-3.5847431547907718,0
2023-05-14,717.0,717.0,699.0,699.0,-1.41,65044.0,45754704.9,-1,2023-05-14,709.6663972297788,714.4777685080921,-4.811371278313345,0
2023-05-15,699.1,706.0,693.1,694.6,-0.63,43687.0,30467469.3,-1,2023-05-15,706.3183089564945,712.3853718230298,-6.067062866535252,0
2023-05-16,695.3,704.0,689.3,690.0,-0.66,72505.0,50146361.2,-1,2023-05-16,702.6920180772736,710.0290168942898,-7.3369988170162515,0
2023-05-17,690.0,704.5,690.0,700.0,1.45,68132.0,47417924.5,1,2023-05-17,702.0937918378795,708.9733309054172,-6.879539067537735,0
2023-05-18,700.0,709.5,698.1,708.5,1.21,96034.0,67671776.8,1,2023-05-18,703.5173936516841,708.9235065995838,-5.4061129478997145,0
2023-05-21,712.0,715.0,705.0,708.0,-0.07,48741.0,34569973.3,-1,2023-05-21,704.5135283957543,708.826295378575,-4.312766982820676,0
2023-05-22,708.0,709.9,700.0,705.9,-0.3,68416.0,48339819.3,-1,2023-05-22,704.8216331966978,708.5182642860934,-3.6966310893956233,0
2023-05-23,712.0,724.0,710.0,721.0,2.14,100970.0,72361213.4,1,2023-05-23,708.4168258196538,709.8321312033468,-1.415305383692953,0
2023-05-24,725.0,759.0,717.1,733.5,1.73,37135.0,27137295.2,1,2023-05-24,713.9908645263974,712.3234858135208,1.667378712876598,1
2023-05-28,735.0,747.0,723.0,725.2,-1.13,57567.0,42269480.0,-1,2023-05-28,716.4817835205314,713.678908359466,2.8028751610653444,0
2023-05-30,721.7,725.0,700.0,715.0,-1.41,66387.0,47329158.1,-1,2023-05-30,716.1524982937467,713.817970637417,2.3345276563296693,0
2023-05-31,710.0,717.0,698.0,703.0,-1.68,86240.0,60669893.6,-1,2023-05-31,713.2297208951363,712.67923688611,0.550484009026377,0
2023-06-01,710.0,716.0,698.5,713.5,1.49,64360.0,45575460.4,1,2023-06-01,713.2897829184394,712.7656330033615,0.5241499150779418,0
2023-06-04,710.0,735.0,710.0,712.6,-0.13,85849.0,62185019.0,1,2023-06-04,713.1364978254528,712.748197950376,0.38829987507676833,0
2023-06-05,724.9,724.9,712.0,712.1,-0.07,51968.0,37186706.1,-1,2023-06-05,712.9061649753521,712.6799665871786,0.2261983881735432,0
2023-06-06,716.0,720.0,713.1,716.0,0.55,20101.0,14378676.1,0,2023-06-06,713.5936838697183,713.0294437885282,0.564240081190178,0
2023-06-07,716.0,724.0,715.1,716.5,0.07,35488.0,25567987.7,1,2023-06-07,714.2395318986698,713.3947654949989,0.8447664036709739,0
2023-06-08,715.0,721.9,714.5,719.0,0.35,28350.0,20355617.2,1,2023-06-08,715.2974136989653,713.9847901797359,1.312623519229419,0
2023-06-11,721.0,735.0,716.2,731.0,1.67,97299.0,70586246.3,1,2023-06-11,718.7868773214175,715.7758648976584,3.011012423759098,0
2023-06-12,733.0,746.0,733.0,739.0,1.09,57704.0,42661573.5,1,2023-06-12,723.2786823611025,718.2205106979048,5.0581716631976406,0
2023-06-13,753.7,753.7,733.0,750.0,1.49,87057.0,65051043.2,-1,2023-06-13,729.2167529475241,721.5657200981253,7.651032849398803,0
2023-06-14,735.0,784.0,735.0,775.0,3.33,142091.0,109270745.6,1,2023-06-14,739.3908078480742,727.1903811404279,12.20042670764633,0
2023-06-15,775.0,778.0,760.0,778.0,0.39,54223.0,41639999.2,1,2023-06-15,747.97062832628,732.5387620730144,15.431866253265639,0
2023-06-18,785.0,786.0,769.0,778.0,0.0,44461.0,34656631.5,-1,2023-06-18,754.6438220315512,737.324155539013,17.319666492538204,0
2023-06-19,779.0,780.0,767.0,768.2,-1.26,54506.0,42092586.0,-1,2023-06-19,757.6563060245398,740.5742444296432,17.082061594896686,0
2023-06-20,775.0,778.0,755.0,759.0,-1.2,34384.0,26281730.4,-1,2023-06-20,757.9549046857531,742.5137976475755,15.44110703817762,0
2023-06-21,764.0,771.0,750.0,750.0,-1.19,52004.0,39215589.4,-1,2023-06-21,756.1871480889191,743.3018189478307,12.885329141088391,0
2023-06-22,755.0,760.0,743.0,750.0,0.0,63239.0,47486343.6,-1,2023-06-22,754.8122262913815,744.0068906375327,10.805335653848829,0
2023-06-25,750.0,770.0,740.0,769.0,2.53,89107.0,67460152.6,1,2023-06-25,757.9650648932968,746.6377442546345,11.327320638662286,0
2023-06-26,782.8,793.0,775.0,787.0,2.34,104175.0,81795086.9,1,2023-06-26,764.4172726947864,750.8864027541467,13.530869940639718,0
2023-06-27,800.0,803.4,785.0,800.3,1.69,74430.0,59353368.7,1,2023-06-27,772.391212095945,756.0878340431839,16.303378052761104,0
2023-06-28,809.0,814.0,782.0,785.5,-1.85,100750.0,79687806.3,-1,2023-06-28,775.3042760746239,759.1838515123225,16.120424562301423,0
2023-07-02,780.0,795.4,766.0,768.5,-2.16,85825.0,66570866.6,-1,2023-07-02,773.7922147247075,760.1644987215516,13.62771600315591,0
2023-07-03,768.5,774.0,761.0,766.0,-0.33,37583.0,28834740.2,-1,2023-07-03,772.0606114525502,760.7787620140199,11.281849438530344,0
2023-07-04,770.0,779.0,761.0,770.0,0.52,48521.0,37274891.6,0,2023-07-04,771.602697796428,761.7494186441231,9.853279152304822,0
2023-07-05,770.1,780.0,766.0,769.4,-0.08,56329.0,43406162.9,-1,2023-07-05,771.1132093972217,762.5547429973734,8.558466399848271,0
2023-07-06,778.9,778.9,761.0,766.0,-0.44,37975.0,29212184.8,-1,2023-07-06,769.9769406422835,762.9174016292288,7.059539013054632,0
2023-07-09,778.9,789.9,772.3,789.0,3.0,43972.0,34319755.9,1,2023-07-09,774.2042871662204,765.6629382998364,8.541348866384055,0
2023-07-10,794.0,797.0,785.0,788.9,-0.01,61999.0,48997684.0,-1,2023-07-10,777.4700011292825,768.1089447945903,9.361056334692194,0
2023-07-11,790.0,793.9,781.0,783.0,-0.75,37571.0,29557847.0,-1,2023-07-11,778.6988897672197,769.6764242898967,9.022465477323067,0
2023-07-12,790.0,793.5,775.0,780.0,-0.38,49480.0,38696668.2,-1,2023-07-12,778.9880253745043,770.7631164699075,8.224908904596873,0
2023-07-13,790.0,790.0,779.2,781.9,0.24,40669.0,31822025.3,-1,2023-07-13,779.6351308468368,771.9354199993909,7.6997108474458855,0
2023-07-16,790.0,796.0,782.0,793.8,1.52,48967.0,38720419.3,1,2023-07-16,782.7828795475397,774.2369547362971,8.545924811242571,0
2023-07-17,798.0,807.0,789.0,803.0,1.16,55849.0,44687582.3,1,2023-07-17,787.2755729814197,777.2646437114237,10.01092926999604,0
2023-07-18,809.6,818.0,803.0,810.0,0.87,83521.0,67924379.1,1,2023-07-18,792.3254456522153,780.7104706891686,11.614974963046734,0
2023-07-19,810.0,817.0,800.0,810.0,0.0,181640.0,147082958.6,0,2023-07-19,796.2531243961674,783.7935790376772,12.459545358490232,0
2023-07-20,817.0,818.0,806.2,811.0,0.12,67669.0,54854937.0,-1,2023-07-20,799.5302078636857,786.6574128231848,12.872795040500932,0
2023-07-23,820.0,825.1,808.0,822.0,1.36,136053.0,111285459.6,1,2023-07-23,804.5234950050889,790.3776851575864,14.145809847502505,0
2023-07-24,825.0,825.0,806.1,810.0,-1.46,89524.0,72811500.2,-1,2023-07-24,805.7404961150692,792.4431919831036,13.297304131965575,0
2023-07-25,809.9,815.0,793.0,794.5,-1.91,86821.0,69480231.7,-1,2023-07-25,803.2426080894983,792.6596980901453,10.582909999352978,0
2023-07-26,800.0,805.0,788.0,790.1,-0.55,68079.0,54116753.8,-1,2023-07-26,800.3220285140542,792.3902561859195,7.931772328134684,0
2023-07-27,774.3,802.0,774.3,784.0,-0.77,61909.0,48818485.6,1,2023-07-27,796.6949110664865,791.5070713242437,5.1878397422427724,0
2023-07-30,798.0,798.0,774.1,777.0,-0.89,74894.0,58389290.0,-1,2023-07-30,792.3182641628229,789.9800111848497,2.338252977973184,0
2023-07-31,786.0,800.0,770.3,785.0,1.03,51397.0,40303176.7,-1,2023-07-31,790.6919832377512,789.4557994811813,1.236183756569858,0
2023-08-01,770.0,794.0,770.0,778.0,-0.89,48045.0,37540129.8,1,2023-08-01,787.871542518251,788.2499258515834,-0.37838333333240826,-1
2023-08-02,790.0,790.0,774.2,779.0,0.13,34169.0,26611018.4,-1,2023-08-02,785.9000886253064,787.2762494461535,-1.3761608208471898,0
2023-08-03,790.0,793.1,782.1,789.0,1.28,42059.0,33107873.6,-1,2023-08-03,786.5889578196827,787.4576968728743,-0.8687390531915753,0
2023-08-06,800.0,812.0,774.0,778.0,-1.39,141442.0,111288329.7,-1,2023-08-06,784.68030052642,786.4621498336244,-1.7818493072044248,0
2023-08-07,770.0,786.0,770.0,775.0,-0.39,52929.0,41153680.4,1,2023-08-07,782.5291226316599,785.2556077458744,-2.7264851142144835,0
2023-08-08,775.0,784.0,770.1,770.1,-0.63,30614.0,23695943.8,-1,2023-08-08,779.76709538018,783.6602806147297,-3.893185234549719,0
2023-08-09,771.0,785.9,770.0,785.9,2.05,32720.0,25402527.8,1,2023-08-09,781.1299630734733,783.8960405500213,-2.7660774765480483,0
2023-08-10,786.0,790.0,772.3,787.0,0.14,65038.0,50827014.5,1,2023-08-10,782.4344157238125,784.2227731237033,-1.7883573998907423,0
2023-08-13,789.0,800.0,782.0,798.0,1.4,51617.0,41059338.7,1,2023-08-13,785.8934344518541,785.6730075317346,0.22042692011950749,1
2023-08-14,798.0,806.0,796.0,798.0,0.0,69704.0,55757861.2,0,2023-08-14,788.5837823514421,786.9705856862888,1.613196665153282,0
2023-08-15,799.0,799.0,784.1,785.0,-1.63,29917.0,23639455.5,-1,2023-08-15,787.7873862733438,786.763155614048,1.0242306592958812,0
2023-08-16,785.0,785.0,773.0,785.0,0.0,31107.0,24231455.7,0,2023-08-16,787.1679671014897,786.5775602862534,0.5904068152362925,0
2023-08-17,785.0,797.0,778.0,781.9,-0.39,27752.0,21774315.3,-1,2023-08-17,785.9973077456032,786.0851855192793,-0.0878777736761549,-1
2023-08-20,776.1,790.0,776.1,780.0,-0.24,34292.0,26785787.9,1,2023-08-20,784.6645726910247,785.4446396751446,-0.7800669841199124,0
2023-08-21,772.0,790.0,772.0,779.0,-0.13,26580.0,20708405.0,1,2023-08-21,783.4057787596859,784.7662565514452,-1.3604777917593083,0
2023-08-22,778.5,787.0,777.1,782.0,0.39,11727.0,9157323.3,1,2023-08-22,783.0933834797556,784.475071651293,-1.3816881715373484,0
2023-08-23,780.1,805.8,780.0,800.0,2.3,48779.0,38794288.5,1,2023-08-23,786.8504093731433,786.1092746353675,0.7411347377758375,1
2023-08-24,800.0,807.1,794.0,794.5,-0.69,64412.0,51581791.7,-1,2023-08-24,788.5503184013337,786.9925088842762,1.5578095170575352,0
2023-08-27,789.0,794.0,782.5,790.0,-0.57,22697.0,17912807.9,1,2023-08-27,788.872469867704,787.3090868964576,1.5633829712463694,0
2023-08-28,805.0,805.0,788.0,789.0,-0.13,23084.0,18245309.9,-1,2023-08-28,788.900809897103,787.4870777494622,1.4137321476408715,0
2023-08-29,790.0,795.9,786.0,787.5,-0.19,18161.0,14329578.7,-1,2023-08-29,788.589518808858,787.4884379863609,1.1010808224971242,0
2023-08-30,792.0,799.0,787.2,788.1,0.08,33034.0,26070853.2,-1,2023-08-30,788.480736851334,787.552812935165,0.927923916168993,0
2023-09-03,788.0,790.0,781.5,783.0,-0.65,23300.0,18276510.6,-1,2023-09-03,787.2627953288153,787.0735694683055,0.18922586050973678,0
2023-09-04,783.1,787.2,775.0,783.0,0.0,34063.0,26480999.3,-1,2023-09-04,786.3155074779675,786.6447726821682,-0.32926520420073757,-1
2023-09-05,785.0,785.0,778.0,778.8,-0.54,14746.0,11498146.9,-1,2023-09-05,784.6453947050858,785.8190071366768,-1.173612431590982,0
2023-09-07,779.0,779.0,773.1,775.0,-0.49,29986.0,23246769.9,-1,2023-09-07,782.5019736595111,784.6801642801845,-2.1781906206733765,0
2023-09-10,780.0,790.0,775.0,780.0,0.65,27417.0,21349718.3,0,2023-09-10,781.945979512953,784.1875154085861,-2.241535895633092,0
2023-09-11,780.0,805.0,778.0,798.1,2.32,49803.0,39696687.3,1,2023-09-11,785.535761843408,785.6519874708401,-0.11622562743218623,0
2023-09-12,800.0,804.0,792.0,792.5,-0.7,22370.0,17822263.0,-1,2023-09-12,787.0833703226506,786.3728308949622,0.7105394276883317,1
2023-09-13,802.0,824.0,797.9,819.0,3.34,97903.0,79325347.5,1,2023-09-13,794.1759546953949,789.8072697481241,4.368684947270822,0
2023-09-17,835.3,852.0,803.1,814.0,-0.61,337149.0,275473072.9,-1,2023-09-17,798.5812980964183,792.3538729325321,6.22742516388621,0
2023-09-18,818.0,818.0,799.0,805.9,-1.0,53973.0,43403027.7,-1,2023-09-18,800.2076762972142,793.7797810448972,6.427895252317057,0
2023-09-19,806.0,806.0,796.6,805.0,-0.11,48207.0,38554693.3,-1,2023-09-19,801.2726371200555,794.9608567243816,6.31178039567385,0
2023-09-21,819.0,819.0,799.0,800.0,-0.62,118792.0,95659559.0,-1,2023-09-21,800.9898288711543,795.4912928586573,5.49853601249697,0
2023-09-24,807.0,813.0,795.0,797.0,-0.38,109470.0,87551009.0,-1,2023-09-24,800.10320023312,795.6501041366935,4.4530960964265205,0
2023-09-25,800.0,807.8,791.0,792.0,-0.63,58347.0,46348829.4,-1,2023-09-25,798.3024890702045,795.2658826486205,3.036606421583997,0
2023-09-26,800.0,800.0,782.0,788.6,-0.43,106020.0,83466224.5,-1,2023-09-26,796.1463803879368,794.5642107908709,1.5821695970658993,0
2023-09-27,800.0,800.0,769.3,777.4,-1.42,79635.0,61930826.8,-1,2023-09-27,791.9805180795063,792.7574517602528,-0.7769336807465379,-1
2023-10-01,780.0,790.0,758.6,765.0,-1.6,122313.0,93553851.3,-1,2023-10-01,785.9848473951715,789.8356147328577,-3.850767337686193,0
2023-10-02,765.0,766.0,756.0,761.5,-0.46,285352.0,216809141.3,-1,2023-10-02,780.5437701962445,786.8529184451885,-6.309148248943984,0
2023-10-03,600.0,601.0,573.0,573.0,-2.93,91760.0,53028691.0,-1,2023-10-03,734.4229323748569,764.3420849246423,-29.919152549785395,0
2023-10-04,573.0,573.0,566.1,568.0,-0.87,55162.0,31343038.8,-1,2023-10-04,697.4400585137776,743.6744970378379,-46.23443852406035,0
2023-10-05,567.0,567.0,559.0,562.0,-1.06,38826.0,21871719.5,-1,2023-10-05,667.3422677329381,724.5508657706971,-57.208598037758975,0
2023-10-08,562.0,573.0,548.1,549.0,-2.31,81362.0,44984256.5,-1,2023-10-08,641.0439860145075,706.0718272685184,-65.02784125401092,0
2023-10-09,555.0,558.0,541.0,541.9,-1.29,40407.0,21981800.3,-1,2023-10-09,619.0119891223947,688.7905822928849,-69.77859317049024,0
2023-10-10,542.9,544.0,535.3,536.0,-1.09,56229.0,30299574.8,-1,2023-10-10,600.5648804285291,672.7073631041602,-72.14248267563107,0
2023-10-11,536.3,542.9,531.0,535.0,-0.19,66243.0,35453588.7,-1,2023-10-11,585.9949069999672,658.211851198459,-72.21694419849189,0
2023-10-12,538.0,538.0,529.0,531.0,-0.75,47891.0,25427259.2,-1,2023-10-12,573.77381655553,644.8211300196738,-71.04731346414383,0
2023-10-16,536.0,541.0,510.0,515.0,-3.01,66053.0,34335641.9,-1,2023-10-16,560.7129684320788,631.1557479123397,-70.44277948026092,0
2023-10-17,516.0,528.0,515.0,517.2,0.43,57459.0,29814554.8,1,2023-10-17,551.0434198916168,619.1604060268303,-68.11698613521344,0
2023-10-18,520.0,539.0,520.0,538.0,4.02,31104.0,16537236.3,1,2023-10-18,548.1448821379242,610.6172053924271,-62.47232325450284,0
2023-10-19,538.0,546.0,532.0,542.5,0.84,45018.0,24315475.1,1,2023-10-19,546.8904638850522,603.4469732458558,-56.5565093608036,0
2023-10-29,541.0,542.0,531.1,533.6,-1.64,28904.0,15451365.2,-1,2023-10-29,543.9370274661517,596.0946602726079,-52.15763280645626,0
2023-10-30,543.9,543.9,530.2,536.2,0.49,16196.0,8647938.5,-1,2023-10-30,542.2176880292291,589.7899591912808,-47.57227116205172,0
2023-10-31,535.1,543.0,529.0,530.0,-1.16,21230.0,11297586.6,-1,2023-10-31,539.5026462449559,583.4962792764092,-43.993633031453214,0
2023-11-01,539.7,539.7,527.0,530.0,0.0,14536.0,7690633.8,-1,2023-11-01,537.3909470794101,577.8650919841556,-40.47414490474546,0
2023-11-02,527.0,530.0,519.3,519.4,-2.0,26372.0,13755258.7,-1,2023-11-02,533.3929588395413,571.710871775297,-38.31791293575577,0
2023-11-05,520.0,520.0,499.9,501.0,-3.54,60499.0,30380210.8,-1,2023-11-05,526.1945235418655,564.2676221147394,-38.07309857287396,0
2023-11-06,504.0,505.9,497.6,498.0,-0.6,42864.0,21460342.3,-1,2023-11-06,519.9290738658954,557.2920829447669,-37.36300907887153,0
2023-11-06,504.0,505.9,497.6,498.0,-0.6,42864.0,21460342.3,-1,2023-11-06,515.0559463401408,551.0508110558441,-35.994864715703216,0
2023-11-07,499.9,505.5,499.0,505.5,1.51,28094.0,14091561.7,1,2023-11-07,512.9324027089984,546.2559888394394,-33.32358613044096,0
2023-11-07,499.9,505.5,499.0,505.5,1.51,28094.0,14091561.7,1,2023-11-07,511.2807576625543,541.9658847510773,-30.68512708852296,0
2023-11-08,505.0,509.8,502.0,502.5,-0.59,15773.0,7951356.1,-1,2023-11-08,509.3294781819867,537.8115810930692,-28.482102911082507,0
2023-11-09,512.5,512.5,498.0,499.3,-0.64,23830.0,11917008.5,-1,2023-11-09,507.1007052526563,533.7577304516935,-26.657025199037207,0
2023-11-20,508.0,508.0,499.0,500.0,0.14,23771.0,11908204.4,-1,2023-11-20,505.52277075206604,530.204285140989,-24.68151438892295,0
2023-11-21,501.0,501.0,495.0,495.0,-1.0,13252.0,6577144.5,-1,2023-11-21,503.1843772516069,526.4985709156217,-23.314193664014795,0
2023-11-22,496.0,499.9,490.1,498.0,0.61,11581.0,5733566.1,1,2023-11-22,502.03229341791643,523.4987213455563,-21.46642792763987,0
2023-11-23,498.0,505.0,498.0,504.0,1.2,25084.0,12547218.2,1,2023-11-23,502.46956154726837,521.4462243618135,-18.976662814545136,0
2023-11-26,506.0,518.0,502.0,518.0,2.78,31405.0,16095060.1,1,2023-11-26,505.9207700923198,521.0834639026752,-15.16269381035545,0
2023-11-27,520.0,527.8,510.0,513.0,-0.97,19627.0,10126142.2,-1,2023-11-27,507.49393229402654,520.2325729655515,-12.73864067152499,0
2023-11-28,508.1,514.0,508.1,511.0,-0.39,8467.0,4319655.4,1,2023-11-28,508.2730584509095,519.260723179704,-10.98766472879447,0
2023-11-29,514.0,514.0,508.0,508.0,-0.59,8435.0,4293812.8,-1,2023-11-29,508.21237879515184,518.0753838976299,-9.863005102478041,0
2023-11-30,516.0,516.2,499.0,500.0,-1.57,42251.0,21304627.1,-1,2023-11-30,506.38740572956254,516.1727119084056,-9.785306178843086,0
2023-12-03,500.0,505.0,491.5,498.0,-0.4,16859.0,8404941.4,-1,2023-12-03,504.5235377896597,514.2597948654155,-9.736257075755816,0
2023-12-04,495.1,502.0,495.1,497.0,-0.2,15691.0,7826379.8,1,2023-12-04,502.85164050306867,512.4429743532665,-9.591333850197884,0
2023-12-05,497.0,500.1,495.0,498.9,0.38,19564.0,9725129.4,1,2023-12-05,501.9734981690534,511.01739810555426,-9.04389993650085,0
2023-12-06,497.0,500.0,495.0,495.6,-0.66,12300.0,6101174.9,-1,2023-12-06,500.5571652425971,509.3945140944433,-8.83734885184623,0
2023-12-07,505.0,505.0,491.0,497.5,0.38,22557.0,11192020.7,-1,2023-12-07,499.8777951886866,508.1424599792387,-8.264664790552104,0
2023-12-10,505.0,530.0,505.0,524.0,5.33,6616.0,3473867.0,1,2023-12-10,505.23828514675625,509.8116747182662,-4.573389571509949,0
2023-12-11,525.0,529.9,505.0,509.9,-2.69,93195.0,47730487.2,-1,2023-12-11,506.2742217808104,509.8209721163434,-3.546750335532977,0
2023-12-12,509.0,517.8,504.0,510.0,0.02,62527.0,31934610.9,1,2023-12-12,507.10217249618586,509.8398171567283,-2.7376446605424576,0
2023-12-13,514.0,520.0,505.1,510.0,0.0,57588.0,29458286.65,-1,2023-12-13,507.7461341637001,509.85667850865167,-2.1105443449515633,0
2023-12-14,508.0,511.8,501.6,506.9,-0.61,40832.0,20698886.8,-1,2023-12-14,507.5581043495445,509.54544919195143,-1.9873448424069124,0
2023-12-17,500.0,507.0,497.0,501.0,-1.16,76166.0,38290459.2,1,2023-12-17,506.1007478274235,508.6459282243776,-2.5451803969540947,0
2023-12-18,504.5,519.0,501.0,515.0,2.79,139478.0,71178255.1,1,2023-12-18,508.0783594213294,509.31477788496943,-1.2364184636400068,0
2023-12-19,524.0,532.0,518.0,530.0,2.91,107626.0,56310040.0,1,2023-12-19,512.9498351054784,511.4921696865516,1.4576654189268083,1
2023-12-20,532.0,549.8,532.0,545.0,2.83,99290.0,54004935.1,1,2023-12-20,520.0720939709277,515.0193097195462,5.052784251381468,0
2023-12-21,545.0,555.0,530.0,532.0,-2.39,96029.0,51611930.1,-1,2023-12-21,522.7227397551659,516.8067508016992,5.9159889534666945,0
2023-12-24,530.0,540.0,521.5,528.0,-0.75,75142.0,39931658.0,-1,2023-12-24,523.895464254018,517.9849875594151,5.910476694602835,0
2023-12-27,523.0,530.0,519.0,520.0,-1.52,90557.0,47371343.7,-1,2023-12-27,523.0298055309029,518.1970941321083,4.832711398794572,0
2023-12-28,520.0,525.0,511.0,512.0,-1.54,66034.0,34134473.0,-1,2023-12-28,520.5787376351467,517.5447684339916,3.0339692011550596,0
2024-01-01,515.0,524.9,512.0,513.9,0.37,32342.0,16709614.5,-1,2024-01-01,519.0945737162252,517.1611085988346,1.9334651173905968,0
2024-01-02,520.0,520.0,509.0,509.9,-0.78,42542.0,21750362.8,-1,2024-01-02,517.0513351126197,516.3967813779046,0.654553734715023,0
2024-01-03,511.0,515.0,509.0,514.1,0.82,30658.0,15717610.5,1,2024-01-03,516.3954828653708,516.1550149170725,0.24046794829826013,0
2024-01-04,512.3,517.0,509.0,510.9,-0.62,51626.0,26478137.7,-1,2024-01-04,515.174264450844,515.6018554521175,-0.42759100127352667,-1
2024-01-07,510.0,510.0,498.0,499.0,-2.33,111777.0,56156302.0,-1,2024-01-07,511.5799834617676,513.8542917203157,-2.2743082585481034,0
2024-01-08,499.5,505.0,494.2,504.0,1.0,94978.0,47425121.1,1,2024-01-08,509.8955426924859,512.8169978550193,-2.921455162533391,0
2024-01-09,514.0,514.0,506.0,507.0,0.6,69070.0,35187049.5,-1,2024-01-09,509.2520887608224,512.204682291333,-2.952593530510626,0
2024-01-10,509.0,523.0,509.0,518.0,2.17,112076.0,57936546.7,1,2024-01-10,511.1960690361952,512.8147157343506,-1.6186466981553735,0
2024-01-11,522.7,522.7,510.0,512.9,-0.98,50497.0,25965667.0,-1,2024-01-11,511.5747203614851,512.8236930254716,-1.2489726639864784,0
2024-01-14,515.0,517.8,510.0,511.2,-0.33,53006.0,27223492.0,-1,2024-01-14,511.491449170044,512.6527779701588,-1.161328800114802,0
2024-01-16,515.0,515.0,508.0,514.0,0.55,209619.0,107008018.6,-1,2024-01-16,512.0489049100343,512.7945908154052,-0.7456859053709195,0
2024-01-17,516.0,525.0,507.0,512.0,-0.39,114163.0,59062600.1,-1,2024-01-17,512.0380371522489,512.7109496769415,-0.672912524692606,0
2024-01-18,510.0,515.0,505.0,509.0,-0.59,82751.0,42028157.5,-1,2024-01-18,511.36291778508246,512.3203233951582,-0.9574056100757389,0
2024-01-21,509.0,509.0,495.0,496.1,-2.53,169221.0,84277298.7,-1,2024-01-21,507.97115827728635,510.61292093251,-2.6417626552236584,0
2024-01-22,495.0,498.0,488.0,489.0,-1.43,108014.0,53075943.3,-1,2024-01-22,503.7553453267783,508.33787662382474,-4.582531297046444,0
2024-01-23,495.0,496.0,477.0,478.6,-2.13,138735.0,66771684.6,-1,2024-01-23,498.1652685874942,505.2075738213169,-7.042305233822674,0
2024-01-24,469.1,494.4,469.1,477.3,-0.27,67640.0,32524761.3,1,2024-01-24,493.52854223471775,502.2699344717046,-8.741392236986826,0
2024-01-25,486.8,486.8,476.0,480.0,0.57,85602.0,40975897.5,-1,2024-01-25,490.52219951589154,499.92573084310413,-9.40353132721259,0
2024-01-28,489.0,489.0,480.0,481.0,0.21,55234.0,26580086.4,-1,2024-01-28,488.40615517902677,497.9335486490932,-9.527393470066443,0
2024-01-29,482.0,483.9,478.0,479.7,-0.27,50577.0,24306624.2,-1,2024-01-29,486.4714540281319,496.0142277386624,-9.542773710530469,0
2024-01-30,480.0,487.0,478.5,479.0,-0.15,46693.0,22396973.5,-1,2024-01-30,484.8111309107693,494.22325639775056,-9.412125486981267,0
2024-01-31,481.0,481.9,474.0,475.0,-0.84,64290.0,30617801.9,-1,2024-01-31,482.630879597265,492.19975572430315,-9.568876127038152,0
2024-02-01,475.5,475.5,463.1,466.0,-1.89,96457.0,45061712.9,-1,2024-02-01,478.93512857565054,489.44188670069224,-10.5067581250417,0
2024-02-04,466.0,470.0,459.0,468.5,0.54,71555.0,33251425.4,1,2024-02-04,476.61621111439484,487.23747757430357,-10.621266459908725,0
2024-02-05,471.0,476.1,469.0,474.9,1.37,46778.0,22138782.5,1,2024-02-05,476.2348308667515,485.93879572437686,-9.703964857625351,0
2024-02-06,474.9,482.9,474.9,477.8,0.61,58942.0,28072802.2,1,2024-02-06,476.58264622969557,485.0820803849687,-8.49943415527315,0
2024-02-07,487.3,487.3,478.6,479.0,0.25,52013.0,24972754.9,-1,2024-02-07,477.1198359564299,484.4418613970773,-7.322025440647394,0
2024-02-08,488.5,488.5,470.0,474.6,-0.92,49857.0,23655321.5,-1,2024-02-08,476.55987241055664,483.40587598685863,-6.846003576301996,0
2024-02-11,465.2,471.0,450.8,455.1,-4.11,182831.0,84204332.1,-1,2024-02-11,471.79101187487737,480.4263100935051,-8.635298218627725,0
2024-02-12,450.0,455.0,439.0,450.1,-1.1,309656.0,137747398.3,1,2024-02-12,466.97078701379354,477.2340669257677,-10.263279911974166,0
2024-02-13,450.1,454.0,440.1,441.9,-1.82,174782.0,77475942.3,-1,2024-02-13,461.39950101072833,473.51469145989745,-12.11519044916912,0
2024-02-14,433.1,448.0,433.1,443.0,0.25,83609.0,36997108.2,1,2024-02-14,457.31072300834427,470.3026186746451,-12.99189566630082,0
2024-02-15,434.2,440.0,430.0,433.0,-2.26,200617.0,87023180.3,-1,2024-02-15,451.9083401176011,466.37602723520877,-14.467687117607682,0
2024-02-18,433.0,455.8,433.0,444.0,2.54,307692.0,136564140.1,1,2024-02-18,450.1509312025786,464.0206559472921,-13.869724744713494,0
2024-02-20,436.0,452.9,436.0,442.0,-0.45,118355.0,52580149.9,1,2024-02-20,448.33961315756113,461.70269216336663,-13.363079005805503,0
2024-02-21,448.0,448.0,439.0,440.0,-0.45,141689.0,62675274.7,-1,2024-02-21,446.48636578921423,459.4181982514333,-12.931832462219063,0
2024-02-22,438.6,440.0,423.4,427.0,-2.95,149028.0,64038180.6,-1,2024-02-22,442.1560622805,456.0057563302298,-13.849694049729806,0
2024-02-25,427.0,430.0,410.0,410.9,-3.77,176046.0,73159346.7,-1,2024-02-25,435.21027066261115,451.25778197967935,-16.0475113170682,0
2024-02-26,408.0,419.9,405.1,418.0,1.73,98421.0,40737576.9,1,2024-02-26,431.3857660709198,447.75696282392363,-16.371196753003858,0
2024-02-27,415.0,426.0,412.3,418.5,0.12,70324.0,29412585.3,1,2024-02-27,428.52226249960427,444.6772825266685,-16.15502002706421,0
2024-02-28,413.4,418.0,413.0,415.0,-0.84,36695.0,15235126.3,1,2024-02-28,425.51731527747,441.55335805017705,-16.03604277270705,0
2024-02-29,415.0,415.0,408.0,412.0,-0.72,109726.0,45161462.0,-1,2024-02-29,422.5134674380322,438.4424782554216,-15.929010817389383,0
2024-03-03,412.0,417.0,406.0,407.0,-1.21,60400.0,24681799.0,-1,2024-03-03,419.06603022958063,435.1327437022193,-16.06671347263864,0
2024-03-04,415.1,438.0,415.1,435.0,6.88,11800.0,5079001.5,1,2024-03-04,422.60691240078495,435.11877068093304,-12.51185828014809,0
2024-03-05,435.0,439.0,414.0,416.9,-4.16,107535.0,45093107.6,-1,2024-03-05,421.33870964505496,433.201005346098,-11.862295701043024,0
2024-03-06,421.0,424.9,411.4,418.0,0.26,73115.0,30537859.3,-1,2024-03-06,420.5967741683761,431.6008995201929,-11.00412535181681,0
2024-03-07,425.9,425.9,418.1,421.9,0.93,39804.0,16757703.8,-1,2024-03-07,420.88637990873696,430.57975220227786,-9.693372293540904,0
2024-03-10,425.0,428.9,419.5,420.0,-0.45,84813.0,35815152.1,-1,2024-03-10,420.68940659568426,429.4660940757223,-8.77668748003805,0
2024-03-12,428.4,434.0,422.0,433.5,3.21,85533.0,36612902.9,1,2024-03-12,423.5362051299766,429.8907157519621,-6.354510621985469,0
2024-03-13,442.1,442.1,428.0,432.0,-0.35,84991.0,36691710.9,-1,2024-03-13,425.41704843442625,430.11274567280816,-4.695697238381911,0
2024-03-14,432.0,432.9,425.1,425.1,-1.6,67871.0,29042120.5,-1,2024-03-14,425.346593226776,429.58508823356516,-4.238495006789151,0
2024-03-17,424.2,424.2,417.0,418.0,-1.67,58774.0,24721464.7,-1,2024-03-17,423.7140169541591,428.36560526161094,-4.651588307451846,0
2024-03-18,416.0,421.5,416.0,418.2,0.05,45079.0,18848493.2,1,2024-03-18,422.4886798532349,427.2955415498624,-4.806861696627493,0
2024-03-19,420.0,423.0,417.0,417.2,-0.24,20842.0,8739686.6,-1,2024-03-19,421.31341766362715,426.2328529656663,-4.919435302039176,0
2024-03-20,417.0,425.0,415.5,417.0,-0.05,41724.0,17407649.0,0,2024-03-20,420.35488040504333,425.2609737061225,-4.906093301079181,0
2024-03-21,419.0,419.9,414.1,414.1,-0.7,28308.0,11746842.2,-1,2024-03-21,418.9649069817004,424.08613436863595,-5.121227386935573,0
2024-03-25,410.1,413.0,409.0,410.1,-0.97,71062.0,29127859.4,0,2024-03-25,416.9949276524336,422.6139096982532,-5.618982045819621,0
2024-03-26,415.0,415.0,409.2,413.0,0.71,29379.0,12076818.2,-1,2024-03-26,416.1071659518928,421.6019192037002,-5.494753251807424,0
2024-03-27,413.0,413.0,408.0,411.0,-0.48,42526.0,17423947.0,-1,2024-03-27,414.9722401848055,420.48592770857385,-5.51368752376834,0
2024-03-28,413.9,414.0,407.0,410.0,-0.24,33224.0,13602227.0,-1,2024-03-28,413.8672979215154,419.38214584451345,-5.514847922998058,0
2024-03-31,413.0,413.0,406.0,407.0,-0.73,30600.0,12479861.4,-1,2024-03-31,412.3412317167342,418.0787620714068,-5.737530354672572,0
2024-04-01,410.0,412.5,405.0,407.9,0.22,51254.0,20869305.3,-1,2024-04-01,411.35429133523775,417.0073134323114,-5.653022097073631,0
2024-04-02,412.0,412.0,405.0,406.8,-0.27,28130.0,11430729.5,-1,2024-04-02,410.3422265940738,415.9328593868049,-5.590632792731128,0
2024-04-03,410.0,410.0,399.0,402.0,-1.18,59686.0,23975302.8,-1,2024-04-03,408.4883984620574,414.46624260924654,-5.97784414718916,0
2024-04-04,400.0,402.0,398.0,398.0,-1.0,61026.0,24350543.2,-1,2024-04-04,406.1576432482669,412.7329539135364,-6.575310665269512,0
2024-04-07,398.0,398.8,390.3,397.0,-0.25,80715.0,31781656.1,-1,2024-04-07,404.1226114153187,411.07685350158516,-6.954242086266447,0
2024-04-09,400.0,406.9,396.9,398.8,0.45,47203.0,18883043.4,-1,2024-04-09,402.93980887858123,409.7845531329973,-6.844744254416071,0
2024-04-10,405.9,405.9,394.1,395.0,-0.95,40657.0,16171916.1,-1,2024-04-10,401.1754069055632,408.2282843821555,-7.0528774765923,0
2024-04-14,398.0,400.0,394.0,395.0,0.0,29072.0,11530462.0,-1,2024-04-14,399.80309425988247,406.83583339456015,-7.0327391346776835,0
2024-04-15,392.0,395.0,390.0,391.0,-1.01,63551.0,24886154.9,-1,2024-04-15,397.84685109101974,405.1689035635538,-7.32205247253404,0
2024-04-16,389.0,393.0,387.3,390.0,-0.26,33400.0,13032506.8,1,2024-04-16,396.1031064041265,403.57217687265336,-7.469070468526866,0
2024-04-18,390.0,390.0,383.0,385.0,-1.28,38828.0,14927701.0,-1,2024-04-18,393.6357494254317,401.6172108860583,-7.981461460626576,0
2024-04-21,377.3,380.0,366.1,373.0,-3.12,127611.0,47268075.5,-1,2024-04-21,389.05002733089134,398.6048728980521,-9.554845567160783,0
2024-04-22,372.0,373.0,357.1,358.0,-4.02,105899.0,38459763.6,-1,2024-04-22,382.1500212573599,394.33067575088876,-12.180654493528834,0
2024-04-24,358.0,360.0,345.0,351.0,-1.96,132036.0,46377658.9,-1,2024-04-24,375.2277943112799,389.7695519876373,-14.541757676357406,0
2024-04-25,351.5,355.0,346.0,348.5,-0.71,49901.0,17470531.8,-1,2024-04-25,369.28828446432885,385.4253886205176,-16.13710415618874,0
2024-04-28,355.4,355.4,347.0,351.6,0.89,60351.0,21142160.0,-1,2024-04-28,365.3575545833669,381.86482139730526,-16.507266813938372,0
2024-04-29,358.6,358.6,351.6,352.0,0.11,45855.0,16188257.0,-1,2024-04-29,362.38920912039646,378.7211559870626,-16.331946866666158,0
2024-04-30,359.0,365.0,351.1,363.0,3.13,69508.0,24935148.2,1,2024-04-30,362.52494042697504,377.06629746210865,-14.541357035133615,0
2024-05-02,370.2,370.2,357.0,357.0,-1.65,63914.0,23111015.4,-1,2024-05-02,361.29717588764726,374.95405562399196,-13.656879736344706,0
2024-05-05,356.1,359.0,349.0,349.0,-2.24,53700.0,18864100.2,-1,2024-05-05,358.56447013483677,372.22204976883495,-13.657579633998182,0
2024-05-06,345.1,351.9,344.6,346.9,-0.6,59983.0,20763022.1,1,2024-05-06,355.97236566042864,369.5565708457997,-13.584205185371047,0
2024-05-07,350.0,355.9,347.1,348.0,0.32,47490.0,16609211.5,-1,2024-05-07,354.20072884700005,367.28745812518923,-13.086729278189182,0
2024-05-08,349.1,352.0,341.6,350.0,0.57,47782.0,16573927.5,1,2024-05-08,353.2672335476667,365.4677256909588,-12.200492143292081,0
2024-05-09,345.0,352.8,345.0,350.0,0.0,29902.0,10471855.8,1,2024-05-09,352.5411816481852,363.83954403927896,-11.298362391093747,0
2024-05-12,350.0,355.0,347.0,352.0,0.57,39449.0,13837283.5,1,2024-05-12,352.4209190596996,362.5932762456706,-10.17235718597101,0
2024-05-13,350.0,364.9,350.0,363.0,3.13,55261.0,19860003.5,1,2024-05-13,354.7718259353219,362.6360892724421,-7.864263337120235,0
2024-05-14,368.1,369.0,356.8,365.5,0.69,47874.0,17319347.8,-1,2024-05-14,357.1558646163615,362.93755355955346,-5.781688943191966,0
2024-05-15,359.0,370.0,357.8,358.0,-2.05,64416.0,23307126.8,-1,2024-05-15,357.34345025717005,362.4178110796005,-5.074360822430435,0
2024-05-16,365.1,365.1,355.1,360.1,0.59,75546.0,27235273.1,-1,2024-05-16,357.95601686668783,362.17383096595836,-4.217814099270527,0
2024-05-19,367.3,385.7,362.0,385.0,6.91,135375.0,51227459.4,1,2024-05-19,363.96579089631274,364.57658560112066,-0.6107947048079154,0
2024-05-20,385.0,421.0,385.0,419.9,9.06,276638.0,112940210.2,1,2024-05-20,376.3956151415766,370.40010290626583,5.995512235310798,1
2024-05-21,420.0,432.7,407.1,429.5,2.29,201842.0,85312936.8,1,2024-05-21,388.19658955455964,376.6211447056063,11.575444848953339,0
2024-05-22,430.5,458.0,420.4,452.9,5.45,287668.0,127385008.8,1,2024-05-22,402.57512520910194,384.65049789448983,17.92462731461211,0
2024-05-26,455.0,458.0,435.0,435.1,-3.93,219186.0,97303479.0,-1,2024-05-26,409.80287516263485,389.960971800333,19.84190336230182,0
2024-05-27,443.8,443.8,424.5,428.0,-1.63,161570.0,69707496.9,-1,2024-05-27,413.8466806820493,393.9650800318769,19.881600650172402,0
2024-05-29,435.0,442.0,412.6,414.0,-3.27,116281.0,49172569.7,-1,2024-05-29,413.8807516415939,396.0740189758898,17.80673266570409,0
2024-05-30,417.0,417.9,402.0,407.6,-1.55,99271.0,40604602.8,-1,2024-05-30,412.48502905457303,397.2872801363225,15.197748918250511,0
2024-06-02,407.0,429.3,407.0,424.0,4.02,112458.0,46750189.0,1,2024-06-02,415.0439114868901,400.0991453851307,14.944766101759399,0
2024-06-03,425.0,427.1,413.0,415.1,-2.1,52109.0,21803568.4,-1,2024-06-03,415.0563756009145,401.6781827130117,13.378192887902799,0
2024-06-04,423.4,423.4,414.0,415.5,0.1,31000.0,12925554.6,-1,2024-06-04,415.15495880071126,403.1331108484842,12.021847952227063,0
2024-06-05,415.0,415.0,407.2,412.0,-0.84,40825.0,16766865.4,-1,2024-06-05,414.45385684499763,404.0664676012753,10.387389243722339,0
2024-06-06,410.0,412.8,407.0,408.0,-0.97,40467.0,16576252.2,-1,2024-06-06,413.01966643499816,404.48052364324633,8.539142791751829,0
2024-06-09,416.1,416.1,401.0,401.0,-1.72,63378.0,25738375.4,-1,2024-06-09,410.34862944944297,404.11415273343096,6.234476716012011,0
2024-06-10,409.0,409.0,400.0,401.1,0.02,57100.0,23045878.6,-1,2024-06-10,408.29337846067784,403.796873498333,4.496504962344829,0
2024-06-11,409.1,421.0,402.0,418.0,4.21,71137.0,29197703.6,1,2024-06-11,410.45040546941607,405.2919394458769,5.158466023539177,0
2024-06-12,425.0,425.0,418.0,418.0,0.0,81660.0,34375632.0,-1,2024-06-12,412.12809314287915,406.6296300305214,5.49846311235774,0
2024-06-13,418.0,418.0,411.5,415.1,-0.69,45758.0,18913728.4,-1,2024-06-13,412.788516888906,407.52124792204546,5.267268966860513,0
2024-06-16,416.0,420.0,410.0,412.0,-0.75,69817.0,28750341.9,-1,2024-06-16,412.6132909135935,407.99269550919854,4.620595404394976,0
2024-06-18,407.0,410.0,403.0,404.0,-1.94,58636.0,23801380.5,-1,2024-06-18,410.6992262661283,407.5724117713882,3.1268144947400742,0
2024-06-19,402.0,408.0,402.0,404.0,0.0,30586.0,12384217.5,1,2024-06-19,409.21050931809975,407.1963684270316,2.014140891068166,0
2024-06-20,412.0,412.0,401.1,401.1,-0.72,42682.0,17174518.5,-1,2024-06-20,407.40817391407757,406.5546454347125,0.8535284793650817,0
2024-06-23,409.0,409.0,400.0,403.0,0.47,32541.0,13048979.9,-1,2024-06-23,406.42857971094924,406.18047223105856,0.2481074798906775,0
2024-06-24,408.9,408.9,400.0,400.4,-0.65,40516.0,16275171.7,-1,2024-06-24,405.0888953307383,405.57200146989453,-0.48310613915623435,-1
2024-06-25,408.3,408.3,397.2,398.1,-0.57,42749.0,17076309.2,-1,2024-06-25,403.5358074794631,404.78547499937935,-1.2496675199162723,0
2024-06-26,406.0,406.0,396.6,397.0,-0.28,45572.0,18121871.9,-1,2024-06-26,402.0834058173602,403.9659513152341,-1.8825454978739344,0
2024-06-27,397.0,399.0,394.0,397.0,0.0,56848.0,22559389.2,0,2024-06-27,400.95376008016905,403.23269328205157,-2.2789332018825235,0
2024-06-30,400.0,400.0,393.5,394.1,-0.73,45391.0,17908558.6,-1,2024-06-30,399.43070228457594,402.2713571470988,-2.840654862522854,0
2024-07-01,400.0,400.5,391.1,400.0,1.5,48992.0,19322075.7,0,2024-07-01,399.5572128880035,402.0322669210884,-2.4750540330849162,0
2024-07-02,408.0,440.0,408.0,418.0,4.5,147642.0,61793510.9,1,2024-07-02,403.6556100240027,403.7130809293949,-0.05747090539216515,0
2024-07-03,410.6,420.0,407.0,420.0,0.48,75714.0,31347290.7,1,2024-07-03,407.28769668533545,405.4274934631428,1.860203222192638,1
2024-07-04,420.1,430.1,417.0,424.6,1.1,106679.0,45217824.3,1,2024-07-04,411.13487519970533,407.4456520459699,3.6892231537354405,0
2024-07-07,430.0,430.0,421.3,429.0,1.04,73287.0,31215876.2,-1,2024-07-07,415.10490293310414,409.71453077797304,5.390372155131104,0
2024-07-08,430.0,434.0,426.4,427.0,-0.47,74221.0,31821000.9,-1,2024-07-08,417.7482578368588,411.53405385397593,6.21420398288285,0
2024-07-09,425.0,435.0,422.0,433.1,1.43,72357.0,31036007.5,1,2024-07-09,421.1597560953346,413.80415344829424,7.355602647040371,0
2024-07-10,441.7,441.7,433.0,438.0,1.13,98818.0,43238209.9,-1,2024-07-10,424.90203251859356,416.3510846642633,8.550947854330275,0
2024-07-11,446.7,447.2,438.0,446.1,1.85,117154.0,51875527.9,-1,2024-07-11,429.6126919589061,419.4825494364461,10.130142522460005,0
2024-07-14,455.0,468.0,447.0,449.0,0.65,157454.0,71094465.4,-1,2024-07-14,433.9209826347047,422.58964949576756,11.331333138937168,0
2024-07-15,457.9,457.9,443.0,443.2,-1.29,155082.0,69641258.8,-1,2024-07-15,435.9829864936592,424.7591600751604,11.223826418498788,0
2024-07-16,452.0,469.0,439.0,461.0,4.02,139792.0,63123320.8,1,2024-07-16,441.5423228284016,428.5739853304067,12.968337497994924,0
2024-07-17,470.2,482.4,466.0,478.6,3.82,193151.0,91949908.8,1,2024-07-17,449.7773621998679,433.8398816114165,15.937480588451422,0
2024-07-18,478.0,525.0,469.2,500.0,4.47,331046.0,165053646.7,1,2024-07-18,460.937948377675,440.80410459968846,20.133843777986556,0
2024-07-21,500.0,511.0,492.5,504.2,0.84,272349.0,136963265.5,1,2024-07-21,470.55173762708057,447.4773567470897,23.074380879990883,0
2024-07-22,508.0,513.0,492.0,502.0,-0.44,201152.0,100434734.2,-1,2024-07-22,477.5402403766182,453.2165823526592,24.323658023959013,0
2024-07-23,502.0,513.0,490.0,508.0,1.2,280089.0,141314159.7,1,2024-07-23,484.3090758484808,458.98325789448455,25.32581795399625,0
2024-07-24,510.0,520.0,497.9,499.0,-1.77,218750.0,110822199.3,-1,2024-07-24,487.57372565992955,463.1955465371704,24.37817912275915,0
2024-07-25,499.0,505.0,491.0,501.9,0.58,163606.0,81736328.5,1,2024-07-25,490.75734217994517,467.2696995332577,23.487642646687448,0
2024-07-28,511.9,552.0,511.9,552.0,9.98,642139.0,348169885.6,1,2024-07-28,504.36682169551295,476.18867852975694,28.178143165756012,0
2024-07-29,563.0,573.0,533.0,534.5,-3.17,415282.0,225481164.3,-1,2024-07-29,511.0630835409545,482.3267123687299,28.736371172224608,0
2024-07-30,534.5,537.6,515.5,530.0,-0.84,296884.0,156278069.7,-1,2024-07-30,515.2712871985202,487.34495317202146,27.92633402649875,0
2024-07-31,533.1,539.0,525.0,530.0,0.0,321197.0,170933211.2,-1,2024-07-31,518.544334487738,491.8349581012824,26.709376386455574,0
2024-08-01,540.6,540.6,516.0,517.0,-2.45,397416.0,207735106.0,-1,2024-08-01,518.2011490460184,494.48390988009476,23.717239165923615,0
2024-08-05,506.7,506.7,480.0,495.9,-4.08,677340.0,336221737.5,-1,2024-08-05,513.2453381469031,494.6329719979795,18.612366148923627,0
2024-08-06,495.9,495.9,474.0,474.4,-4.34,499757.0,241222400.2,-1,2024-08-06,504.6130407809247,492.5031854718764,12.109855309048271,0
2024-08-07,470.0,487.4,470.0,483.0,1.81,214696.0,103147127.1,1,2024-08-07,499.8101428296081,491.5028501590473,8.307292670560798,0
2024-08-08,483.0,495.0,480.0,487.0,0.83,245160.0,119652202.8,1,2024-08-08,496.96344442302853,491.02886593177914,5.934578491249397,0
2024-08-11,490.0,508.0,490.0,504.3,3.55,437035.0,219599887.9,1,2024-08-11,498.5937901068,492.4258274126445,6.167962694155506,0
2024-08-12,514.0,534.0,504.0,525.0,4.1,429436.0,224076205.9,1,2024-08-12,504.46183674973327,495.85468768499766,8.607149064735609,0
2024-08-13,535.5,535.5,513.0,516.0,-1.71,192089.0,100296001.2,-1,2024-08-13,507.02587302757036,497.97524687605056,9.050626151519793,0
2024-08-14,516.0,523.0,508.0,520.0,0.78,193085.0,99413002.6,1,2024-08-14,509.90901235477696,500.29364194172945,9.615370413047515,0
2024-08-15,520.0,557.0,518.5,545.1,4.83,751075.0,409374057.0,1,2024-08-15,517.7292318314932,505.0101006847053,12.719131146787845,0
2024-08-18,550.0,564.0,535.0,537.7,-1.36,480715.0,262926484.0,-1,2024-08-18,522.1671803133836,508.45114271789424,13.716037595489354,0
2024-08-21,539.0,539.0,525.0,530.0,-1.43,209828.0,111492627.2,-1,2024-08-21,523.9078069104095,510.7194434844317,13.188363425977798,0
2024-08-22,530.0,542.6,527.0,528.0,-0.38,198426.0,105879839.6,-1,2024-08-22,524.8171831525407,512.5384494334389,12.278733719101751,0
2024-08-25,528.0,537.9,515.0,516.0,-2.27,264501.0,137841516.0,-1,2024-08-25,522.8578091186428,512.9028231772875,9.95498594135529,0
2024-08-27,515.0,525.0,496.1,497.0,-3.68,251927.0,127755243.8,-1,2024-08-27,517.1116293145,511.22884179020457,5.882787524295395,0
2024-08-28,506.0,516.0,493.0,498.0,0.2,141796.0,71076392.6,-1,2024-08-28,512.8646005779444,509.8363321280778,3.02826844986663,0
2024-08-29,498.8,503.0,489.3,494.0,-0.8,125957.0,62118372.8,-1,2024-08-29,508.672467116179,508.1693497988065,0.5031173173725279,0
2024-09-01,503.8,503.8,485.0,485.2,-1.78,122470.0,59721867.4,-1,2024-09-01,503.4563633125837,505.7515235041953,-2.2951601916116147,-1
2024-09-02,485.0,503.9,480.0,501.0,3.26,124169.0,61161137.9,1,2024-09-02,502.9105047986762,505.25136313533267,-2.3408583366564812,0
2024-09-03,501.0,512.0,489.6,498.0,-0.6,196070.0,96940498.4,-1,2024-09-03,501.8192815100815,504.4880617526661,-2.668780242584603,0
2024-09-04,507.9,507.9,480.0,482.0,-3.21,78221.0,38174659.2,-1,2024-09-04,497.41499673006336,502.12089735764863,-4.705900627585265,0
2024-09-05,484.0,489.0,473.0,479.0,-0.62,85177.0,40729551.0,-1,2024-09-05,493.32277523449375,499.68711868842246,-6.364343453928711,0
2024-09-08,487.0,488.0,470.0,474.5,-0.94,63926.0,30515717.8,-1,2024-09-08,489.13993629349517,497.0358430370096,-7.895906743514445,0
2024-09-09,476.0,479.0,460.0,465.0,-2.0,108664.0,50691255.4,-1,2024-09-09,483.7755060060518,493.66364903311387,-9.888143027062085,0
2024-09-10,468.0,473.0,455.0,460.0,-1.08,121413.0,55977422.1,-1,2024-09-10,478.4920602269292,490.12010702962823,-11.628046802699032,0
2024-09-11,460.0,465.5,457.1,458.5,-0.33,73610.0,33892278.7,-1,2024-09-11,474.04938017650045,486.79167471072,-12.742294534219525,0
2024-09-12,467.6,470.0,456.0,469.0,2.29,89053.0,41164303.2,1,2024-09-12,472.9272956928337,484.9188668464337,-11.991571153599978,0
2024-09-15,475.0,478.2,460.0,462.0,-1.49,121891.0,56785017.6,-1,2024-09-15,470.4990077610929,482.5063545468091,-12.007346785716209,0
2024-09-16,469.0,469.0,452.1,452.9,-1.97,93821.0,42889083.3,-1,2024-09-16,466.5881171475167,479.3898961734608,-12.801779025944086,0
2024-09-18,458.0,458.0,447.0,455.0,0.46,59933.0,27163435.7,-1,2024-09-18,464.0129800036241,476.8225386815175,-12.809558677893449,0
2024-09-22,464.1,471.0,449.2,452.0,-0.66,78178.0,35561158.3,-1,2024-09-22,461.3434288917076,474.20963987293675,-12.86621098122913,0
2024-09-23,461.0,461.0,443.0,444.5,-1.66,87158.0,38924478.3,-1,2024-09-23,457.60044469355034,471.08230935999603,-13.481864666445688,0
2024-09-24,441.1,444.0,430.0,430.2,-3.22,114932.0,50098069.4,-1,2024-09-24,451.51145698387245,466.7789083747333,-15.267451390860856,0
2024-09-25,427.0,442.6,427.0,442.5,2.86,78402.0,34196940.1,1,2024-09-25,449.5089109874563,464.2232338089719,-14.714322821515566,0
2024-09-26,433.7,448.0,433.7,437.0,-1.24,57402.0,25264368.6,1,2024-09-26,446.7291529902438,461.35763025013273,-14.628477259888939,0
2024-09-29,435.0,440.0,429.0,436.0,-0.23,32022.0,13974891.0,1,2024-09-29,444.3448967701896,458.6884060132767,-14.343509243087055,0
2024-09-30,442.7,442.9,435.0,440.0,0.92,39543.0,17353125.2,-1,2024-09-30,443.37936415459194,456.7212053803002,-13.341841225708265,0
2024-10-01,447.5,463.9,441.0,458.7,4.25,118682.0,53583406.0,1,2024-10-01,446.783949898016,456.92949955079496,-10.145549652778982,0
2024-10-02,465.0,474.0,458.0,462.0,0.72,106390.0,49291155.4,-1,2024-10-02,450.1652943651235,457.46323644018497,-7.297942075061485,0
2024-10-06,470.0,476.9,462.0,474.0,2.6,70077.0,32814474.9,1,2024-10-06,455.46189561731825,459.2039483938497,-3.742052776531466,0
2024-10-07,483.0,483.4,475.0,475.0,0.21,61966.0,29712489.2,-1,2024-10-07,459.8036965912475,460.8666906681813,-1.062994076933819,0
2024-10-08,470.0,485.0,468.0,480.0,1.05,270991.0,128676088.0,1,2024-10-08,464.29176401541474,462.8807232294254,1.4110407859893144,1
2024-10-09,480.0,483.0,473.0,478.0,-0.42,38554.0,18420792.2,-1,2024-10-09,467.33803867865595,464.4722260473807,2.8658126312752756,0
2024-10-15,487.5,489.0,476.0,486.8,1.84,14812.0,7140200.7,-1,2024-10-15,471.6629189722879,466.82251804239326,4.840400929894656,0
2024-10-16,494.0,501.9,484.0,498.7,2.44,302170.0,147506063.3,1,2024-10-16,477.67115920066834,470.17804245898344,7.493116741684901,0
2024-10-17,498.0,505.0,493.0,493.0,-1.14,80563.0,40014898.3,-1,2024-10-17,481.0775682671865,472.58035377909044,8.497214488096063,0
2024-10-20,484.0,495.0,479.1,480.0,-2.64,187805.0,90783664.4,-1,2024-10-20,480.8381086522562,473.36136917076516,7.476739481491052,0
2024-10-21,472.0,480.0,468.4,469.2,-2.25,70285.0,33198853.9,-1,2024-10-21,478.2518622850882,472.92333031068466,5.328531974403518,0
2024-10-22,475.0,476.0,459.5,465.0,-0.9,104000.0,48395845.7,-1,2024-10-22,475.30700399951303,472.0892955411389,3.2177084583741475,0
2024-10-23,460.0,460.0,450.0,452.0,-2.8,182640.0,82721217.3,-1,2024-10-23,470.12766977739903,469.97463285259795,0.15303692480108566,0
2024-10-24,450.0,455.0,439.0,443.0,-1.99,104890.0,46521225.2,-1,2024-10-24,464.0992987157548,467.1351978154824,-3.035899099727601,-1
2024-10-27,443.0,446.0,437.0,444.0,0.23,55784.0,24654312.4,1,2024-10-27,459.6327878900315,464.6999138349053,-5.067125944873794,0
2024-10-28,452.0,452.0,441.0,443.0,-0.23,59809.0,26572257.4,-1,2024-10-28,455.9366128033579,462.4157123785995,-6.479099575241605,0
2024-10-29,445.0,452.0,445.0,450.9,1.78,65634.0,29500622.4,1,2024-10-29,454.8173655137228,461.20353212822056,-6.386166614497768,0
2024-10-30,450.0,454.0,443.1,445.8,-1.13,77838.0,34838568.8,-1,2024-10-30,452.8135065106733,459.58210769367105,-6.76860118299777,0
2024-11-05,440.3,455.8,440.0,444.0,-0.4,51361.0,22962464.4,1,2024-11-05,450.8549495083014,457.9418858311794,-7.086936322877989,0
2024-11-06,445.0,447.0,439.0,440.0,-0.9,63545.0,28083991.4,-1,2024-11-06,448.44273850645664,456.0532662700026,-7.610527763545974,0
2024-11-10,448.0,449.8,442.1,449.8,2.23,82617.0,36815029.4,1,2024-11-10,448.74435217168855,455.3950277152655,-6.650675543576938,0
2024-11-11,458.0,462.1,450.0,454.0,0.93,159935.0,72757931.2,-1,2024-11-11,449.91227391131326,455.24818269260595,-5.335908781292687,0
2024-11-12,463.0,463.0,450.0,457.0,0.66,98128.0,44800783.0,-1,2024-11-12,451.48732415324366,455.4325845144369,-3.9452603611932204,0
2024-11-13,464.1,464.1,448.0,451.7,-1.16,70413.0,31867704.8,-1,2024-11-13,451.53458545252283,455.03968088133826,-3.505095428815423,0
2024-11-14,450.1,453.0,443.3,445.1,-1.46,124178.0,55402034.9,-1,2024-11-14,450.1046775741844,453.99339868330264,-3.8887211091182508,0
2024-11-17,445.5,447.0,440.0,440.3,-1.08,164538.0,72738307.2,-1,2024-11-17,447.9258603354767,452.55198829558657,-4.626127960109841,0
2024-11-19,442.0,442.0,429.1,431.2,-2.07,230820.0,99858868.4,-1,2024-11-19,444.20900248314854,450.3044105802617,-6.095408097113136,0
2024-11-20,439.8,439.8,428.0,429.9,-0.3,116555.0,50011496.1,-1,2024-11-20,441.02922415355994,448.15657788760257,-7.127353734042629,0
2024-11-21,431.0,433.0,426.0,426.3,-0.84,111250.0,47655052.8,-1,2024-11-21,437.75606323054666,445.85588547838125,-8.099822247834595,0
2024-11-24,430.0,430.0,423.0,427.0,0.16,112104.0,47548945.2,-1,2024-11-24,435.3658269570918,443.87105542802533,-8.505228470933503,0
2024-11-25,435.5,435.5,422.1,425.0,-0.47,108838.0,46178968.1,-1,2024-11-25,433.0623098555159,441.8846285408648,-8.822318685348932,0
2024-11-26,431.0,435.7,425.1,434.5,2.24,114088.0,48908653.0,1,2024-11-26,433.38179655429013,441.1072992207738,-7.725502666483692,0
2024-11-27,435.0,438.8,431.6,436.9,0.55,77997.0,33877361.5,1,2024-11-27,434.16361954222566,440.6644256185871,-6.500806076361414,0
2024-11-28,437.0,437.9,430.0,435.3,-0.37,81755.0,35574057.3,-1,2024-11-28,434.4161485328422,440.09974923768317,-5.683600704840956,0
2024-12-01,444.0,444.0,427.2,428.8,-1.49,126527.0,54336790.1,-1,2024-12-01,433.16811552554395,438.910301949506,-5.742186423962039,0
2024-12-02,430.0,430.0,425.0,427.9,-0.21,181491.0,77567724.1,-1,2024-12-02,431.9974231865342,437.75132279692644,-5.753899610392239,0
2024-12-03,436.0,436.0,417.0,419.8,-1.89,410484.0,172511347.9,-1,2024-12-03,429.2868847006377,435.8617098709342,-6.574825170296492,0
2024-12-04,420.0,425.0,415.0,415.2,-1.1,143772.0,60079128.4,-1,2024-12-04,426.15646587827376,433.6867930424148,-7.530327164141056,0
2024-12-05,406.9,415.0,406.0,409.9,-1.28,155704.0,63754717.8,1,2024-12-05,422.54391790532407,431.1829200905817,-8.639002185257652,0
2024-12-08,409.9,414.9,400.1,405.0,-1.2,159922.0,64577191.5,-1,2024-12-08,418.6452694819187,428.42682323894155,-9.781553757022834,0
2024-12-09,396.9,411.4,396.9,405.0,0.0,66907.0,27135316.0,1,2024-12-09,415.61298737482565,425.9608418453688,-10.347854470543155,0
2024-12-10,396.9,411.0,396.9,405.0,0.0,58539.0,23694809.2,1,2024-12-10,413.2545457359755,423.75443744059316,-10.499891704617653,0
2024-12-11,404.0,415.0,397.0,415.0,2.47,150942.0,60777882.1,1,2024-12-11,413.6424244613143,422.8329177100044,-9.190493248690075,0
2024-12-12,423.3,423.3,402.8,403.0,-2.89,84801.0,34642192.0,-1,2024-12-12,411.2774412476889,420.7452421615829,-9.467800913893996,0
2024-12-16,403.0,403.0,395.0,398.2,-1.19,113101.0,45028844.1,-1,2024-12-16,408.3713431926469,418.3720587761531,-10.000715583506178,0
2024-12-17,396.0,399.9,395.5,397.0,-0.3,80508.0,32015293.7,1,2024-12-17,405.8443780387254,416.1223683786633,-10.277990339937901,0
2024-12-18,389.1,412.0,389.1,392.0,-1.26,83131.0,32775891.2,1,2024-12-18,402.76784958567526,413.583171707225,-10.815322121549741,0
2024-12-19,384.2,395.1,384.2,392.9,0.23,73620.0,28901909.4,1,2024-12-19,400.5749941221919,411.40599573804343,-10.831001615851505,0
2024-12-22,392.9,400.6,387.1,390.0,-0.74,73760.0,28751184.0,-1,2024-12-22,398.22499542837147,409.1527330287757,-10.927737600404214,0
2024-12-23,382.2,391.0,382.2,388.8,-0.31,82637.0,32024251.6,1,2024-12-23,396.13055199984444,407.01034007837825,-10.879788078533807,0
2024-12-24,395.0,398.0,390.0,396.0,1.85,51143.0,20205178.7,1,2024-12-24,396.10154044432346,405.85135691223314,-9.749816467909682,0
2024-12-26,388.1,409.9,388.0,403.0,1.77,92340.0,36962239.4,1,2024-12-26,397.63453145669604,405.5512140793665,-7.916682622670464,0
2024-12-29,400.0,404.7,391.0,391.0,-2.98,70534.0,27876541.8,-1,2024-12-29,396.1601911329858,404.01950733417,-7.8593162011841855,0
2024-12-31,383.2,395.0,376.6,385.0,-1.53,132291.0,50756067.0,1,2024-12-31,393.68014865898897,402.01745393057314,-8.337305271584171,0
2025-01-01,377.3,388.0,377.3,383.6,-0.36,43278.0,16613575.4,1,2025-01-01,391.44011562365813,400.07877456946017,-8.638658945802035,0
2025-01-02,390.0,390.0,377.4,386.9,0.86,58340.0,22439781.8,-1,2025-01-02,390.43120104062297,398.6915351410959,-8.26033410047296,0
2025-01-05,385.0,389.7,382.7,384.0,-0.75,88991.0,34166948.7,-1,2025-01-05,389.00204525381787,397.1450577578227,-8.143012504004844,0
2025-01-06,388.0,390.0,382.1,388.0,1.04,78034.0,30121853.6,0,2025-01-06,388.77936853074726,396.18242009910455,-7.403051568357284,0
2025-01-07,395.7,395.7,384.0,387.8,-0.05,59219.0,22908320.5,-1,2025-01-07,388.56173107947006,395.30006008867247,-6.738329009202403,0
2025-01-08,393.5,393.5,383.0,387.0,-0.21,45107.0,17419527.1,-1,2025-01-08,388.2146797284767,394.42636955302277,-6.211689824546056,0
2025-01-09,386.0,388.0,381.0,383.4,-0.93,78694.0,30206337.5,-1,2025-01-09,387.14475089992635,393.2656990737572,-6.120948173830868,0
2025-01-12,385.0,385.2,381.0,381.0,-0.63,36094.0,13812729.1,-1,2025-01-12,385.77925069994274,391.974572855467,-6.195322155524252,0
2025-01-13,388.6,388.6,377.5,377.6,-0.89,84072.0,31908096.2,-1,2025-01-13,383.9616394332888,390.46145992331253,-6.499820490023751,0
2025-01-15,370.1,384.0,370.1,377.8,0.05,51468.0,19446913.7,1,2025-01-15,382.59238622589123,389.128674668227,-6.536288442335774,0
2025-01-16,375.2,377.8,368.0,368.9,-2.36,67591.0,25110905.7,-1,2025-01-16,379.5496337312487,386.9993404926242,-7.449706761375467,0
2025-01-19,365.1,370.0,361.6,366.0,-0.79,83984.0,30679994.8,1,2025-01-19,376.53860401319344,384.78888359866374,-8.25027958547031,0
2025-01-20,362.0,363.6,351.6,357.5,-2.32,187054.0,66767422.9,-1,2025-01-20,372.3078031213727,381.91636953564654,-9.608566414273866,0
2025-01-21,357.0,361.0,354.0,359.0,0.42,85995.0,30732031.1,1,2025-01-21,369.3505135388454,379.50412011084165,-10.15360657199625,0
2025-01-22,359.0,370.0,355.0,369.8,3.01,137664.0,49669715.4,1,2025-01-22,369.45039941910204,378.48263378338464,-9.032234364282601,0
2025-01-23,369.0,371.8,364.3,366.0,-1.03,59766.0,21896885.1,-1,2025-01-23,368.6836439926349,377.16867233250207,-8.485028339867142,0
2025-01-26,362.1,364.9,356.0,356.5,-2.6,87702.0,31524673.6,-1,2025-01-26,365.97616754982715,374.9930226132913,-9.016855063464163,0
2025-01-27,362.8,362.8,351.0,353.0,-0.98,95052.0,33567863.7,-1,2025-01-27,363.0925747609767,372.6779676013659,-9.585392840389204,0
2025-01-28,353.0,362.0,350.0,357.0,1.13,104728.0,37397715.6,1,2025-01-28,361.7386692585374,371.02765522227475,-9.288985963737332,0
2025-02-02,355.0,367.0,355.0,367.0,2.8,81796.0,29683622.2,1,2025-02-02,362.9078538677513,370.6036915146669,-7.69583764691555,0
2025-02-03,369.2,385.5,369.0,372.0,1.36,147482.0,55551307.3,1,2025-02-03,364.9283307860288,370.75067135522823,-5.822340569199412,0
2025-02-04,379.0,379.0,367.0,369.3,-0.73,54568.0,20261319.4,-1,2025-02-04,365.899812833578,370.5979691073095,-4.698156273731513,0
2025-02-05,366.0,370.1,363.0,365.0,-1.16,50984.0,18697457.0,-1,2025-02-05,365.6998544261162,370.00870920127693,-4.308854775160739,0
2025-02-06,363.0,368.0,359.0,365.9,0.25,73453.0,26881083.3,1,2025-02-06,365.7443312203126,369.57621349587936,-3.831882275566784,0
2025-02-09,358.6,370.0,358.6,366.0,0.03,55880.0,20503353.5,1,2025-02-09,365.80114650468755,369.19976996999736,-3.398623465309811,0
2025-02-10,369.9,369.9,363.2,364.1,-0.52,28859.0,10533106.8,-1,2025-02-10,365.4231139480903,368.6629520784187,-3.239838130328394,0
2025-02-11,367.0,370.0,361.0,364.0,-0.03,48342.0,17610510.4,-1,2025-02-11,365.1068664040703,368.1721150175325,-3.065248613462245,0
2025-02-12,365.0,370.0,360.0,363.1,-0.25,47038.0,17147454.5,-1,2025-02-12,364.66089609205466,367.63820817358175,-2.9773120815270886,0
2025-02-13,360.0,366.0,360.0,363.0,-0.03,47627.0,17318839.0,1,2025-02-13,364.2918080715981,367.14997573425734,-2.858167662659241,0
2025-02-16,367.0,370.9,365.0,370.7,2.12,70533.0,26014490.4,1,2025-02-16,365.71585072235405,367.5236624990723,-1.8078117767182675,0
2025-02-17,371.0,386.9,370.7,382.0,3.05,108899.0,41212054.5,1,2025-02-17,369.33455056183095,369.04748749916996,0.2870630626609909,1
2025-02-18,389.0,389.6,375.0,377.0,-1.31,74518.0,28374584.9,-1,2025-02-18,371.03798377031296,369.8845940782047,1.1533896921082487,0
2025-02-20,384.5,384.5,373.6,374.5,-0.66,42089.0,15847811.6,-1,2025-02-20,371.8073207102434,370.370426280499,1.4368944297444273,0
2025-02-23,367.1,375.2,365.3,373.1,-0.37,69490.0,25818995.1,1,2025-02-23,372.09458277463375,370.65774982992014,1.4368329447136148,0
2025-02-24,380.5,380.5,371.0,372.0,-0.29,95948.0,35893221.9,-1,2025-02-24,372.0735643802707,370.79903932150745,1.2745250587632313,0
2025-02-25,375.0,379.8,373.5,374.5,0.67,64721.0,24322008.7,-1,2025-02-25,372.6127722957661,371.18861412976986,1.4241581659962321,0
2025-02-27,381.0,404.0,381.0,399.0,6.54,180854.0,71123148.4,1,2025-02-27,378.47660067448476,374.11612843189937,4.360472242585388,0
2025-03-02,406.0,410.9,392.0,410.0,2.76,158503.0,63928991.9,1,2025-03-02,385.48180052459924,377.8933780706468,7.5884224539524325,0
2025-03-03,410.0,417.9,402.0,404.0,-1.46,104126.0,42315621.7,-1,2025-03-03,389.59695596357716,380.64144353689454,8.955512426682617,0
2025-03-04,405.0,409.0,397.0,397.0,-1.73,81739.0,32657421.1,-1,2025-03-04,391.24207686056,382.3633968488004,8.878680011759627,0
2025-03-05,402.0,402.0,390.2,391.0,-1.51,75942.0,29943233.8,-1,2025-03-05,391.18828200265784,383.2725129699793,7.915769032678554,0
2025-03-06,391.0,397.0,390.1,395.0,1.02,57950.0,22772391.1,1,2025-03-06,392.03533044651164,384.50698528892883,7.528345157582805,0
2025-03-09,402.0,402.0,387.0,387.5,-1.9,53120.0,20802204.8,-1,2025-03-09,391.0274792361757,384.82203946904156,6.2054397671341235,0
2025-03-10,379.8,393.5,379.8,382.0,-1.42,51563.0,19812899.6,1,2025-03-10,389.0213727392478,384.52498268282665,4.4963900564211485,0
2025-03-11,380.0,384.0,375.5,379.0,-0.79,52438.0,19922402.2,-1,2025-03-11,386.794401019415,383.9434055583186,2.8509954610963746,0
2025-03-12,380.0,384.0,379.1,384.0,1.32,37447.0,14299389.4,1,2025-03-12,386.1734230151005,383.9493628679693,2.2240601471312402,0
2025-03-16,381.0,389.7,375.0,378.0,-1.56,47059.0,17836859.5,-1,2025-03-16,384.3571067895226,383.32311414502516,1.0339926444974594,0
2025-03-17,379.0,382.0,374.0,376.0,-0.53,52266.0,19641950.2,-1,2025-03-17,382.4999719474065,382.5522600244962,-0.05228807708971317,-1
2025-03-18,383.0,383.0,372.0,374.9,-0.29,46712.0,17458101.4,-1,2025-03-18,380.81108929242725,381.74675896928613,-0.935669676858879,0
2025-03-19,375.0,376.0,371.5,372.1,-0.75,28240.0,10537317.1,-1,2025-03-19,378.87529167188785,380.7313106567297,-1.8560189848418531,0
2025-03-20,373.6,375.0,370.0,371.31,-0.21,26250.0,9744625.3,-1,2025-03-20,377.19411574480165,379.73959374549503,-2.545478000693379,0
2025-03-23,371.0,375.0,364.0,365.0,-1.7,58246.0,21344955.9,-1,2025-03-23,374.4843122459568,378.18805756175874,-3.703745315801939,0
2025-03-24,372.0,372.0,360.2,369.08,1.12,31813.0,11724152.8,-1,2025-03-24,373.2833539690775,377.22931466052097,-3.9459606914434744,0
2025-03-25,376.4,376.4,362.0,362.76,-1.71,56734.0,20655964.8,-1,2025-03-25,370.9448308648381,375.7062289067819,-4.761398041943835,0
2025-03-26,360.0,369.8,359.0,366.94,1.15,66232.0,24030589.3,1,2025-03-26,370.05486845042964,374.7834679692259,-4.728599518796273,0
2025-03-27,374.2,374.2,365.0,369.68,0.75,42064.0,15544120.3,-1,2025-03-27,369.9715643503342,374.2462608145705,-4.274696464236342,0
2025-03-30,370.0,381.9,370.0,376.42,1.82,43372.0,16375068.8,1,2025-03-30,371.40455005025996,374.47507546566834,-3.070525415408383,0
2025-04-01,375.0,379.0,369.0,371.77,-1.24,35751.0,13329835.2,-1,2025-04-01,371.48576115020217,374.19033067980854,-2.704569529606374,0
2025-04-02,379.2,379.2,368.6,372.08,0.08,22972.0,8545495.8,-1,2025-04-02,371.617814227935,373.96819060824976,-2.350376380314742,0
2025-04-03,373.0,409.0,371.0,378.09,1.62,78106.0,29756953.8,1,2025-04-03,373.05607773283833,374.4020652810656,-1.3459875482272423,0
2025-04-07,380.0,384.0,375.0,376.82,-0.34,39850.0,15061937.1,-1,2025-04-07,373.8925049033187,374.65658472516395,-0.7640798218452574,0
2025-04-08,374.0,374.9,370.0,372.49,-1.15,37140.0,13801058.4,-1,2025-04-08,373.58083714702565,374.4285231751467,-0.8476860281210747,0
2025-04-09,374.0,378.5,373.0,375.1,0.7,18012.0,6750227.7,1,2025-04-09,373.9184288921311,374.4992049461839,-0.5807760540528193,0
2025-04-10,375.0,379.0,375.0,377.54,0.65,38690.0,14581737.4,1,2025-04-10,374.7232224716575,374.8192886360593,-0.0960661644018046,0
2025-04-13,378.0,379.9,371.0,376.04,-0.4,39615.0,14885391.6,-1,2025-04-13,375.01583970017805,374.9477845691057,0.06805513107235583,1
2025-04-15,383.0,383.0,375.4,378.78,0.73,28213.0,10695139.3,-1,2025-04-15,375.8523197668052,375.35117566709454,0.5011440997106433,0
2025-04-16,385.0,385.0,377.0,377.87,-0.24,26891.0,10165385.0,-1,2025-04-16,376.3006931519596,375.61631507055824,0.6843780814013485,0
2025-04-17,379.0,385.0,378.0,383.07,1.38,59899.0,22887199.6,1,2025-04-17,377.80498356263524,376.40091348418366,1.404070078451582,0
2025-04-20,375.5,375.5,369.0,369.81,-3.46,122259.0,45413718.4,-1,2025-04-20,376.0283205487163,375.7071331174275,0.3211874312888199,0
2025-04-21,370.0,370.0,362.8,363.72,-1.65,128678.0,47123111.3,-1,2025-04-21,373.2931382045571,374.4453296313825,-1.1521914268253681,-1
2025-04-22,364.0,367.4,361.6,365.22,0.41,62793.0,22878594.2,1,2025-04-22,371.49910749243327,373.47424230176324,-1.9751348093299725,0
2025-04-23,365.0,365.0,357.0,358.22,-1.92,81937.0,29481572.0,-1,2025-04-23,368.548194716337,371.86853258578816,-3.32033786945118,0
2025-04-24,351.1,363.0,351.1,357.67,-0.15,47357.0,16911588.3,1,2025-04-24,366.13081811270655,370.3739502083368,-4.243132095630244,0
2025-04-27,355.5,361.0,353.0,354.09,-1.0,67402.0,23908041.7,-1,2025-04-27,363.4550807543273,368.65985018640663,-5.204769432079331,0
2025-04-28,358.0,358.0,350.2,352.89,-0.34,64893.0,22851180.0,-1,2025-04-28,361.1072850311434,366.9998659562586,-5.892580925115169,0
2025-04-29,353.0,354.1,350.0,351.57,-0.37,63441.0,22291994.2,-1,2025-04-29,358.987888357556,365.37566953981036,-6.3877811822543435,0
2025-04-30,350.3,351.0,346.3,346.84,-1.35,119600.0,41596006.1,-1,2025-04-30,356.28835761143245,363.4245464303566,-7.136188818924154,0
2025-05-04,350.0,352.5,346.0,349.46,0.76,42458.0,14833415.4,-1,2025-05-04,354.7709448088919,361.9545941745296,-7.183649365637677,0
2025-05-05,350.0,351.0,344.0,348.79,-0.19,91034.0,31446690.3,-1,2025-05-05,353.44184596247146,360.56884741931594,-7.127001456844482,0
2025-05-06,350.0,350.0,342.1,344.23,-1.31,61181.0,21072613.9,-1,2025-05-06,351.3947690819222,358.84896874359845,-7.454199661676228,0
2025-05-07,342.0,360.0,340.1,358.27,4.08,51281.0,17910366.3,1,2025-05-07,352.9225981748284,358.78802466532494,-5.865426490496532,0
2025-05-08,359.0,359.0,347.0,352.29,-1.67,84006.0,29467684.0,-1,2025-05-08,352.7820208026443,358.1040220689749,-5.322001266330631,0
2025-05-11,345.3,359.0,345.3,349.98,-0.66,55925.0,19630604.6,1,2025-05-11,352.1593495131678,357.24886185118805,-5.089512338020256,0
2025-05-13,350.0,352.0,344.0,347.21,-0.79,69156.0,23945061.6,-1,2025-05-13,351.0594940657972,356.192139551063,-5.132645485265812,0
2025-05-14,346.0,351.0,345.3,346.24,-0.28,27056.0,9387814.0,1,2025-05-14,349.9884953845089,355.144545914109,-5.1560505296001224,0
2025-05-15,346.0,348.0,339.9,341.58,-1.35,143396.0,48950682.0,-1,2025-05-15,348.119940854618,353.71669897578175,-5.596758121163759,0
2025-05-18,343.8,343.8,335.5,337.51,-1.19,111931.0,37864933.3,-1,2025-05-18,345.7621762202584,352.01073066254156,-6.248554442283137,0
2025-05-19,338.0,344.0,336.0,340.13,0.78,76308.0,25907663.6,1,2025-05-19,344.5105815046455,350.7601274349056,-6.249545930260126,0
2025-05-20,340.0,344.9,337.0,341.04,0.27,129948.0,44233760.9,1,2025-05-20,343.7393411702798,349.73695612596816,-5.997614955688391,0
2025-05-21,347.8,361.0,343.0,344.08,0.89,124236.0,43468847.8,-1,2025-05-21,343.81504313243977,349.14148706007677,-5.326443927637001,0
2025-05-22,350.0,378.4,344.0,370.91,7.8,388565.0,140400614.7,1,2025-05-22,349.8361446585643,351.43290947480557,-1.5967648162412615,0
2025-05-25,370.0,377.4,359.2,364.6,-1.7,154179.0,56447346.7,-1,2025-05-25,353.1170014011056,352.81891900377343,0.29808239733216624,1
2025-05-26,371.8,379.0,354.5,362.83,-0.49,226738.0,82686150.9,-1,2025-05-26,355.27544553419324,353.87271700337624,1.4027285308170008,0
2025-05-27,357.1,364.0,355.0,361.45,-0.38,43915.0,15805395.0,1,2025-05-27,356.6475687488169,354.67032573986296,1.9772430089539625,0
2025-05-28,356.0,376.9,356.0,371.62,2.81,310444.0,113198808.2,1,2025-05-28,359.9747756935243,356.4545019777721,3.5202737157521824,0
2025-06-02,376.0,382.5,366.0,369.69,-0.52,151086.0,56438137.6,-1,2025-06-02,362.1337144282966,357.8477122959013,4.286002132395311,0
2025-06-03,370.0,370.0,354.0,360.12,-2.59,127629.0,45940798.5,-1,2025-06-03,361.6862223331196,358.0869004752801,3.5993218578394703,0
2025-06-04,355.1,359.0,352.1,353.97,-1.71,80718.0,28617957.0,-1,2025-06-04,359.97150625909296,357.6535425305138,2.3179637285791728,0
2025-06-05,351.1,357.0,350.0,353.75,-0.06,84068.0,29643771.7,1,2025-06-05,358.58894931262785,357.2426433167755,1.3463059958523331,0
2025-06-08,350.0,361.0,348.0,348.67,-1.44,68124.0,23905524.3,-1,2025-06-08,356.3847383542661,356.3402598097465,0.0444785445196203,0
2025-06-09,348.0,351.9,345.0,349.81,0.33,109064.0,37908747.0,1,2025-06-09,354.9236853866514,355.6528640402995,-0.7291786536480913,-1
2025-06-10,351.0,352.0,345.0,350.1,0.08,125344.0,43753231.2,-1,2025-06-10,353.8517553007289,355.06835203605743,-1.216596735328551,0
2025-06-11,355.0,355.0,347.2,347.71,-0.68,60834.0,21229420.1,-1,2025-06-11,352.4869207894558,354.29378866384087,-1.806867874385091,0
2025-06-12,345.0,350.0,345.0,347.74,0.01,54077.0,18781260.9,1,2025-06-12,351.43204950291005,353.60391617291026,-2.171866670000213,0
2025-06-15,348.5,349.0,344.0,344.15,-1.03,57297.0,19804058.6,-1,2025-06-15,349.8138162800411,352.6087671020776,-2.794950822036469,0
2025-06-16,342.2,347.9,342.0,344.81,0.19,66024.0,22775700.9,1,2025-06-16,348.70185710669864,351.7878442492273,-3.0859871425286656,0
2025-06-17,345.0,351.0,340.0,342.68,-0.62,52555.0,18003104.2,-1,2025-06-17,347.3636666385434,350.8291238019402,-3.4654571633968203,0
2025-06-18,340.5,348.0,340.5,341.66,-0.3,73017.0,24984089.5,1,2025-06-18,346.0961851633116,349.86395287542024,-3.7677677121086504,0
2025-06-19,344.9,345.9,337.2,340.63,-0.3,177028.0,59969152.0,-1,2025-06-19,344.88147734924235,348.8919578359023,-4.010480486659958,0
2025-06-22,333.9,345.0,333.9,337.67,-0.87,74852.0,25309362.4,1,2025-06-22,343.27892682718846,347.71069911633367,-4.431772289145215,0
2025-06-23,335.5,343.4,333.0,337.54,-0.04,36751.0,12414497.1,1,2025-06-23,342.00360975447995,346.6400992093512,-4.636489454871253,0
2025-06-24,344.0,345.0,335.0,335.39,-0.64,117512.0,39638521.0,-1,2025-06-24,340.53391869792887,345.45587823994583,-4.921959542016964,0
2025-06-25,338.5,340.9,335.3,338.68,0.98,62197.0,21065787.0,1,2025-06-25,340.1219367650558,344.7426278988989,-4.620691133843081,0
2025-06-26,340.0,341.0,336.0,337.42,-0.37,37902.0,12803881.9,-1,2025-06-26,339.5215063728212,343.97182496217266,-4.450318589351468,0
2025-06-29,340.0,345.0,335.0,343.92,1.93,64107.0,21745989.1,1,2025-06-29,340.49894940108317,343.9663697029966,-3.467420301913421,0
2025-06-30,340.1,345.0,338.0,340.78,-0.91,58312.0,19850622.5,1,2025-06-30,340.56140508973135,343.6309623658391,-3.06955727610773,0
2025-07-01,339.2,350.0,338.2,346.22,1.6,75776.0,25905407.5,1,2025-07-01,341.8188706253466,343.90349264311914,-2.084622017772517,0
2025-07-02,352.0,353.9,343.6,352.39,1.78,99579.0,34692258.3,1,2025-07-02,344.1680104863807,344.79680920700133,-0.6287987206206367,0
2025-07-03,355.0,363.0,347.0,360.53,2.31,134444.0,47800177.6,1,2025-07-03,347.80400815607385,346.4529345536328,1.3510736024410335,1
2025-07-06,360.0,360.5,353.5,355.23,-1.47,87837.0,31279564.3,-1,2025-07-06,349.4542285658352,347.3768361795662,2.0773923862689685,0
2025-07-07,352.0,354.9,347.0,347.77,-2.1,65015.0,22789430.7,-1,2025-07-07,349.07995555120516,347.41822184487506,1.6617337063300965,0
2025-07-08,349.5,351.0,342.4,346.83,-0.27,48932.0,16998783.0,-1,2025-07-08,348.5799654287151,347.35630375594087,1.2236616727742557,0
2025-07-09,350.0,365.0,347.4,360.46,3.93,164992.0,58850780.4,1,2025-07-09,351.2199731112229,348.73564020268395,2.4843329085389314,0
2025-07-10,367.6,375.0,363.0,368.59,2.26,268028.0,98822166.8,1,2025-07-10,355.0799790865067,350.82557281292776,4.2544062735789225,0
2025-07-13,375.9,405.4,375.9,405.4,9.99,935652.0,371499032.0,1,2025-07-13,366.2622059561719,356.5702493589353,9.691956597236583,0
2025-07-14,413.5,413.5,400.0,404.59,-0.2,591115.0,239002343.0,-1,2025-07-14,374.77949352146703,361.6249599527316,13.154533568735417,0
2025-07-15,405.0,416.5,391.1,413.64,2.24,752172.0,303137632.1,1,2025-07-15,383.4151616278077,367.10022732612833,16.314934301679386,0
2025-07-16,415.0,426.0,410.5,420.05,1.55,652885.0,274327020.2,1,2025-07-16,391.5562368216282,372.6738876075885,18.88234921403972,0
2025-07-17,428.4,428.4,414.0,418.72,-0.32,613888.0,256975172.1,-1,2025-07-17,397.59262863904416,377.5208468067897,20.071781832254487,0
2025-07-20,420.0,420.0,404.0,405.83,-3.08,774408.0,317619954.1,-1,2025-07-20,399.4231556081454,380.5007576692328,18.92239793891258,0
2025-07-21,404.5,412.0,400.3,410.35,1.11,314794.0,127967454.2,1,2025-07-21,401.85134325077973,383.64278317773466,18.208560073045078,0
2025-07-22,410.0,418.0,406.0,416.42,1.48,379370.0,156024594.9,1,2025-07-22,405.08882252838424,387.0930165274468,17.99580600093742,0
2025-07-23,417.0,417.0,407.1,410.62,-1.39,264074.0,108423815.0,-1,2025-07-23,406.3179730776322,389.56954110350506,16.74843197412713,0
2025-07-24,418.8,418.8,403.0,404.97,-1.38,211844.0,85930783.2,-1,2025-07-24,406.018423504825,391.19064203997823,14.827781464846794,0
2025-07-27,407.0,412.0,398.9,400.35,-1.14,357867.0,144792585.5,-1,2025-07-27,404.7587738370861,392.15478498313837,12.603988853947726,0
2025-07-28,400.0,403.0,388.7,396.3,-1.01,416122.0,163714234.0,-1,2025-07-28,402.87904631773364,392.5911234059659,10.287922911767737,0
2025-07-29,403.0,410.0,395.0,400.89,1.16,308929.0,124476292.8,-1,2025-07-29,402.43703602490393,393.46468936323265,8.972346661671281,0
2025-07-30,405.0,406.7,388.0,390.2,-2.67,189372.0,74779345.5,-1,2025-07-30,399.7176946860364,393.1210378513134,6.596656834722978,0
2025-07-31,390.0,396.9,383.5,386.43,-0.97,170007.0,66167915.9,-1,2025-07-31,396.764873644695,392.416718077491,4.348155567204003,0
2025-08-03,386.0,388.0,381.0,381.91,-1.17,146401.0,56051636.6,-1,2025-08-03,393.46379061254055,391.31074775354455,2.1530428589960025,0
2025-08-04,388.7,399.0,385.0,395.76,3.63,275662.0,108183779.4,1,2025-08-04,393.9740593653093,391.7790900952767,2.1949692700326295,0
2025-08-05,403.5,403.5,385.9,386.38,-2.37,168482.0,66054248.8,-1,2025-08-05,392.2864906174628,391.21076482208963,1.0757257953731596,0
2025-08-06,391.0,391.0,385.0,385.51,-0.23,63156.0,24412473.7,-1,2025-08-06,390.78060381358216,390.6106843145012,0.1699194990809474,0
2025-08-07,392.8,392.8,383.0,384.68,-0.22,83056.0,32003820.7,-1,2025-08-07,389.42491407723054,389.98640175508,-0.5614876778494704,-1
2025-08-11,389.0,392.0,381.1,381.26,-0.89,101169.0,38902186.4,-1,2025-08-11,387.61048872673484,389.06783314928214,-1.457344422547294,0
2025-08-12,385.0,385.0,376.1,376.92,-1.14,59057.0,22363141.3,-1,2025-08-12,385.2348245652382,387.78911387041035,-2.5542893051721194,0
2025-08-13,380.0,380.0,370.0,370.48,-1.71,85556.0,31991359.1,-1,2025-08-13,381.955974661852,385.9671018840514,-4.011127222199377,0
2025-08-14,371.8,371.9,363.1,365.66,-1.3,88358.0,32407300.6,-1,2025-08-14,378.3346469592182,383.8295122120459,-5.494865252827708,0
2025-08-17,358.4,358.4,340.0,348.64,-4.65,256794.0,90033152.6,-1,2025-08-17,371.7358365238364,380.12535303183057,-8.389516507994188,0
2025-08-18,350.0,351.0,344.5,348.23,-0.12,103749.0,36139739.7,-1,2025-08-18,366.5123172963172,376.7679474495326,-10.255630153215407,0
2025-08-19,348.5,355.1,348.1,350.65,0.69,83058.0,29263547.3,1,2025-08-19,362.9873578971356,374.018689823266,-11.031331926130406,0
2025-08-20,353.0,356.0,350.0,351.12,0.13,58516.0,20575102.7,-1,2025-08-20,360.3501672533277,371.60830142081693,-11.258134167489231,0
2025-08-21,350.1,353.9,348.0,348.38,-0.78,47481.0,16616877.5,-1,2025-08-21,357.6901300859215,369.1632170607309,-11.473086974809405,0
2025-08-24,348.2,349.5,343.0,343.56,-1.38,94633.0,32680795.7,-1,2025-08-24,354.5501011779389,366.468141580654,-11.918040402715064,0
2025-08-25,343.0,345.0,337.0,344.34,0.23,76387.0,26129868.7,1,2025-08-25,352.2811898050636,364.1388635195325,-11.857673714468888,0
2025-08-26,349.9,349.9,344.0,344.53,0.06,34295.0,11850669.8,-1,2025-08-26,350.5587031817161,362.0747726227396,-11.51606944102349,0
2025-08-27,351.4,352.9,345.2,351.44,2.01,75720.0,26464709.2,1,2025-08-27,350.7545469191125,360.9553228729775,-10.20077595386499,0
2025-08-28,352.0,355.0,350.0,351.32,-0.03,63594.0,22397074.1,-1,2025-08-28,350.88020315930976,359.9410783600325,-9.060875200722762,0
2025-08-31,352.0,353.0,345.0,346.46,-1.38,31039.0,10759272.7,-1,2025-08-31,349.89793579057425,358.5220174800291,-8.62408168945484,0
2025-09-01,353.3,353.3,341.0,350.02,1.03,62119.0,21489767.6,-1,2025-09-01,349.92506117044667,357.62706827160497,-7.702007101158301,0
2025-09-02,357.0,357.0,345.0,345.15,-1.39,45243.0,15760942.6,-1,2025-09-02,348.86393646590295,356.3136926640676,-7.449756198164664,0
2025-09-03,346.5,346.8,344.0,344.79,-0.1,22544.0,7786264.7,-1,2025-09-03,347.95861725125786,355.10067238363945,-7.142055132381586,0
2025-09-04,341.3,345.0,341.3,344.18,-0.18,46045.0,15781524.1,1,2025-09-04,347.1189245287561,353.95112792220374,-6.832203393447628,0
2025-09-07,338.0,344.7,338.0,341.54,-0.77,33752.0,11540652.0,1,2025-09-07,345.87916352236584,352.64469340407703,-6.765529881711188,0
2025-09-08,341.0,342.0,338.5,339.78,-0.52,51679.0,17561190.5,-1,2025-09-08,344.52379385072896,351.2905151510163,-6.766721300287315,0
2025-09-18,333.0,333.0,308.7,314.0,-7.59,7459.0,2375434.6,-1,2025-09-18,337.740728550567,347.36519776669877,-9.624469216131786,0
2025-09-21,310.5,332.4,310.5,331.42,5.55,108087.0,35357788.5,1,2025-09-21,336.33612220599656,345.6867558965199,-9.350633690523352,0
2025-09-23,335.0,338.9,333.0,336.8,1.62,49990.0,16776510.5,1,2025-09-23,336.43920616021956,344.7513079074126,-8.312101747193026,0
2025-09-24,337.0,338.4,331.0,334.0,-0.83,31306.0,10432191.2,-1,2025-09-24,335.89716034683744,343.61959128557965,-7.722430938742207,0
2025-09-25,330.1,336.7,330.1,331.2,-0.84,24603.0,8184953.0,1,2025-09-25,334.85334693642915,342.31226588709757,-7.458918950668419,0
2025-09-28,335.0,337.0,333.0,334.0,0.85,31511.0,10522752.9,-1,2025-09-28,334.66371428388936,341.437290530561,-6.77357624667161,0
2025-10-07,332.0,335.0,326.4,330.2,-1.14,38679.0,12774584.7,-1,2025-10-07,333.67177777635834,340.2544178431335,-6.582640066775184,0
2025-10-08,331.5,331.5,318.0,321.0,-2.79,81048.0,26122021.5,-1,2025-10-08,330.85582715938983,338.22763701754053,-7.371809858150698,0
2025-10-09,327.4,345.0,326.1,328.0,2.18,35932.0,11850764.0,1,2025-10-09,330.2211989017477,337.1510436472731,-6.929844745525429,0
2025-10-12,329.0,329.0,318.0,321.0,-2.13,61096.0,19597769.5,-1,2025-10-12,328.1720435902482,335.45093378966544,-7.278890199417219,0
2025-10-13,327.0,327.0,320.0,322.0,0.31,43486.0,14002986.3,-1,2025-10-13,326.80047834797085,334.0350460223322,-7.234567674361358,0
2025-10-14,322.0,324.5,316.0,316.7,-1.65,36339.0,11579222.9,-1,2025-10-14,324.55592760397735,332.2103043357709,-7.654376731793548,0
2025-10-15,316.0,319.0,315.0,317.0,0.09,28907.0,9155075.2,1,2025-10-15,322.8768325808713,330.60921966884763,-7.732387087976349,0
2025-10-16,319.0,319.0,314.0,314.1,-0.91,33027.0,10410928.7,-1,2025-10-16,320.92642534067767,328.87140707212683,-7.944981731449161,0
2025-10-19,314.0,320.0,313.6,314.1,0.0,18515.0,5851907.9,1,2025-10-19,319.4094419316382,327.31652211716613,-7.907080185527946,0
2025-10-26,312.1,316.0,312.0,316.0,0.6,25544.0,8010771.8,1,2025-10-26,318.65178816905194,326.12530926272757,-7.473521093675629,0
2025-10-28,316.0,327.0,316.0,324.0,2.53,39389.0,12720536.9,1,2025-10-28,319.8402796870404,325.90159249822995,-6.061312811189566,0
2025-10-29,329.7,329.7,317.1,319.0,-1.54,41189.0,13195625.3,-1,2025-10-29,319.6535508676981,325.17510907736363,-5.521558209665557,0
2025-10-30,316.0,323.9,312.0,321.0,0.63,30393.0,9691715.8,1,2025-10-30,319.9527617859874,324.7356239113254,-4.782862125337999,0
2025-11-02,327.4,327.5,320.2,323.9,0.9,68588.0,22212479.3,-1,2025-11-02,320.82992583354576,324.6476634996069,-3.8177376660611344,0
2025-11-03,324.0,330.0,321.2,324.0,0.03,43294.0,14103738.8,0,2025-11-03,321.5343867594245,324.5794883943851,-3.045101634960645,0
2025-11-04,324.0,328.0,320.0,321.0,-0.93,38008.0,12279041.4,-1,2025-11-04,321.415634146219,324.20270014234455,-2.787065996125534,0
2025-11-05,322.0,325.0,319.1,322.5,0.47,28471.0,9159963.8,1,2025-11-05,321.65660433594815,324.0234685484136,-2.3668642124654298,0
2025-11-06,322.0,326.9,320.5,322.0,-0.16,31827.0,10313274.6,0,2025-11-06,321.73291448351523,323.8104718591069,-2.0775573755916525,0
2025-11-09,320.0,320.0,315.0,316.2,-1.8,57077.0,18076491.1,-1,2025-11-09,320.50337793162294,323.0093695581483,-2.505991626525372,0
2025-11-10,316.0,319.9,311.0,315.9,-0.09,46722.0,14658851.6,-1,2025-11-10,319.4804050579289,322.2610148678169,-2.7806098098880057,0
2025-11-11,319.0,319.0,311.5,312.2,-1.17,42493.0,13305285.5,-1,2025-11-11,317.86253726727807,321.20196067120463,-3.33942340392656,0
2025-11-12,312.4,316.4,311.5,311.8,-0.13,31341.0,9803660.5,-1,2025-11-12,316.5153067634385,320.2122806005515,-3.696973837112978,0
2025-11-13,312.0,314.0,308.2,308.9,-0.93,46844.0,14500379.0,-1,2025-11-13,314.82301637156326,319.02151422154606,-4.1984978499828,0
2025-11-16,308.9,312.0,307.2,308.3,-0.19,25022.0,7714727.8,-1,2025-11-16,313.3734571778825,317.8929337771728,-4.519476599290272,0
2025-11-17,308.0,310.0,307.0,307.5,-0.26,43796.0,13479927.8,-1,2025-11-17,312.0682444716864,316.7989407479967,-4.7306962763103115,0
2025-11-18,306.3,309.6,306.3,309.0,0.49,34492.0,10632873.0,1,2025-11-18,311.3864123668672,315.97799961662867,-4.59158724976146,0
2025-11-19,311.9,311.9,305.7,306.9,-0.68,35247.0,10805225.2,-1,2025-11-19,310.3894318408967,315.0224207096151,-4.632988868718428,0
2025-11-20,306.1,307.5,304.5,306.4,-0.16,47593.0,14543739.9,1,2025-11-20,309.5028914318085,314.11479747702407,-4.611906045215562,0
2025-11-23,312.2,312.2,307.0,309.0,0.85,52221.0,16121273.8,-1,2025-11-23,309.3911377802955,313.5763977426005,-4.185259962304997,0
2025-11-24,309.0,316.9,309.0,316.9,2.56,87011.0,27332755.8,1,2025-11-24,311.05977382911874,313.92625061180047,-2.8664767826817297,0
2025-11-25,316.9,320.0,312.1,320.0,0.98,45468.0,14348839.9,1,2025-11-25,313.04649075598127,314.56559265266355,-1.5191018966822867,0
2025-11-26,315.0,335.0,315.0,326.0,1.88,98559.0,31992593.3,1,2025-11-26,315.9250483657632,315.769214478699,0.15583388706420465,1
2025-11-27,328.9,343.1,321.0,334.9,2.73,199986.0,67177851.7,1,2025-11-27,320.14170428448244,317.78298137567805,2.3587229088043955,0
2025-11-30,337.2,340.0,328.0,330.0,-1.46,77227.0,25656482.2,-1,2025-11-30,322.33243666570854,319.068983336133,3.2634533295755546,0
2025-12-01,328.0,330.9,323.4,324.0,-1.82,60641.0,19713415.1,-1,2025-12-01,322.70300629555106,319.58803772180323,3.1149685737478308,0
2025-12-02,322.0,327.0,317.1,326.9,0.9,60134.0,19319826.1,1,2025-12-02,323.63567156320636,320.3577179616134,3.2779536015929693,0
2025-12-03,322.9,328.7,319.5,320.0,-2.11,29618.0,9558331.1,-1,2025-12-03,322.8277445491605,320.3200634393383,2.507681109822215,0
2025-12-07,316.5,321.0,315.0,315.8,-1.31,47682.0,15092782.5,-1,2025-12-07,321.26602353823597,319.844267287829,1.421756250406986,0
2025-12-08,314.0,319.0,314.0,317.0,0.38,27639.0,8756692.3,1,2025-12-08,320.31801830751687,319.5448707312154,0.7731475763014828,0
2025-12-09,321.0,321.0,315.6,316.1,-0.28,26045.0,8252847.2,-1,2025-12-09,319.3806809058465,319.1822527595085,0.19842814633796024,0
2025-12-10,319.9,319.9,315.0,316.2,0.03,34740.0,10996213.3,-1,2025-12-10,318.67386292676946,318.8683314164024,-0.19446848963292496,-1
2025-12-11,316.0,318.5,315.5,316.0,-0.06,28406.0,8994886.4,0,2025-12-11,318.07967116526515,318.5664017936232,-0.48673062835803194,0
2025-12-14,320.0,320.0,315.3,317.0,0.32,47378.0,15001525.9,-1,2025-12-14,317.83974423965066,318.4015173942944,-0.5617731546437312,0
2025-12-15,316.1,330.2,316.0,328.0,3.47,152335.0,49447945.9,1,2025-12-15,320.09757885306163,319.41188398436867,0.6856948686929627,1
2025-12-16,331.9,331.9,323.5,326.0,-0.61,40675.0,13255172.1,-1,2025-12-16,321.40922799682573,320.1053698807509,1.3038581160748208,0
2025-12-17,325.0,327.9,321.0,323.0,-0.92,31340.0,10169995.8,-1,2025-12-17,321.76273288642005,320.4100677880403,1.3526650983797595,0
2025-12-18,322.0,324.0,316.6,317.0,-1.86,64599.0,20569592.5,-1,2025-12-18,320.70434780054893,320.05111328403603,0.6532345165128959,0
2025-12-21,318.0,320.0,315.2,317.0,0.0,26822.0,8519141.3,-1,2025-12-21,319.88115940042695,319.7299434646638,0.15121593576316172,0
2025-12-22,315.2,319.0,310.0,315.4,-0.5,62478.0,19643115.0,1,2025-12-22,318.88534620033204,319.27415994206757,-0.3888137417355324,-1
2025-12-23,312.8,319.0,312.8,318.0,0.82,33536.0,10608584.0,1,2025-12-23,318.68860260025826,319.14003784290253,-0.4514352426442656,0
2025-12-24,319.0,322.9,316.5,321.0,0.94,35797.0,11445368.3,1,2025-12-24,319.20224646686756,319.3358233331233,-0.13357686625573706,0
2025-12-28,324.0,336.0,320.6,335.0,4.36,131308.0,43128391.2,1,2025-12-28,322.7128583631192,320.9846840348998,1.7281743282194384,1
2025-12-29,335.0,335.0,324.0,325.0,-2.99,56073.0,18382999.4,-1,2025-12-29,323.22111206020384,321.4073488733314,1.8137631868724498,0
2025-12-31,327.0,332.0,324.6,327.0,0.62,45656.0,14965752.8,0,2025-12-31,324.0608649357141,321.9960489919281,2.064815943786016,0
2026-01-01,332.9,332.9,322.2,324.8,-0.67,25445.0,8274144.9,-1,2026-01-01,324.2251171722221,322.29120172961984,1.933915442602256,0
2026-01-04,331.2,356.0,331.0,344.0,5.91,634749.0,219417898.3,1,2026-01-04,328.61953557839496,324.5763383896599,4.043197188735064,0
2026-01-05,350.0,355.5,344.2,352.3,2.41,226433.0,79107162.8,1,2026-01-05,333.8818610054183,327.49461855916934,6.3872424462489334,0
2026-01-06,355.0,359.0,351.0,353.1,0.23,147211.0,52224391.8,-1,2026-01-06,338.1525585597698,330.18992186873044,7.962636691039336,0
2026-01-07,354.0,354.0,343.8,343.8,-2.63,135639.0,46927978.8,-1,2026-01-07,339.4075455464876,331.622561672022,7.784983874465581,0
2026-01-08,337.0,349.0,337.0,345.9,0.61,92775.0,32145834.8,1,2026-01-08,340.8503132028237,333.12544991707233,7.724863285751383,0
2026-01-12,346.0,348.9,339.0,339.1,-1.97,63530.0,21718026.4,-1,2026-01-12,340.46135471330734,333.7543499258016,6.707004787505753,0
2026-01-13,332.4,373.0,332.4,338.0,-0.32,142207.0,48110679.2,1,2026-01-13,339.914386999239,334.2012604599277,5.713126539311304,0
2026-01-14,331.3,342.0,331.3,334.2,-1.12,87141.0,29278769.1,1,2026-01-14,338.6445232216303,334.20112777993535,4.443395441694975,0
2026-01-18,339.7,347.0,335.0,339.0,1.44,163190.0,55502172.6,-1,2026-01-18,338.723518061268,334.70627222415266,4.017245837115354,0
2026-01-20,332.5,350.0,332.5,346.0,2.06,141100.0,48859694.4,1,2026-01-20,340.34051404765285,335.89508567424184,4.445428373411005,0
2026-01-21,348.0,348.0,340.0,342.0,-1.16,91181.0,31278407.9,-1,2026-01-21,340.70928870373,336.53770823484797,4.171580468882041,0
2026-01-22,347.9,347.9,337.0,341.9,-0.03,71540.0,24282898.9,-1,2026-01-22,340.9738912140122,337.1021599996008,3.8717312144113976,0
2026-01-25,343.9,355.0,340.0,351.2,2.72,164488.0,57106724.3,1,2026-01-25,343.2463598331206,338.5861431575376,4.660216675583001,0
2026-01-26,356.9,365.0,347.7,356.0,1.37,250861.0,88805399.9,-1,2026-01-26,346.08050209242714,340.41918071990204,5.661321372525094,0
2026-01-27,355.0,362.0,346.0,347.0,-2.53,108099.0,38057967.9,-1,2026-01-27,346.28483496077666,341.11189853885975,5.172936421916916,0
2026-01-28,344.2,350.0,344.0,345.9,-0.32,75584.0,26161201.0,1,2026-01-28,346.1993160806041,341.61590921897977,4.583406861624326,0
2026-01-29,340.0,343.0,337.0,337.3,-2.49,106393.0,36152038.9,-1,2026-01-29,344.2216902849143,341.1616029854029,3.0600872995113946,0
2026-02-01,334.0,338.0,330.5,330.5,-2.02,88265.0,29373917.1,-1,2026-02-01,341.1724257771556,340.03932898693944,1.1330967902161433,0
2026-02-02,330.5,338.0,330.5,334.0,1.06,39025.0,12973459.3,1,2026-02-02,339.57855338223214,339.40361014620896,0.17494323602318218,0
2026-02-03,337.0,337.8,321.5,328.0,-1.8,106817.0,35010819.3,-1,2026-02-03,337.00554151951394,338.20323013081855,-1.1976886113046135,-1
2026-02-04,322.0,332.9,322.0,326.0,-0.61,69033.0,22530574.0,1,2026-02-04,334.5598656262886,336.9186795907324,-2.3588139644437547,0
2026-02-05,327.0,329.9,325.0,327.7,0.52,55997.0,18354187.2,1,2026-02-05,333.0354510426689,335.9482922653921,-2.912841222723216,0
2026-02-08,333.9,333.9,327.3,328.7,0.31,48970.0,16122325.0,-1,2026-02-08,332.07201747763133,335.18531413219296,-3.1132966545616227,0
2026-02-09,328.2,328.2,322.2,323.0,-1.73,114234.0,36994763.0,-1,2026-02-09,330.05601359371326,333.902649486699,-3.8466358929857165,0
2026-02-10,327.9,327.9,320.5,322.0,-0.31,74460.0,23948731.6,-1,2026-02-10,328.26578835066584,332.6497390144149,-4.383950663749033,0
2026-02-11,315.6,328.0,315.6,320.9,-0.34,72607.0,23379514.7,1,2026-02-11,326.6289464949623,331.41292438131853,-4.78397788635624,0
2026-02-12,320.8,330.0,320.1,329.9,2.8,195633.0,64117459.4,1,2026-02-12,327.3558472738596,331.253669183285,-3.8978219094254314,0
2026-02-16,330.0,330.0,324.2,325.9,-1.21,25760.0,8386080.3,-1,2026-02-16,327.03232565744634,330.6901250587287,-3.657799401282375,0
2026-02-17,324.2,330.0,322.0,323.0,-0.89,145521.0,47176032.3,-1,2026-02-17,326.13625328912497,329.8806382104415,-3.7443849213165095,0
2026-02-22,325.0,327.5,320.4,321.0,-0.62,34856.0,11214035.4,-1,2026-02-22,324.99486366931944,328.9458341882897,-3.95097051897028,0
2026-02-23,321.0,324.5,320.0,322.0,0.31,53331.0,17153651.6,1,2026-02-23,324.32933840947067,328.21469374741713,-3.8853553379464643,0
2026-02-24,322.0,326.9,321.0,323.7,0.53,24034.0,7762089.0,1,2026-02-24,324.1894854295883,327.7394628266364,-3.54997739704811,0
2026-02-25,322.0,326.0,322.0,322.3,-0.43,32708.0,10560127.2,1,2026-02-25,323.76959977856865,327.1668877922536,-3.3972880136849426,0
2026-02-26,328.7,328.7,322.8,325.0,0.84,29539.0,9563016.6,-1,2026-02-26,324.04302204999783,326.9387943404374,-2.895772290439595,0
2026-03-01,325.0,329.5,322.0,329.5,1.38,42373.0,13845220.0,1,2026-03-01,325.255683816665,327.20839493618087,-1.9527111195158682,0
2026-03-03,336.0,338.0,327.5,334.9,1.64,55876.0,18709202.9,-1,2026-03-03,327.39886519073946,328.01803757447766,-0.6191723837382028,0
