Published_date,Open,High,Low,Close,Per_change,Traded_quantity,Traded_amount,Status,Date,ema_short,ema_long,ema_diff,ema_cross
2013-07-29,700.0,714.0,700.0,713.0,,12604.0,8939723.0,0,2013-07-29,713.0,713.0,0.0,0
2013-07-30,713.0,739.0,710.0,733.0,2.81,11888.0,8590758.0,0,2013-07-30,717.0,715.1052631578947,1.894736842105317,1
2013-07-31,733.0,743.0,720.0,732.0,-0.14,16045.0,11787525.0,0,2013-07-31,720.0,716.8836565096952,3.1163434903047573,0
2013-08-01,732.0,746.0,722.0,726.0,-0.82,16832.0,12302375.0,0,2013-08-01,721.2,717.8432716139379,3.356728386062173,0
2013-08-04,726.0,730.0,710.0,710.0,-2.2,13593.0,9764636.0,0,2013-08-04,718.96,717.0176640756285,1.9423359243714913,0
2013-08-05,710.0,710.0,690.0,702.0,-1.13,10674.0,7425449.0,0,2013-08-05,715.568,715.4368573308254,0.13114266917455097,0
2013-08-06,702.0,707.0,662.0,700.0,-0.28,10700.0,7376725.0,0,2013-08-06,712.4544,713.8119249802123,-1.3575249802123608,-1
2013-08-07,700.0,707.0,686.0,690.0,-1.43,9805.0,6753569.0,0,2013-08-07,707.96352,711.3054065612426,-3.3418865612426316,0
2013-08-08,690.0,690.0,670.0,670.0,-2.9,21368.0,14503554.0,0,2013-08-08,700.370816,706.9574690284802,-6.586653028480214,0
2013-08-11,670.0,670.0,660.0,663.0,-1.04,6558.0,4354716.0,0,2013-08-11,692.8966528000001,702.3303670254822,-9.433714225482163,0
2013-08-12,663.0,664.0,655.0,657.0,-0.9,5132.0,3383283.0,0,2013-08-12,685.71732224,697.5587494438525,-11.841427203852504,0
2013-08-13,657.0,665.0,650.0,658.0,0.15,4580.0,3018553.0,0,2013-08-13,680.173857792,693.394670555026,-13.220812763025947,0
2013-08-14,658.0,655.0,628.0,628.0,-4.56,10225.0,6616400.0,0,2013-08-14,669.7390862336001,686.5110210229179,-16.77193478931781,0
2013-08-15,628.0,628.0,604.0,614.0,-2.23,10293.0,6374502.0,0,2013-08-15,658.5912689868801,678.8782819678739,-20.287012980993836,0
2013-08-18,614.0,642.0,614.0,638.0,3.91,8933.0,5678281.0,0,2013-08-18,654.4730151895042,674.575304918624,-20.10228972911989,0
2013-08-19,638.0,649.0,632.0,640.0,0.31,4023.0,2567553.0,0,2013-08-19,651.5784121516034,670.9357991377162,-19.35738698611283,0
2013-08-20,640.0,652.0,635.0,647.0,1.09,11568.0,7471614.0,0,2013-08-20,650.6627297212827,668.416241333746,-17.753511612463285,0
2013-08-25,647.0,647.0,638.0,644.0,-0.46,6208.0,3985282.0,0,2013-08-25,649.3301837770261,665.8461106670359,-16.515926890009723,0
2013-08-26,644.0,645.0,628.0,631.0,-2.02,6237.0,3933815.0,0,2013-08-26,645.664147021621,662.1780990178743,-16.51395199625324,0
2013-08-27,631.0,650.0,626.0,640.0,1.43,11433.0,7327615.0,0,2013-08-27,644.5313176172968,659.8435622791507,-15.31224466185381,0
2013-08-29,640.0,645.0,631.0,638.0,-0.31,23136.0,14663564.0,0,2013-08-29,643.2250540938376,657.5442399339769,-14.319185840139312,0
2013-09-01,638.0,638.0,630.0,635.0,-0.47,7678.0,4853161.0,0,2013-09-01,641.5800432750701,655.1711620461899,-13.591118771119795,0
2013-09-02,635.0,641.0,626.0,635.0,0.0,10758.0,6836257.0,0,2013-09-02,640.2640346200561,653.0478818308015,-12.78384721074542,0
2013-09-03,635.0,638.0,629.0,630.0,-0.79,20263.0,12768397.0,0,2013-09-03,638.211227696045,650.6217890065066,-12.410561310461617,0
2013-09-04,630.0,642.0,622.0,625.0,-0.79,3978.0,2486535.0,0,2013-09-04,635.568982156836,647.924758584769,-12.355776427933051,0
2013-09-05,625.0,625.0,621.0,625.0,0.0,4271.0,2663930.0,0,2013-09-05,633.4551857254688,645.5116261021618,-12.05644037669299,0
2013-09-08,625.0,634.0,620.0,621.0,-0.64,21774.0,13534549.0,0,2013-09-08,630.9641485803751,642.9314549335132,-11.967306353138156,0
2013-09-09,621.0,634.0,620.0,633.0,1.93,8818.0,5556509.0,0,2013-09-09,631.3713188643001,641.8860386247223,-10.514719760422281,0
2013-09-10,633.0,638.0,620.0,620.0,-2.05,5479.0,3447803.0,0,2013-09-10,629.0970550914401,639.5822450852779,-10.485189993837821,0
2013-09-11,620.0,625.0,616.0,625.0,0.81,8212.0,5103595.0,0,2013-09-11,628.277644073152,638.0472719184065,-9.76962784525449,0
2013-09-12,625.0,622.0,619.0,622.0,-0.48,1797.0,1114701.0,0,2013-09-12,627.0221152585217,636.3580854006796,-9.335970142157862,0
2013-09-15,622.0,623.0,618.0,618.0,-0.64,4941.0,3066631.0,0,2013-09-15,625.2176922068173,634.4256553585028,-9.207963151685476,0
2013-09-16,618.0,617.0,605.0,615.0,-0.49,3632.0,2224259.0,0,2013-09-16,623.1741537654539,632.3808495312919,-9.206695765838049,0
2013-09-17,615.0,614.0,608.0,611.0,-0.65,6735.0,4118403.0,0,2013-09-17,620.7393230123631,630.1302337911559,-9.390910778792772,0
2013-09-19,611.0,610.0,600.0,610.0,-0.16,5987.0,3602338.0,0,2013-09-19,618.5914584098905,628.0112618131395,-9.419803403249034,0
2013-09-22,598.0,598.0,587.0,594.0,-2.62,2361.0,1399735.0,0,2013-09-22,613.6731667279124,624.4311289907038,-10.757962262791352,0
2013-09-23,594.0,596.0,584.0,596.0,0.34,6184.0,3643762.0,0,2013-09-23,610.13853338233,621.4383785706297,-11.299845188299628,0
2013-09-24,596.0,604.0,597.0,603.0,1.17,5223.0,3139471.0,0,2013-09-24,608.7108267058641,619.4974966158265,-10.786669909962484,0
2013-09-25,603.0,598.0,590.0,598.0,-0.83,3376.0,2008305.0,0,2013-09-25,606.5686613646913,617.2346022352132,-10.665940870521922,0
2013-09-26,598.0,605.0,593.0,594.0,-0.67,2222.0,1322867.0,0,2013-09-26,604.054929091753,614.7888546315065,-10.7339255397535,0
2013-09-29,594.0,594.0,588.0,593.0,-0.17,5097.0,3009815.0,0,2013-09-29,601.8439432734025,612.4952909860848,-10.651347712682309,0
2013-09-30,593.0,590.0,581.0,584.0,-1.52,2382.0,1395864.0,0,2013-09-30,598.275154618722,609.4957866717601,-11.220632053038116,0
2013-10-01,584.0,589.0,581.0,584.0,0.0,3171.0,1856604.0,0,2013-10-01,595.4201236949776,606.8120196536802,-11.391895958702548,0
2013-10-02,584.0,596.0,579.0,595.0,1.88,1017.0,594448.0,0,2013-10-02,595.3360989559822,605.5686491638191,-10.232550207836994,0
2013-10-03,595.0,595.0,584.0,595.0,0.0,2064.0,1215128.0,0,2013-10-03,595.2688791647857,604.456159778154,-9.187280613368216,0
2013-10-06,595.0,607.0,587.0,607.0,2.02,2617.0,1562656.0,0,2013-10-06,597.6151033318287,604.7239324330851,-7.108829101256447,0
2013-10-07,607.0,646.0,599.0,622.0,2.47,431.0,264381.0,0,2013-10-07,602.4920826654629,606.5424658611814,-4.050383195718496,0
2013-10-08,622.0,617.0,605.0,615.0,-1.13,1616.0,987970.0,0,2013-10-08,604.9936661323704,607.432732612636,-2.4390664802655238,0
2013-10-09,615.0,615.0,595.0,615.0,0.0,944.0,575065.0,0,2013-10-09,606.9949329058963,608.2292870744637,-1.2343541685673927,0
2013-10-10,615.0,620.0,603.0,620.0,0.81,2612.0,1609031.0,0,2013-10-10,609.595946324717,609.4683094876781,0.12763683703894912,1
2013-10-17,620.0,647.0,620.0,635.0,2.42,2059.0,1310164.0,0,2013-10-17,614.6767570597736,612.1558558573962,2.520901202377445,0
2013-10-20,635.0,663.0,635.0,660.0,3.94,7738.0,5082452.0,0,2013-10-20,623.741405647819,617.1920815566177,6.5493240912012425,0
2013-10-21,660.0,693.0,652.0,666.0,0.91,9821.0,6676177.0,0,2013-10-21,632.1931245182552,622.329757182237,9.8633673360182,0
2013-10-22,666.0,665.0,645.0,645.0,-3.15,9367.0,6115328.0,0,2013-10-22,634.7544996146041,624.7160985314752,10.038401083128974,0
2013-10-23,645.0,644.0,635.0,640.0,-0.78,3207.0,2053265.0,0,2013-10-23,635.8035996916833,626.3249302650041,9.478669426679176,0
2013-10-24,640.0,641.0,630.0,638.0,-0.31,4392.0,2791280.0,0,2013-10-24,636.2428797533466,627.5538849739511,8.688994779395557,0
2013-10-27,638.0,643.0,610.0,627.0,-1.72,20010.0,12236459.0,0,2013-10-27,634.3943038026773,627.4955812924826,6.898722510194716,0
2013-10-28,627.0,621.0,613.0,620.0,-1.12,4234.0,2613891.0,0,2013-10-28,631.5154430421419,626.7065727353792,4.808870306762742,0
2013-10-29,620.0,640.0,618.0,630.0,1.61,7580.0,4712523.0,0,2013-10-29,631.2123544337135,627.0532492895497,4.159105144163732,0
2013-10-30,630.0,641.0,616.0,641.0,1.75,4278.0,2723268.0,0,2013-10-30,633.1698835469708,628.5213283117024,4.648555235268418,0
2013-10-31,641.0,645.0,622.0,630.0,-1.72,13446.0,8512122.0,0,2013-10-31,632.5359068375767,628.6769779631021,3.8589288744746,0
2013-11-06,630.0,627.0,615.0,627.0,-0.48,1100.0,683804.0,0,2013-11-06,631.4287254700614,628.5004539669861,2.9282715030752797,0
2013-11-07,627.0,655.0,628.0,635.0,1.28,3833.0,2431873.0,0,2013-11-07,632.1429803760491,629.1846167073035,2.958363668745619,0
2013-11-10,635.0,642.0,630.0,630.0,-0.79,5508.0,3496064.0,0,2013-11-10,631.7143843008394,629.2704465275873,2.4439377732520597,0
2013-11-11,630.0,654.0,627.0,654.0,3.81,5107.0,3235670.0,0,2013-11-11,636.1715074406716,631.8735574194202,4.297950021251381,0
2013-11-12,654.0,685.0,650.0,655.0,0.15,6554.0,4324170.0,0,2013-11-12,639.9372059525373,634.3079197963233,5.629286156213993,0
2013-11-13,655.0,667.0,636.0,645.0,-1.53,17494.0,11386938.0,0,2013-11-13,640.9497647620299,635.4334019230262,5.516362839003705,0
2013-11-14,645.0,647.0,639.0,647.0,0.31,6439.0,4139524.0,0,2013-11-14,642.1598118096239,636.6509385627076,5.508873246916323,0
2013-11-21,647.0,708.0,659.0,695.0,7.42,7277.0,4963838.0,0,2013-11-21,652.7278494476991,642.792945029791,9.934904417908115,0
2013-11-24,695.0,764.0,687.0,698.0,0.43,18544.0,13237078.0,0,2013-11-24,661.7822795581593,648.6042139740235,13.178065584135766,0
2013-11-25,698.0,698.0,664.0,668.0,-4.3,9430.0,6404833.0,0,2013-11-25,663.0258236465274,650.6458756609684,12.379947985559056,0
2013-11-26,668.0,685.0,660.0,671.0,0.45,7622.0,5109158.0,0,2013-11-26,664.620658917222,652.788415065077,11.832243852145098,0
2013-11-27,671.0,675.0,651.0,658.0,-1.94,2173.0,1423523.0,0,2013-11-27,663.2965271337777,653.3370029529636,9.959524180814014,0
2013-11-28,658.0,660.0,640.0,651.0,-1.06,7138.0,4639022.0,0,2013-11-28,660.8372217070222,653.0910026421253,7.746219064896877,0
2013-12-01,651.0,662.0,645.0,650.0,-0.15,107794.0,70097312.0,0,2013-12-01,658.6697773656177,652.7656339429542,5.904143422663537,0
2013-12-02,650.0,693.0,650.0,670.0,3.08,31973.0,21288060.0,0,2013-12-02,660.9358218924942,654.5797777384327,6.356044154061578,0
2013-12-03,670.0,695.0,682.0,692.0,3.28,21886.0,15079241.0,0,2013-12-03,667.1486575139954,658.5187485028082,8.629909011187237,0
2013-12-04,692.0,732.0,691.0,715.0,3.32,31863.0,22837826.0,0,2013-12-04,676.7189260111963,664.4641433972495,12.254782613946873,0
2013-12-05,715.0,743.0,706.0,724.0,1.26,60375.0,43795456.0,0,2013-12-05,686.1751408089572,670.7310756712233,15.4440651377339,0
2013-12-08,724.0,726.0,700.0,710.0,-1.93,15956.0,11355767.0,0,2013-12-08,690.9401126471657,674.8646466531998,16.075465993965963,0
2013-12-09,710.0,719.0,705.0,709.0,-0.14,5129.0,3639540.0,0,2013-12-09,694.5520901177326,678.4578417423367,16.094248375395978,0
2013-12-10,709.0,709.0,691.0,700.0,-1.27,7355.0,5151109.0,0,2013-12-10,695.6416720941861,680.7254373484066,14.916234745779548,0
2013-12-11,700.0,720.0,703.0,711.0,1.57,16483.0,11723083.0,0,2013-12-11,698.713337675349,683.9122334169954,14.801104258353575,0
2013-12-12,711.0,724.0,697.0,724.0,1.83,30679.0,21865344.0,0,2013-12-12,703.7706701402792,688.1319983204695,15.638671819809701,0
2013-12-15,724.0,745.0,709.0,742.0,2.49,59921.0,43439980.0,0,2013-12-15,711.4165361122234,693.8023142867359,17.61422182548756,0
2013-12-16,742.0,816.0,756.0,816.0,9.97,36619.0,29625752.0,0,2013-12-16,732.3332288897788,706.6652285723426,25.668000317436167,0
2013-12-18,816.0,897.0,824.0,897.0,9.93,41249.0,36551052.0,0,2013-12-18,765.266583111823,726.7004676699908,38.56611544183227,0
2013-12-19,897.0,900.0,808.0,879.0,-2.01,60364.0,50943220.0,0,2013-12-19,788.0132664894584,742.731997388939,45.28126910051935,0
2013-12-22,875.0,875.0,810.0,836.0,-4.89,52786.0,43670576.0,0,2013-12-22,797.6106131915668,752.5496818743138,45.060931317252994,0
2013-12-23,836.0,825.0,775.0,783.0,-6.34,29079.0,22916284.0,0,2013-12-23,794.6884905532535,755.7549785191229,38.93351203413056,0
2013-12-24,783.0,832.0,764.0,803.0,2.55,24385.0,19329050.0,0,2013-12-24,796.3507924426028,760.7281386750046,35.622653767598194,0
2013-12-26,803.0,860.0,815.0,815.0,1.49,22385.0,18687308.0,0,2013-12-26,800.0806339540823,766.4409661828989,33.639667771183326,0
2013-12-29,815.0,818.0,794.0,815.0,0.0,28367.0,22714024.0,0,2013-12-29,803.0645071632658,771.5524434268043,31.512063736461528,0
2013-12-31,815.0,816.0,799.0,806.0,-1.1,21248.0,17152298.0,0,2013-12-31,803.6516057306128,775.1785020134565,28.473103717156278,0
2014-01-01,806.0,807.0,775.0,786.0,-2.48,15632.0,12348541.0,0,2014-01-01,800.1212845844904,776.3176070646716,23.803677519818734,0
2014-01-02,786.0,810.0,765.0,804.0,2.29,7593.0,6018227.0,0,2014-01-02,800.8970276675923,779.2315431631273,21.665484504464985,0
2014-01-05,804.0,805.0,791.0,795.0,-1.12,16534.0,13180832.0,0,2014-01-05,799.7176221340738,780.8913807249035,18.826241409170393,0
2014-01-06,795.0,796.0,790.0,792.0,-0.38,6700.0,5307085.0,0,2014-01-06,798.1740977072591,782.0607090696504,16.113388637608637,0
2014-01-07,792.0,804.0,790.0,799.0,0.88,6021.0,4796544.0,0,2014-01-07,798.3392781658074,783.8437923254767,14.49548584033073,0
2014-01-08,799.0,805.0,795.0,796.0,-0.38,10346.0,8272575.0,0,2014-01-08,797.871422532646,785.1233931333212,12.748029399324764,0
2014-01-09,796.0,800.0,792.0,799.0,0.38,6608.0,5256372.0,0,2014-01-09,798.0971380261169,786.5840885929715,11.513049433145397,0
2014-01-12,799.0,825.0,800.0,817.0,2.25,18527.0,15105432.0,0,2014-01-12,801.8777104208935,789.7857634779219,12.091946942971617,0
2014-01-13,817.0,835.0,811.0,817.0,0.0,12308.0,10092924.0,0,2014-01-13,804.9021683367149,792.6504199539302,12.25174838278474,0
2014-01-14,817.0,814.0,800.0,814.0,-0.37,3326.0,2695682.0,0,2014-01-14,806.7217346693719,794.897744169306,11.823990500065975,0
2014-01-16,814.0,838.0,815.0,820.0,0.74,9127.0,7507979.0,0,2014-01-16,809.3773877354976,797.5400868883263,11.837300847171264,0
2014-01-19,820.0,825.0,805.0,818.0,-0.24,3190.0,2618603.0,0,2014-01-19,811.1019101883982,799.693761952713,11.40814823568519,0
2014-01-20,818.0,824.0,800.0,800.0,-2.2,6879.0,5575108.0,0,2014-01-20,808.8815281507186,799.7259975366379,9.155530614080703,0
2014-01-21,800.0,806.0,785.0,796.0,-0.5,14635.0,11707858.0,0,2014-01-21,806.305222520575,799.3337872696234,6.971435250951572,0
2014-01-22,796.0,800.0,766.0,790.0,-0.75,20517.0,16008345.0,0,2014-01-22,803.04417801646,798.351283346505,4.692894669954967,0
2014-01-23,790.0,790.0,779.0,787.0,-0.38,4680.0,3679811.0,0,2014-01-23,799.8353424131681,797.156411415294,2.6789309978740903,0
2014-01-26,787.0,800.0,782.0,791.0,0.51,8519.0,6743396.0,0,2014-01-26,798.0682739305346,796.508368108421,1.559905822113592,0
2014-01-27,791.0,800.0,780.0,792.0,0.13,6808.0,5355910.0,0,2014-01-27,796.8546191444277,796.0338030443767,0.8208161000510472,0
2014-01-28,792.0,800.0,777.0,792.0,0.0,13553.0,10714786.0,0,2014-01-28,795.8836953155422,795.6091921976001,0.27450311794211757,0
2014-01-29,792.0,791.0,779.0,781.0,-1.39,10585.0,8295129.0,0,2014-01-29,792.9069562524339,794.0713824925896,-1.1644262401556489,-1
2014-02-02,781.0,789.0,770.0,780.0,-0.13,11892.0,9243302.0,0,2014-02-02,790.3255650019472,792.5901843354749,-2.264619333527662,0
2014-02-03,780.0,779.0,765.0,775.0,-0.64,16812.0,12971006.0,0,2014-02-03,787.2604520015578,790.7385859843722,-3.47813398281437,0
2014-02-04,775.0,779.0,750.0,779.0,0.52,18976.0,14553486.0,0,2014-02-04,785.6083616012463,789.5029453544383,-3.8945837531920233,0
2014-02-06,780.0,785.0,770.0,774.0,-0.64,2658.0,2063286.0,0,2014-02-06,783.286689280997,787.8710563697607,-4.584367088763656,0
2014-02-09,774.0,795.0,771.0,795.0,2.71,7846.0,6118702.0,0,2014-02-09,785.6293514247977,788.6214714887333,-2.9921200639355447,0
2014-02-10,795.0,867.0,800.0,801.0,0.75,12247.0,10064592.0,0,2014-02-10,788.7034811398382,789.9244744899192,-1.2209933500810166,0
2014-02-11,801.0,802.0,786.0,791.0,-1.25,5256.0,4167686.0,0,2014-02-11,789.1627849118706,790.0376877015067,-0.8749027896360531,0
2014-02-12,791.0,806.0,790.0,800.0,1.14,4331.0,3459946.0,0,2014-02-12,791.3302279294966,791.0863521539796,0.2438757755169263,1
2014-02-13,800.0,809.0,799.0,808.0,1.0,5315.0,4267688.0,0,2014-02-13,794.6641823435973,792.8667361377713,1.7974462058259633,0
2014-02-16,808.0,795.0,776.0,780.0,-3.47,3199.0,2502638.0,0,2014-02-16,791.7313458748779,791.5123428601112,0.21900301476671302,0
2014-02-17,780.0,795.0,780.0,785.0,0.64,3027.0,2378866.0,0,2014-02-17,790.3850766999024,790.8268330853626,-0.4417563854602804,-1
2014-02-18,785.0,799.0,782.0,795.0,1.27,1816.0,1439028.0,0,2014-02-18,791.3080613599219,791.2661138132191,0.04194754670277234,1
2014-02-20,795.0,811.0,800.0,804.0,1.13,4581.0,3687966.0,0,2014-02-20,793.8464490879376,792.6065228855119,1.239926202425636,0
2014-02-23,804.0,820.0,800.0,810.0,0.75,6943.0,5621022.0,0,2014-02-23,797.0771592703501,794.4374152133528,2.6397440569973014,0
2014-02-24,810.0,825.0,780.0,786.0,-2.96,11483.0,9183281.0,0,2014-02-24,794.8617274162801,793.5492662435262,1.312461172753956,0
2014-02-25,786.0,800.0,780.0,800.0,1.78,5271.0,4130940.0,0,2014-02-25,795.8893819330242,794.2282908494708,1.6610910835534014,0
2014-02-26,800.0,800.0,780.0,780.0,-2.5,4496.0,3542253.0,0,2014-02-26,792.7115055464194,792.7305760232107,-0.01907047679128482,-1
2014-03-03,780.0,775.0,762.0,770.0,-1.28,2089.0,1600088.0,0,2014-03-03,788.1692044371356,790.3378838102411,-2.168679373105533,0
2014-03-04,770.0,772.0,750.0,770.0,0.0,4838.0,3684132.0,0,2014-03-04,784.5353635497086,788.197053935479,-3.6616903857703846,0
2014-03-05,770.0,785.0,762.0,779.0,1.17,3715.0,2907706.0,0,2014-03-05,783.428290839767,787.2289429949022,-3.8006521551352535,0
2014-03-06,779.0,790.0,760.0,775.0,-0.51,3687.0,2844315.0,0,2014-03-06,781.7426326718137,785.9416858375441,-4.199053165730447,0
2014-03-09,770.0,769.0,751.0,751.0,-3.1,3723.0,2823326.0,0,2014-03-09,775.594106137451,782.2636136441184,-6.669507506667401,0
2014-03-10,751.0,760.0,740.0,750.0,-0.13,7162.0,5338961.0,0,2014-03-10,770.4752849099609,778.8674437868428,-8.392158876881922,0
2014-03-11,750.0,745.0,736.0,738.0,-1.6,2745.0,2035358.0,0,2014-03-11,763.9802279279688,774.565607598754,-10.585379670785187,0
2014-03-12,738.0,741.0,730.0,733.0,-0.68,4187.0,3070072.0,0,2014-03-12,757.7841823423751,770.1902804830956,-12.406098140720587,0
2014-03-13,733.0,750.0,735.0,750.0,2.32,4580.0,3387594.0,0,2014-03-13,756.2273458739,768.0649878006645,-11.83764192676449,0
2014-03-17,750.0,745.0,730.0,730.0,-2.67,4751.0,3494833.0,0,2014-03-17,750.9818766991201,764.058146979542,-13.076270280421909,0
2014-03-18,730.0,740.0,700.0,700.0,-4.11,16038.0,11485073.0,0,2014-03-18,740.7855013592961,757.3151841395902,-16.529682780294138,0
2014-03-19,700.0,729.0,701.0,717.0,2.43,4123.0,2927842.0,0,2014-03-19,736.0284010874368,753.0714805459492,-17.043079458512352,0
2014-03-20,717.0,721.0,710.0,715.0,-0.28,5069.0,3626544.0,0,2014-03-20,731.8227208699494,749.0639562779545,-17.241235408005082,0
2014-03-23,715.0,717.0,710.0,716.0,0.14,4683.0,3335862.0,0,2014-03-23,728.6581766959596,745.5835398276434,-16.925363131683866,0
2014-03-24,716.0,729.0,700.0,721.0,0.7,8026.0,5703350.0,0,2014-03-24,727.1265413567677,742.9957987931546,-15.869257436386874,0
2014-03-25,721.0,720.0,707.0,720.0,-0.14,9221.0,6544592.0,0,2014-03-25,725.7012330854142,740.5751883938751,-14.87395530846095,0
2014-03-26,720.0,731.0,720.0,730.0,1.39,1444.0,1044927.0,0,2014-03-26,726.5609864683314,739.4620106682041,-12.901024199872722,0
2014-03-27,730.0,732.0,715.0,715.0,-2.05,6735.0,4861227.0,0,2014-03-27,724.2487891746651,736.8870621768143,-12.638273002149162,0
2014-03-31,701.0,734.0,702.0,734.0,2.66,1398.0,1005450.0,0,2014-03-31,726.1990313397321,736.5831608950444,-10.38412955531237,0
2014-04-01,734.0,759.0,725.0,745.0,1.5,4735.0,3475586.0,0,2014-04-01,729.9592250717857,737.469143958724,-7.509918886938294,0
2014-04-02,745.0,757.0,730.0,757.0,1.61,10955.0,8063491.0,0,2014-04-02,735.3673800574286,739.5250235420162,-4.157643484587652,0
2014-04-03,757.0,760.0,740.0,740.0,-2.25,2134.0,1608175.0,0,2014-04-03,736.2939040459429,739.5750210639092,-3.2811170179662668,0
2014-04-06,740.0,734.0,723.0,727.0,-1.76,4714.0,3438757.0,0,2014-04-06,734.4351232367543,738.2513346361292,-3.816211399374879,0
2014-04-07,727.0,739.0,720.0,725.0,-0.28,2640.0,1911845.0,0,2014-04-07,732.5480985894035,736.8564573060103,-4.30835871660679,0
2014-04-09,725.0,728.0,716.0,721.0,-0.55,5757.0,4158760.0,0,2014-04-09,730.2384788715228,735.1873565369565,-4.948877665433656,0
2014-04-10,721.0,740.0,715.0,715.0,-0.83,5565.0,4046433.0,0,2014-04-10,727.1907830972183,733.0623716383295,-5.871588541111237,0
2014-04-13,715.0,749.0,718.0,735.0,2.8,6589.0,4845354.0,0,2014-04-13,728.7526264777747,733.2663325185054,-4.5137060407306535,0
2014-04-15,735.0,745.0,736.0,736.0,0.14,2297.0,1700066.0,0,2014-04-15,730.2021011822198,733.5540869902417,-3.3519858080218228,0
2014-04-16,736.0,736.0,720.0,724.0,-1.63,4591.0,3325101.0,0,2014-04-16,728.9616809457759,732.5483936228478,-3.586712677071887,0
2014-04-17,724.0,735.0,717.0,725.0,0.14,4537.0,3279309.0,0,2014-04-17,728.1693447566207,731.7538258730743,-3.584481116453617,0
2014-04-20,725.0,726.0,715.0,723.0,-0.28,5125.0,3689389.0,0,2014-04-20,727.1354758052967,730.8323705180138,-3.696894712717153,0
2014-04-21,723.0,726.0,715.0,723.0,0.0,4316.0,3106616.0,0,2014-04-21,726.3083806442373,730.007910463486,-3.69952981924871,0
2014-04-22,723.0,725.0,716.0,725.0,0.28,5733.0,4135783.0,0,2014-04-22,726.0467045153899,729.4807619936454,-3.434057478255454,0
2014-04-23,725.0,735.0,718.0,730.0,0.69,10248.0,7449686.0,0,2014-04-23,726.837363612312,729.5354186258933,-2.6980550135813246,0
2014-04-27,730.0,736.0,720.0,723.0,-0.96,4846.0,3531500.0,0,2014-04-27,726.0698908898496,728.8474798231676,-2.777588933318043,0
2014-04-28,723.0,725.0,710.0,718.0,-0.69,7193.0,5146756.0,0,2014-04-28,724.4559127118797,727.7056398417816,-3.249727129901885,0
2014-04-29,718.0,728.0,705.0,707.0,-1.53,10800.0,7646758.0,0,2014-04-29,720.9647301695038,725.5260988058046,-4.561368636300813,0
2014-04-30,707.0,719.0,707.0,713.0,0.85,6400.0,4547989.0,0,2014-04-30,719.3717841356031,724.2075620894042,-4.8357779538010845,0
2014-05-04,713.0,715.0,707.0,708.0,-0.7,10809.0,7670236.0,0,2014-05-04,717.0974273084826,722.5015029220984,-5.404075613615873,0
2014-05-05,708.0,750.0,705.0,750.0,5.93,14100.0,10289492.0,0,2014-05-05,723.6779418467861,725.3960815618775,-1.7181397150914108,0
2014-05-06,750.0,783.0,747.0,768.0,2.4,18763.0,14251966.0,0,2014-05-06,732.542353477429,729.8807045553641,2.661648922064842,1
2014-05-07,768.0,782.0,753.0,755.0,-1.69,12773.0,9833114.0,0,2014-05-07,737.0338827819431,732.5248409179574,4.509041863985772,0
2014-05-08,755.0,758.0,735.0,752.0,-0.4,1781.0,1322078.0,0,2014-05-08,740.0271062255545,734.5748576634355,5.452248562118939,0
2014-05-11,752.0,745.0,727.0,745.0,-0.93,11597.0,8518616.0,0,2014-05-11,741.0216849804436,735.6722410672844,5.349443913159234,0
2014-05-12,745.0,746.0,731.0,740.0,-0.67,7125.0,5272150.0,0,2014-05-12,740.8173479843549,736.1277946391492,4.689553345205695,0
2014-05-13,740.0,785.0,750.0,761.0,2.84,17364.0,13140139.0,0,2014-05-13,744.853878387484,738.7459215192388,6.107956868245196,0
2014-05-15,761.0,767.0,748.0,759.0,-0.26,11616.0,8824029.0,0,2014-05-15,747.6831027099872,740.8779297803715,6.805172929615765,0
2014-05-15,761.0,767.0,748.0,759.0,0.0,11616.0,8824029.0,0,2014-05-15,749.9464821679899,742.7855161192797,7.160966048710179,0
2014-05-18,759.0,765.0,750.0,761.0,0.26,5565.0,4204304.0,0,2014-05-18,752.157185734392,744.702830211987,7.454355522404967,0
2014-05-19,761.0,756.0,740.0,741.0,-2.63,7628.0,5702809.0,0,2014-05-19,749.9257485875137,744.3130586107252,5.612689976788488,0
2014-05-20,741.0,749.0,730.0,735.0,-0.81,7285.0,5379987.0,0,2014-05-20,746.940598870011,743.3327366517015,3.607862218309492,0
2014-05-21,735.0,754.0,739.0,754.0,2.59,3031.0,2256209.0,0,2014-05-21,748.3524790960089,744.4556064778382,3.8968726181707325,0
2014-05-22,754.0,758.0,750.0,755.0,0.13,2592.0,1947141.0,0,2014-05-22,749.6819832768072,745.5655426380657,4.116440638741437,0
2014-05-25,755.0,759.0,750.0,752.0,-0.4,5524.0,4164546.0,0,2014-05-25,750.1455866214458,746.2428539393219,3.902732682123883,0
2014-05-26,752.0,756.0,742.0,745.0,-0.93,2733.0,2045182.0,0,2014-05-26,749.1164692971566,746.112027208867,3.004442088289693,0
2014-05-27,745.0,748.0,734.0,740.0,-0.67,7178.0,5311762.0,0,2014-05-27,747.2931754377254,745.468655923723,1.824519514002418,0
2014-05-28,740.0,750.0,731.0,743.0,0.41,9179.0,6811889.0,0,2014-05-28,746.4345403501803,745.2087974054364,1.2257429447439563,0
2014-06-01,743.0,774.0,736.0,768.0,3.36,13720.0,10503435.0,0,2014-06-01,750.7476322801443,747.6078713627589,3.139760917385388,0
2014-06-02,768.0,800.0,768.0,782.0,1.82,15161.0,11808592.0,0,2014-06-02,756.9981058241154,751.2280954298369,5.770010394278529,0
2014-06-03,782.0,817.0,787.0,790.0,1.02,15492.0,12370667.0,0,2014-06-03,763.5984846592924,755.3093485424856,8.28913611680673,0
2014-06-04,790.0,802.0,783.0,790.0,0.0,13781.0,10943501.0,0,2014-06-04,768.8787877274339,758.9609960643293,9.917791663104595,0
2014-06-05,790.0,803.0,770.0,797.0,0.89,12192.0,9641925.0,0,2014-06-05,774.5030301819471,762.9651017417682,11.537928440178916,0
2014-06-08,797.0,819.0,782.0,815.0,2.26,10745.0,8702170.0,0,2014-06-08,782.6024241455577,768.4424594531611,14.15996469239667,0
2014-06-09,815.0,830.0,790.0,820.0,0.61,12221.0,10010128.0,0,2014-06-09,790.0819393164462,773.8695689844072,16.212370332038972,0
2014-06-10,820.0,832.0,784.0,823.0,0.37,16308.0,13309693.0,0,2014-06-10,796.665551453157,779.0411933018381,17.624358151318916,0
2014-06-11,823.0,852.0,820.0,844.0,2.55,20869.0,17477704.0,0,2014-06-11,806.1324411625258,785.8789624279605,20.253478734565306,0
2014-06-12,844.0,850.0,834.0,843.0,-0.12,18238.0,15379828.0,0,2014-06-12,813.5059529300207,791.8917032250172,21.614249705003544,0
2014-06-15,843.0,895.0,845.0,890.0,5.58,20485.0,17882124.0,0,2014-06-15,828.8047623440166,802.218892359226,26.585869984790634,0
2014-06-16,890.0,916.0,882.0,900.0,1.12,25640.0,23144072.0,0,2014-06-16,843.0438098752134,812.511640531939,30.532169343274404,0
2014-06-17,900.0,912.0,871.0,898.0,-0.22,28669.0,25734606.0,0,2014-06-17,854.0350479001708,821.5104152127874,32.52463268738336,0
2014-06-17,900.0,912.0,871.0,898.0,0.0,28669.0,25734606.0,0,2014-06-17,862.8280383201367,829.5619504535466,33.266087866590055,0
2014-06-18,898.0,904.0,880.0,887.0,-1.22,13840.0,12372724.0,0,2014-06-18,867.6624306561093,835.6080609321207,32.05436972398866,0
2014-06-19,887.0,890.0,860.0,871.0,-1.8,14307.0,12462417.0,0,2014-06-19,868.3299445248875,839.3335282024238,28.996416322463688,0
2014-06-23,871.0,880.0,853.0,870.0,-0.11,7306.0,6306790.0,0,2014-06-23,868.6639556199101,842.5615778653266,26.102377754583472,0
2014-06-24,870.0,880.0,859.0,870.0,0.0,10860.0,9447955.0,0,2014-06-24,868.9311644959281,845.4498328268712,23.481331669056885,0
2014-06-25,870.0,882.0,866.0,877.0,0.8,9500.0,8344534.0,0,2014-06-25,870.5449315967425,848.7709030556216,21.774028541120856,0
2014-06-26,877.0,885.0,868.0,872.0,-0.57,6923.0,6051145.0,0,2014-06-26,870.835945277394,851.2160711550299,19.61987412236408,0
2014-06-29,872.0,895.0,880.0,890.0,2.06,12909.0,11445287.0,0,2014-06-29,874.6687562219153,855.2985899808161,19.370166241099128,0
2014-06-30,890.0,890.0,870.0,886.0,-0.45,7923.0,7006430.0,0,2014-06-30,876.9350049775323,858.5303173512566,18.404687626275745,0
2014-07-01,886.0,893.0,880.0,884.0,-0.23,9541.0,8464908.0,0,2014-07-01,878.3480039820258,861.2113365774402,17.136667404585637,0
2014-07-02,884.0,895.0,885.0,889.0,0.57,7558.0,6719664.0,0,2014-07-02,880.4784031856207,864.1364590429728,16.34194414264789,0
2014-07-03,889.0,893.0,880.0,885.0,-0.45,16605.0,14717298.0,0,2014-07-03,881.3827225484965,866.3326212489757,15.050101299520861,0
2014-07-06,885.0,890.0,870.0,890.0,0.56,18115.0,15994805.0,0,2014-07-06,883.1061780387972,868.8239242753993,14.282253763397875,0
2014-07-07,890.0,928.0,885.0,915.0,2.81,7383.0,6672454.0,0,2014-07-07,889.4849424310378,873.6845638253573,15.800378605680521,0
2014-07-08,915.0,945.0,910.0,930.0,1.64,18850.0,17558374.0,0,2014-07-08,897.5879539448302,879.6125044753196,17.975449469510636,0
2014-07-09,930.0,955.0,912.0,955.0,2.69,5121.0,4750083.0,0,2014-07-09,909.0703631558642,887.5480303200228,21.52233283584144,0
2014-07-10,955.0,988.0,920.0,988.0,3.46,24045.0,22906604.0,0,2014-07-10,924.8562905246914,898.1219218652835,26.73436865940789,0
2014-07-13,988.0,1029.0,976.0,991.0,0.3,28002.0,27785160.0,0,2014-07-13,938.0850324197532,907.8985616689379,30.186470750815374,0
2014-07-14,991.0,1000.0,965.0,980.0,-1.11,3750.0,3657649.0,0,2014-07-14,946.4680259358026,915.488186756418,30.979839179384612,0
2014-07-15,980.0,988.0,963.0,979.0,-0.1,7551.0,7317705.0,0,2014-07-15,952.9744207486422,922.1736407820583,30.800779966583832,0
2014-07-16,979.0,990.0,968.0,970.0,-0.92,7162.0,6979640.0,0,2014-07-16,956.3795365989138,927.2079943839469,29.17154221496685,0
2014-07-17,970.0,989.0,960.0,973.0,0.31,13097.0,12755747.0,0,2014-07-17,959.7036292791311,932.0282055014262,27.67542377770485,0
2014-07-20,973.0,1010.0,973.0,985.0,1.23,14869.0,14668210.0,0,2014-07-20,964.7629034233049,937.6041838696972,27.15871955360774,0
2014-07-21,985.0,1005.0,970.0,982.0,-0.3,21108.0,20885260.0,0,2014-07-21,968.210322738644,942.2774276728869,25.932895065757066,0
2014-07-22,982.0,982.0,965.0,970.0,-1.22,21987.0,21320306.0,0,2014-07-22,968.5682581909152,945.195593181004,23.372665009911202,0
2014-07-23,970.0,985.0,960.0,980.0,1.03,18748.0,18132412.0,0,2014-07-23,970.8546065527322,948.8592149514246,21.995391601307574,0
2014-07-24,980.0,980.0,951.0,966.0,-1.43,13607.0,13163756.0,0,2014-07-24,969.8836852421858,950.6635081144325,19.220177127753345,0
2014-07-27,966.0,985.0,950.0,960.0,-0.62,10803.0,10411749.0,0,2014-07-27,967.9069481937487,951.646296733966,16.260651459782707,0
2014-07-28,960.0,972.0,941.0,970.0,1.04,4356.0,4180139.0,0,2014-07-28,968.325558554999,953.5782654988117,14.747293056187345,0
2014-07-30,970.0,969.0,950.0,950.0,-2.06,18498.0,17665960.0,0,2014-07-30,964.6604468439992,953.201605972621,11.458840871378243,0
2014-07-31,950.0,959.0,941.0,950.0,0.0,6282.0,5974882.0,0,2014-07-31,961.7283574751995,952.8645948176082,8.863762657591224,0
2014-08-03,950.0,945.0,926.0,931.0,-2.0,9122.0,8536242.0,0,2014-08-03,955.5826859801597,950.5630585210179,5.019627459141816,0
2014-08-04,931.0,940.0,910.0,920.0,-1.18,10581.0,9745463.0,0,2014-08-04,948.4661487841278,947.345894466174,1.1202543179538225,0
2014-08-05,920.0,953.0,910.0,917.0,-0.33,10004.0,9236962.0,0,2014-08-05,942.1729190273022,944.151589785524,-1.9786707582218241,-1
2014-08-06,917.0,925.0,902.0,915.0,-0.22,14679.0,13456833.0,0,2014-08-06,936.7383352218418,941.0830013870478,-4.344666165206036,0
2014-08-07,915.0,915.0,876.0,902.0,-1.42,6474.0,5814130.0,0,2014-08-07,929.7906681774734,936.9690012410427,-7.178333063569312,0
2014-08-12,902.0,920.0,867.0,867.0,-3.88,9882.0,8709487.0,0,2014-08-12,917.2325345419788,929.6038432156698,-12.371308673691033,0
2014-08-13,867.0,896.0,850.0,870.0,0.35,15066.0,13080693.0,0,2014-08-13,907.7860276335831,923.3297544561257,-15.543726822542567,0
2014-08-14,870.0,897.0,860.0,885.0,1.72,8530.0,7506538.0,0,2014-08-14,903.2288221068666,919.295043460744,-16.06622135387738,0
2014-08-18,885.0,897.0,850.0,855.0,-3.39,13653.0,11708252.0,0,2014-08-18,893.5830576854933,912.5271441490867,-18.944086463593408,0
2014-08-19,855.0,875.0,850.0,855.0,0.0,16533.0,14196639.0,0,2014-08-19,885.8664461483946,906.4716552912881,-20.6052091428935,0
2014-08-20,855.0,861.0,844.0,855.0,0.0,17040.0,14487636.0,0,2014-08-20,879.6931569187158,901.0535863132578,-21.360429394542052,0
2014-08-21,855.0,873.0,824.0,862.0,0.82,14341.0,12134831.0,0,2014-08-21,876.1545255349727,896.9426824908096,-20.78815695583694,0
2014-08-24,862.0,885.0,851.0,852.0,-1.16,6618.0,5705600.0,0,2014-08-24,871.3236204279782,892.2118738075665,-20.888253379588264,0
2014-08-25,852.0,835.0,805.0,826.0,-3.05,7886.0,6464565.0,0,2014-08-25,862.2588963423826,885.2422028804542,-22.983306538071588,0
2014-08-26,826.0,850.0,799.0,804.0,-2.66,6882.0,5620727.0,0,2014-08-26,850.6071170739062,876.6903920509327,-26.083274977026463,0
2014-08-27,804.0,850.0,820.0,835.0,3.86,5452.0,4585466.0,0,2014-08-27,847.485693659125,872.3019297297819,-24.81623607065694,0
2014-08-28,835.0,833.0,801.0,808.0,-3.23,11683.0,9545451.0,0,2014-08-28,839.5885549273,865.5333055476997,-25.944750620399645,0
2014-08-31,808.0,815.0,800.0,801.0,-0.87,15221.0,12241264.0,0,2014-08-31,831.8708439418401,858.7403260163628,-26.869482074522693,0
2014-09-01,801.0,800.0,771.0,800.0,-0.12,11838.0,9234632.0,0,2014-09-01,825.4966751534721,852.5571338041141,-27.060458650641976,0
2014-09-03,800.0,804.0,784.0,789.0,-1.38,10122.0,8016896.0,0,2014-09-03,818.1973401227776,845.8669091931547,-27.669569070377065,0
2014-09-04,789.0,790.0,762.0,762.0,-3.42,11354.0,8732943.0,0,2014-09-04,806.9578720982221,837.0388134886122,-30.08094139039008,0
2014-09-07,762.0,777.0,698.0,726.0,-4.72,11533.0,8378008.0,0,2014-09-07,790.7662976785778,825.3505173319162,-34.58421965333844,0
2014-09-09,726.0,762.0,735.0,740.0,1.93,15532.0,11525543.0,0,2014-09-09,780.6130381428623,816.3662523496093,-35.75321420674709,0
2014-09-10,740.0,785.0,745.0,765.0,3.38,29699.0,22598636.0,0,2014-09-10,777.4904305142899,810.9592784180714,-33.46884790378158,0
2014-09-11,765.0,785.0,730.0,770.0,0.65,7548.0,5614708.0,0,2014-09-11,775.992344411432,806.6477754266955,-30.655431015263503,0
2014-09-14,770.0,789.0,755.0,765.0,-0.65,5274.0,4009537.0,0,2014-09-14,773.7938755291457,802.2637990659906,-28.46992353684493,0
2014-09-15,765.0,765.0,750.0,756.0,-1.18,8391.0,6328025.0,0,2014-09-15,770.2351004233167,797.3939254800969,-27.158825056780188,0
2014-09-16,756.0,805.0,745.0,800.0,5.82,10742.0,8162198.0,0,2014-09-16,776.1880803386534,797.6682491137709,-21.480168775117477,0
2014-09-17,800.0,816.0,776.0,780.0,-2.5,8051.0,6338291.0,0,2014-09-17,776.9504642709228,795.8084334175844,-18.857969146661617,0
2014-09-18,780.0,795.0,751.0,775.0,-0.64,10668.0,8234773.0,0,2014-09-18,776.5603714167382,793.6180720052071,-17.057700588468833,0
2014-09-21,775.0,775.0,725.0,742.0,-4.26,4959.0,3671161.0,0,2014-09-21,769.6482971333907,788.184590741501,-18.536293608110327,0
2014-09-22,742.0,750.0,738.0,746.0,0.54,7252.0,5385625.0,0,2014-09-22,764.9186377067126,783.7441075055535,-18.825469798840913,0
2014-09-23,746.0,760.0,740.0,758.0,1.61,4551.0,3422032.0,0,2014-09-23,763.5349101653701,781.0342014523374,-17.499291286967264,0
2014-09-24,758.0,770.0,752.0,770.0,1.58,2210.0,1685608.0,0,2014-09-24,764.827928132296,779.8727065626176,-15.044778430321571,0
2014-09-28,770.0,785.0,770.0,785.0,1.95,2375.0,1844049.0,0,2014-09-28,768.8623425058369,780.4124216612895,-11.550079155452636,0
2014-09-29,785.0,794.0,779.0,794.0,1.15,2230.0,1749508.0,0,2014-09-29,773.8898740046695,781.8426930653643,-7.952819060694765,0
2014-09-30,794.0,800.0,790.0,800.0,0.76,7302.0,5791136.0,0,2014-09-30,779.1118992037357,783.753988532168,-4.642089328432348,0
2014-10-08,800.0,790.0,780.0,780.0,-2.5,171.0,134940.0,0,2014-10-08,779.2895193629886,783.3588318445713,-4.069312481582756,0
2014-10-09,780.0,780.0,749.0,760.0,-2.56,4037.0,3038070.0,0,2014-10-09,775.4316154903909,780.9000074398796,-5.468391949488705,0
2014-10-12,760.0,790.0,753.0,754.0,-0.79,2651.0,2028543.0,0,2014-10-12,771.1452923923127,778.0684277093659,-6.923135317053152,0
2014-10-13,754.0,761.0,750.0,755.0,0.13,3074.0,2316425.0,0,2014-10-13,767.9162339138502,775.6401721610116,-7.7239382471614135,0
2014-10-14,755.0,795.0,745.0,771.0,2.12,3114.0,2392400.0,0,2014-10-14,768.5329871310802,775.1517329861682,-6.6187458550880365,0
2014-10-15,771.0,795.0,765.0,790.0,2.46,2149.0,1672078.0,0,2014-10-15,772.8263897048641,776.7147084613084,-3.888318756444278,0
2014-10-16,790.0,809.0,780.0,791.0,0.13,5604.0,4494496.0,0,2014-10-16,776.4611117638914,778.2184233601181,-1.7573115962267138,0
2014-10-19,791.0,789.0,770.0,789.0,-0.25,1990.0,1556192.0,0,2014-10-19,778.9688894111132,779.3533261643162,-0.38443675320297643,0
2014-10-20,789.0,793.0,772.0,785.0,-0.51,2700.0,2112090.0,0,2014-10-20,780.1751115288906,779.9477128838619,0.22739864502875662,1
2014-10-21,785.0,790.0,772.0,773.0,-1.53,3051.0,2368888.0,0,2014-10-21,778.7400892231126,779.2163746855606,-0.4762854624480042,-1
2014-10-22,773.0,800.0,766.0,785.0,1.55,757.0,587036.0,0,2014-10-22,779.9920713784901,779.8251773502385,0.1668940282515905,1
2014-10-26,785.0,802.0,755.0,788.0,0.38,1188.0,928535.0,0,2014-10-26,781.5936571027921,780.6856849975818,0.9079721052103196,0
2014-10-27,788.0,805.0,790.0,800.0,1.52,5518.0,4404077.0,0,2014-10-27,785.2749256822337,782.7187707873101,2.5561548949236794,0
2014-10-28,800.0,835.0,787.0,822.0,2.75,31016.0,25259408.0,0,2014-10-28,792.619940545787,786.8536370202247,5.766303525562307,0
2014-10-30,822.0,830.0,797.0,801.0,-2.55,16470.0,13243231.0,0,2014-10-30,794.2959524366297,788.342727860201,5.953224576428738,0
2014-11-02,801.0,812.0,795.0,800.0,-0.12,12098.0,9670659.0,0,2014-11-02,795.4367619493038,789.5698091380746,5.8669528112292255,0
2014-11-03,800.0,795.0,777.0,778.0,-2.75,3461.0,2710208.0,0,2014-11-03,791.9494095594431,788.3519344919614,3.597475067481696,0
2014-11-04,778.0,793.0,752.0,793.0,1.93,4259.0,3266471.0,0,2014-11-04,792.1595276475546,788.8412045454392,3.3183231021154143,0
2014-11-05,793.0,799.0,775.0,791.0,-0.25,3897.0,3071314.0,0,2014-11-05,791.9276221180437,789.0684461722351,2.8591759458086017,0
2014-11-06,791.0,790.0,778.0,785.0,-0.76,574.0,449470.0,0,2014-11-06,790.542097694435,788.6401886804209,1.9019090140141088,0
2014-11-09,785.0,770.0,751.0,760.0,-3.18,5471.0,4172797.0,0,2014-11-09,784.433678155548,785.6254319772187,-1.191753821670659,-1
2014-11-10,760.0,758.0,746.0,750.0,-1.32,2099.0,1578250.0,0,2014-11-10,777.5469425244385,781.8753865059325,-4.328443981494047,0
2014-11-11,750.0,770.0,745.0,760.0,1.33,5841.0,4404314.0,0,2014-11-11,774.0375540195508,779.5727142421501,-5.535160222599302,0
2014-11-12,760.0,770.0,750.0,753.0,-0.92,5258.0,3967763.0,0,2014-11-12,769.8300432156408,776.775586427187,-6.945543211546237,0
2014-11-13,753.0,759.0,738.0,749.0,-0.53,3078.0,2313713.0,0,2014-11-13,765.6640345725127,773.8518404874832,-8.187805914970454,0
2014-11-16,749.0,760.0,718.0,720.0,-3.87,5541.0,4032303.0,0,2014-11-16,756.5312276580102,768.1832256993271,-11.651998041316915,0
2014-11-17,720.0,730.0,709.0,725.0,0.69,8484.0,6063176.0,0,2014-11-17,750.2249821264081,763.6376229941347,-13.412640867726623,0
2014-11-18,725.0,715.0,683.0,710.0,-2.07,9909.0,6939285.0,0,2014-11-18,742.1799857011265,757.9915574158048,-15.81157171467828,0
2014-11-19,710.0,724.0,700.0,715.0,0.7,8967.0,6320823.0,0,2014-11-19,736.7439885609012,753.4661303194043,-16.722141758503085,0
2014-11-20,715.0,736.0,710.0,722.0,0.98,2463.0,1788574.0,0,2014-11-20,733.795190848721,750.1539060752565,-16.358715226535537,0
2014-11-23,722.0,752.0,720.0,720.0,-0.28,6959.0,5157314.0,0,2014-11-23,731.0361526789768,746.9798106989138,-15.943658019936947,0
2014-11-24,720.0,731.0,719.0,726.0,0.83,7170.0,5173112.0,0,2014-11-24,730.0289221431815,744.7714095727123,-14.742487429530797,0
2014-11-25,726.0,737.0,717.0,737.0,1.52,6944.0,5051467.0,0,2014-11-25,731.4231377145452,743.9533664597952,-12.530228745250042,0
2014-11-30,737.0,735.0,727.0,730.0,-0.95,2124.0,1552271.0,0,2014-11-30,731.1385101716362,742.4845910429747,-11.346080871338472,0
2014-12-01,730.0,727.0,718.0,721.0,-1.23,3984.0,2875728.0,0,2014-12-01,729.110808137309,740.2230551437142,-11.112247006405141,0
2014-12-02,721.0,720.0,709.0,719.0,-0.28,6416.0,4584565.0,0,2014-12-02,727.0886465098472,737.9890493391126,-10.900402829265431,0
2014-12-03,719.0,745.0,720.0,724.0,0.7,13213.0,9600910.0,0,2014-12-03,726.4709172078778,736.5165178297324,-10.045600621854533,0
2014-12-04,724.0,749.0,725.0,735.0,1.52,13692.0,10019621.0,0,2014-12-04,728.1767337663023,736.3568843739711,-8.180150607668793,0
2014-12-07,735.0,741.0,731.0,738.0,0.41,4572.0,3376691.0,0,2014-12-07,730.1413870130418,736.5298439135531,-6.388456900511301,0
2014-12-08,738.0,745.0,726.0,745.0,0.95,7065.0,5215309.0,0,2014-12-08,733.1131096104335,737.4214392910739,-4.308329680640327,0
2014-12-09,745.0,745.0,731.0,742.0,-0.4,4383.0,3239383.0,0,2014-12-09,734.8904876883469,737.9033930499081,-3.012905361561252,0
2014-12-10,742.0,764.0,743.0,754.0,1.62,5813.0,4356519.0,0,2014-12-10,738.7123901506775,739.5977727288652,-0.8853825781876594,0
2014-12-11,754.0,759.0,745.0,759.0,0.66,16410.0,12330551.0,0,2014-12-11,742.7699121205421,741.6401124416161,1.1297996789260196,1
2014-12-14,759.0,800.0,761.0,800.0,5.4,35238.0,27259994.0,0,2014-12-14,754.2159296964337,747.7832585003933,6.43267119604036,0
2014-12-15,696.0,723.0,675.0,706.0,-11.75,3850.0,2663968.0,0,2014-12-15,744.572743757147,743.3850207635098,1.1877229936371805,0
2014-12-16,706.0,714.0,690.0,694.0,-1.7,1348.0,938892.0,0,2014-12-16,734.4581950057177,738.1865975252457,-3.7284025195280037,-1
2014-12-17,694.0,695.0,685.0,685.0,-1.3,380.0,262100.0,0,2014-12-17,724.5665560045742,732.5880083120619,-8.02145230748772,0
2014-12-18,685.0,685.0,675.0,675.0,-1.46,1066.0,726215.0,0,2014-12-18,714.6532448036594,726.5261127002659,-11.872867896606522,0
2014-12-21,675.0,663.0,652.0,652.0,-3.41,1436.0,948243.0,0,2014-12-21,702.1225958429275,718.6812587318169,-16.558662888889444,0
2014-12-22,652.0,658.0,640.0,653.0,0.15,1817.0,1169793.0,0,2014-12-22,692.298076674342,711.7674420232046,-19.46936534886254,0
2014-12-23,653.0,660.0,636.0,649.0,-0.61,3698.0,2371742.0,0,2014-12-23,683.6384613394737,705.1603428628672,-21.521881523393517,0
2014-12-24,649.0,655.0,650.0,655.0,0.92,1488.0,974240.0,0,2014-12-24,677.910769071579,699.880306772039,-21.969537700460023,0
2014-12-28,655.0,685.0,668.0,675.0,3.05,3101.0,2111308.0,0,2014-12-28,677.3286152572632,697.2613271118245,-19.932711854561262,0
2014-12-28,655.0,685.0,668.0,675.0,0.0,3101.0,2111308.0,0,2014-12-28,676.8628922058106,694.9180295211062,-18.05513731529561,0
2014-12-29,675.0,695.0,662.0,695.0,2.96,1235.0,829759.0,0,2014-12-29,680.4903137646485,694.9266579925687,-14.436344227920245,0
2015-01-01,695.0,682.0,658.0,658.0,-5.32,42.0,27986.0,0,2015-01-01,675.9922510117188,691.039641361772,-15.047390350053206,0
2015-01-04,658.0,675.0,656.0,670.0,1.82,9163.0,6144210.0,0,2015-01-04,674.793800809375,688.8249422710592,-14.031141461684115,0
2015-01-05,670.0,685.0,666.0,667.0,-0.45,7320.0,4907849.0,0,2015-01-05,673.2350406475,686.5275799267372,-13.29253927923719,0
2015-01-06,667.0,670.0,661.0,661.0,-0.9,4534.0,3009263.0,0,2015-01-06,670.788032518,683.8404662502385,-13.052433732238455,0
2015-01-07,661.0,668.0,650.0,658.0,-0.45,7487.0,4951675.0,0,2015-01-07,668.2304260144001,681.120417171266,-12.889991156865904,0
2015-01-08,658.0,680.0,660.0,670.0,1.82,4341.0,2900681.0,0,2015-01-08,668.5843408115201,679.9498469427117,-11.365506131191637,0
2015-01-11,670.0,682.0,661.0,661.0,-1.34,3460.0,2307543.0,0,2015-01-11,667.0674726492161,677.9551262118999,-10.887653562683795,0
2015-01-12,661.0,665.0,655.0,658.0,-0.45,1816.0,1195484.0,0,2015-01-12,665.253978119373,675.8545866106474,-10.600608491274443,0
2015-01-13,658.0,666.0,650.0,665.0,1.06,4640.0,3049837.0,0,2015-01-13,665.2031824954984,674.7119985463687,-9.508816050870337,0
2015-01-14,665.0,666.0,658.0,666.0,0.15,3124.0,2066192.0,0,2015-01-14,665.3625459963988,673.7949460678035,-8.432400071404686,0
2015-01-18,666.0,679.0,660.0,665.0,-0.15,5442.0,3613798.0,0,2015-01-18,665.2900367971191,672.8691622711926,-7.579125474073521,0
2015-01-19,665.0,730.0,677.0,710.0,6.77,9674.0,6820227.0,0,2015-01-19,674.2320294376954,676.7776715058039,-2.5456420681085774,0
2015-01-20,710.0,700.0,683.0,685.0,-3.52,3397.0,2348072.0,0,2015-01-20,676.3856235501563,677.6431797683508,-1.2575562181945088,0
2015-01-22,685.0,682.0,667.0,675.0,-1.46,1028.0,696358.0,0,2015-01-22,676.1084988401251,677.3649503190508,-1.256451478925669,0
2015-01-25,675.0,690.0,670.0,690.0,2.22,2568.0,1736973.0,0,2015-01-25,678.8867990721001,678.6949555486244,0.19184352347565437,1
2015-01-26,690.0,703.0,682.0,686.0,-0.58,6468.0,4449719.0,0,2015-01-26,680.3094392576801,679.4639075961377,0.8455316615423953,0
2015-01-27,686.0,693.0,680.0,692.0,0.87,1684.0,1163549.0,0,2015-01-27,682.6475514061441,680.7834962702285,1.864055135915578,0
2015-01-28,692.0,705.0,692.0,701.0,1.3,3692.0,2577449.0,0,2015-01-28,686.3180411249153,682.911549294415,3.4064918305003857,0
2015-01-29,701.0,714.0,690.0,700.0,-0.14,9166.0,6430094.0,0,2015-01-29,689.0544328999323,684.7103335792133,4.34409932071901,0
2015-02-01,700.0,705.0,690.0,705.0,0.71,14939.0,10359650.0,0,2015-02-01,692.2435463199458,686.8460879392961,5.397458380649709,0
2015-02-02,705.0,711.0,687.0,699.0,-0.85,2237.0,1555489.0,0,2015-02-02,693.5948370559568,688.1254471035808,5.469389952375991,0
2015-02-03,699.0,692.0,685.0,686.0,-1.86,1810.0,1243835.0,0,2015-02-03,692.0758696447655,687.9017158295196,4.174153815245859,0
2015-02-04,686.0,690.0,680.0,685.0,-0.15,2030.0,1393684.0,0,2015-02-04,690.6606957158124,687.5962720579912,3.0644236578211803,0
2015-02-05,685.0,680.0,675.0,677.0,-1.17,2485.0,1686715.0,0,2015-02-05,687.9285565726499,686.4808749992553,1.4476815733945614,0
2015-02-08,677.0,689.0,675.0,685.0,1.18,4717.0,3214791.0,0,2015-02-08,687.34284525812,686.3249934203864,1.0178518377335877,0
2015-02-09,685.0,684.0,675.0,681.0,-0.58,1163.0,791460.0,0,2015-02-09,686.074276206496,685.7644677971878,0.3098084093082889,0
2015-02-10,681.0,695.0,676.0,695.0,2.06,1162.0,790285.0,0,2015-02-10,687.8594209651968,686.7366290816943,1.1227918835024866,0
2015-02-11,695.0,692.0,681.0,688.0,-1.01,4268.0,2934956.0,0,2015-02-11,687.8875367721575,686.8696154941475,1.0179212780100215,0
2015-02-12,688.0,692.0,680.0,680.0,-1.16,3730.0,2551457.0,0,2015-02-12,686.310029417726,686.146498073711,0.1635313440150412,0
2015-02-15,680.0,685.0,679.0,680.0,0.0,6123.0,4165875.0,0,2015-02-15,685.0480235341809,685.4994982764782,-0.4514747422973642,-1
2015-02-16,680.0,679.0,675.0,675.0,-0.74,2400.0,1620445.0,0,2015-02-16,683.0384188273447,684.3942879315858,-1.355869104241151,0
2015-02-16,680.0,679.0,675.0,675.0,0.0,2400.0,1620445.0,0,2015-02-16,681.4307350618758,683.4054155177347,-1.974680455858902,0
2015-02-18,675.0,675.0,666.0,666.0,-1.33,2060.0,1378846.0,0,2015-02-18,678.3445880495007,681.573266515868,-3.2286784663673416,0
2015-02-22,666.0,667.0,660.0,663.0,-0.45,1876.0,1245674.0,0,2015-02-22,675.2756704396006,679.6181858299872,-4.342515390386552,0
2015-02-23,663.0,667.0,658.0,662.0,-0.15,2591.0,1715492.0,0,2015-02-23,672.6205363516805,677.7636399531464,-5.143103601465896,0
2015-02-24,662.0,663.0,659.0,660.0,-0.3,2680.0,1769854.0,0,2015-02-24,670.0964290813444,675.8937831159731,-5.797354034628711,0
2015-02-25,660.0,664.0,651.0,660.0,0.0,3560.0,2344988.0,0,2015-02-25,668.0771432650755,674.2207533142918,-6.1436100492162495,0
2015-02-26,660.0,684.0,658.0,666.0,0.91,1038.0,690897.0,0,2015-02-26,667.6617146120605,673.3554108601559,-5.693696248095421,0
2015-03-01,666.0,666.0,660.0,662.0,-0.6,5324.0,3523240.0,0,2015-03-01,666.5293716896483,672.1601044538236,-5.630732764175264,0
2015-03-02,662.0,705.0,663.0,705.0,6.5,2457.0,1646489.0,0,2015-03-02,674.2234973517187,675.6169355639474,-1.393438212228716,0
2015-03-03,705.0,691.0,668.0,668.0,-5.25,522.0,356223.0,0,2015-03-03,672.978797881375,674.8151528730056,-1.8363549916305146,0
2015-03-04,668.0,685.0,670.0,675.0,1.05,3760.0,2534406.0,0,2015-03-04,673.3830383051001,674.8346104653208,-1.451572160220735,0
2015-03-09,675.0,700.0,680.0,691.0,2.37,3709.0,2541137.0,0,2015-03-09,676.9064306440802,676.5362304163397,0.3702002277404972,1
2015-03-11,691.0,682.0,675.0,677.0,-2.03,1096.0,743374.0,0,2015-03-11,676.9251445152642,676.5850482672513,0.34009624801285554,0
2015-03-12,677.0,680.0,653.0,677.0,0.0,3697.0,2499918.0,0,2015-03-12,676.9401156122113,676.6287273970144,0.3113882151969847,0
2015-03-15,677.0,670.0,664.0,670.0,-1.03,1883.0,1257173.0,0,2015-03-15,675.552092489769,675.9309666183813,-0.37887412861221037,-1
2015-03-16,670.0,662.0,653.0,655.0,-2.24,2818.0,1846396.0,0,2015-03-16,671.4416739918153,673.7277069743411,-2.286032982525853,0
2015-03-17,655.0,660.0,640.0,655.0,0.0,3646.0,2384825.0,0,2015-03-17,668.1533391934522,671.7563693980946,-3.6030302046424367,0
2015-03-18,655.0,662.0,652.0,655.0,0.0,2426.0,1589385.0,0,2015-03-18,665.5226713547618,669.9925410404004,-4.469869685638628,0
2015-03-19,655.0,664.0,645.0,660.0,0.76,2366.0,1557438.0,0,2015-03-19,664.4181370838095,668.9406946150951,-4.522557531285656,0
2015-03-22,660.0,660.0,650.0,650.0,-1.52,6245.0,4080403.0,0,2015-03-22,661.5345096670476,666.9469372871904,-5.412427620142807,0
2015-03-23,650.0,653.0,650.0,652.0,0.31,2298.0,1495275.0,0,2015-03-23,659.6276077336381,665.3735754674861,-5.745967733848033,0
2015-03-24,652.0,657.0,641.0,649.0,-0.46,6193.0,4019916.0,0,2015-03-24,657.5020861869104,663.6500412077507,-6.1479550208403,0
2015-03-25,649.0,654.0,638.0,645.0,-0.62,4791.0,3083688.0,0,2015-03-25,655.0016689495284,661.686878975356,-6.685210025827587,0
2015-03-26,645.0,648.0,640.0,640.0,-0.78,2082.0,1340930.0,0,2015-03-26,652.0013351596227,659.404049609529,-7.402714449906284,0
2015-03-29,640.0,647.0,631.0,647.0,1.09,2539.0,1621601.0,0,2015-03-29,651.0010681276982,658.0983601769469,-7.097292049248722,0
2015-03-30,647.0,640.0,635.0,637.0,-1.55,1311.0,837089.0,0,2015-03-30,648.2008545021586,655.877480158321,-7.6766256561624004,0
2015-03-31,637.0,653.0,633.0,653.0,2.51,1972.0,1275660.0,0,2015-03-31,649.1606836017269,655.5745875100766,-6.413903908349766,0
2015-04-01,653.0,649.0,641.0,643.0,-1.53,2771.0,1789193.0,0,2015-04-01,647.9285468813815,654.2509467195423,-6.322399838160777,0
2015-04-02,643.0,655.0,646.0,654.0,1.71,800.0,521140.0,0,2015-04-02,649.1428375051053,654.22453127538,-5.081693770274683,0
2015-04-05,654.0,645.0,636.0,641.0,-1.99,1285.0,825100.0,0,2015-04-05,647.5142700040843,652.8324753516558,-5.3182053475715065,0
2015-04-06,641.0,652.0,640.0,641.0,0.0,1382.0,886135.0,0,2015-04-06,646.2114160032676,651.586951630429,-5.375535627161412,0
2015-04-07,641.0,643.0,640.0,643.0,0.31,2352.0,1508025.0,0,2015-04-07,645.5691328026141,650.6830619851207,-5.113929182506581,0
2015-04-08,643.0,655.0,645.0,646.0,0.47,2645.0,1714997.0,0,2015-04-08,645.6553062420913,650.1901080919502,-4.534801849858809,0
2015-04-09,646.0,655.0,649.0,655.0,1.39,945.0,616591.0,0,2015-04-09,647.524244993673,650.6964125033238,-3.1721675096507624,0
2015-04-12,655.0,679.0,656.0,668.0,1.98,1884.0,1249807.0,0,2015-04-12,651.6193959949385,652.5178427661318,-0.8984467711933348,0
2015-04-13,668.0,661.0,655.0,661.0,-1.05,96.0,63255.0,0,2015-04-13,653.4955167959508,653.4107014223284,0.08481537362240488,1
2015-04-15,661.0,655.0,649.0,655.0,-0.91,1948.0,1270359.0,0,2015-04-15,653.7964134367606,653.5779960094517,0.21841742730896385,0
2015-04-16,655.0,660.0,647.0,650.0,-0.76,419.0,273355.0,0,2015-04-16,653.0371307494086,653.2013648505621,-0.1642341011535109,-1
2015-04-19,650.0,660.0,646.0,660.0,1.54,2728.0,1769939.0,0,2015-04-19,654.4297045995269,653.9170106557661,0.5126939437607234,1
2015-04-20,660.0,660.0,648.0,648.0,-1.82,1085.0,707490.0,0,2015-04-20,653.1437636796215,653.2941674288434,-0.1504037492218231,-1
2015-04-21,648.0,658.0,648.0,658.0,1.54,5121.0,3336296.0,0,2015-04-21,654.1150109436973,653.7895182258072,0.32549271789002887,1
2015-04-22,658.0,660.0,645.0,645.0,-1.98,3088.0,2001432.0,0,2015-04-22,652.2920087549578,652.8643057809854,-0.572297026027627,-1
2015-04-23,645.0,650.0,646.0,650.0,0.78,565.0,366292.0,0,2015-04-23,651.8336070039662,652.5627999093027,-0.7291929053365038,0
2015-05-25,650.0,637.0,625.0,625.0,-3.85,30.0,18990.0,0,2015-05-25,646.466885603173,649.6614525504287,-3.194566947255794,0
2015-05-26,625.0,613.0,563.0,563.0,-9.92,2135.0,1205555.0,0,2015-05-26,629.7735084825384,640.5391943872257,-10.765685904687302,0
2015-05-27,563.0,552.0,529.0,529.0,-6.04,8645.0,4613824.0,0,2015-05-27,609.6188067860307,628.7982265569915,-19.17941977096075,0
2015-05-28,529.0,540.0,509.0,535.0,1.13,12604.0,6599730.0,0,2015-05-28,594.6950454288246,618.9247290246766,-24.229683595851952,0
2015-05-31,535.0,581.0,530.0,555.0,3.74,3325.0,1851344.0,0,2015-05-31,586.7560363430598,612.1958101799738,-25.439773836914014,0
2015-06-01,555.0,588.0,561.0,570.0,2.7,7287.0,4140467.0,0,2015-06-01,583.4048290744479,607.7541459505029,-24.349316876055013,0
2015-06-02,570.0,592.0,573.0,590.0,3.51,2513.0,1470068.0,0,2015-06-02,584.7238632595584,605.8852884820288,-21.161425222470484,0
2015-06-03,590.0,625.0,589.0,615.0,4.24,6023.0,3628776.0,0,2015-06-03,590.7790906076467,606.84473179971,-16.065641192063254,0
2015-06-04,615.0,627.0,601.0,622.0,1.14,7821.0,4767228.0,0,2015-06-04,597.0232724861174,608.4400231892142,-11.416750703096795,0
2015-06-07,622.0,632.0,610.0,632.0,1.61,9235.0,5666990.0,0,2015-06-07,604.018617988894,610.9200207482443,-6.901402759350276,0
2015-06-08,632.0,656.0,638.0,649.0,2.69,14110.0,9057295.0,0,2015-06-08,613.0148943911151,614.9284396168501,-1.9135452257349925,0
2015-06-08,632.0,656.0,638.0,649.0,0.0,14110.0,9057295.0,0,2015-06-08,620.2119155128921,618.5149196571816,1.6969958557104974,1
2015-06-08,632.0,656.0,638.0,649.0,0.0,14110.0,9057295.0,0,2015-06-08,625.9695324103137,621.7238754827414,4.245656927572327,0
2015-06-09,649.0,701.0,656.0,665.0,2.47,14496.0,9861145.0,0,2015-06-09,633.775625928251,626.2792570108738,7.49636891737714,0
2015-06-10,665.0,664.0,646.0,657.0,-1.2,8968.0,5881745.0,0,2015-06-10,638.4205007426008,629.5130194307818,8.90748131181897,0
2015-06-11,657.0,660.0,625.0,631.0,-3.96,6693.0,4213442.0,0,2015-06-11,636.9364005940806,629.6695437012258,7.266856892854776,0
2015-06-14,631.0,633.0,618.0,633.0,0.32,3536.0,2196180.0,0,2015-06-14,636.1491204752646,630.0201180484653,6.129002426799275,0
2015-06-15,633.0,640.0,619.0,625.0,-1.26,4053.0,2542705.0,0,2015-06-15,633.9192963802117,629.4916845696795,4.427611810532198,0
2015-06-16,625.0,642.0,622.0,622.0,-0.48,4247.0,2658496.0,0,2015-06-16,631.5354371041693,628.7030861939238,2.832350910245509,0
2015-06-17,622.0,622.0,612.0,622.0,0.0,5058.0,3109880.0,0,2015-06-17,629.6283496833355,627.9974981735108,1.6308515098246517,0
2015-06-18,622.0,622.0,613.0,622.0,0.0,2415.0,1496853.0,0,2015-06-18,628.1026797466684,627.3661825762993,0.7364971703691481,0
2015-06-21,622.0,615.0,608.0,615.0,-1.13,4384.0,2677181.0,0,2015-06-21,625.4821437973347,626.0644791472151,-0.5823353498803954,-1
2015-06-22,615.0,622.0,607.0,616.0,0.16,5352.0,3289346.0,0,2015-06-22,623.5857150378679,625.0050602896135,-1.4193452517456535,0
2015-06-23,616.0,624.0,605.0,615.0,-0.16,1897.0,1170228.0,0,2015-06-23,621.8685720302943,623.9518960486016,-2.0833240183072803,0
2015-06-24,615.0,624.0,615.0,615.0,0.0,1549.0,958550.0,0,2015-06-24,620.4948576242355,623.0095912013803,-2.5147335771448525,0
2015-06-25,615.0,628.0,614.0,621.0,0.98,3413.0,2118704.0,0,2015-06-25,620.5958860993884,622.7980552854456,-2.2021691860571764,0
2015-06-28,621.0,628.0,616.0,618.0,-0.48,4619.0,2865480.0,0,2015-06-28,620.0767088795108,622.2929968343461,-2.216287954835366,0
2015-06-29,618.0,630.0,620.0,620.0,0.32,6289.0,3911643.0,0,2015-06-29,620.0613671036086,622.0516287465202,-1.9902616429116051,0
2015-06-30,620.0,627.0,612.0,617.0,-0.48,4126.0,2544777.0,0,2015-06-30,619.4490936828869,621.5198783521497,-2.070784669262821,0
2015-07-01,617.0,622.0,612.0,615.0,-0.32,4903.0,3015340.0,0,2015-07-01,618.5592749463095,620.8335753677129,-2.2743004214033817,0
2015-07-02,615.0,615.0,602.0,608.0,-1.14,5485.0,3335808.0,0,2015-07-02,616.4474199570476,619.4826726974273,-3.0352527403797467,0
2015-07-05,608.0,612.0,604.0,605.0,-0.49,12264.0,7446192.0,0,2015-07-05,614.1579359656381,617.9581808345403,-3.800244868902155,0
2015-07-06,605.0,610.0,603.0,610.0,0.83,3617.0,2195340.0,0,2015-07-06,613.3263487725105,617.1204775887992,-3.794128816288662,0
2015-07-07,610.0,614.0,607.0,610.0,0.0,2686.0,1637181.0,0,2015-07-07,612.6610790180084,616.3709536320835,-3.7098746140750336,0
2015-07-08,610.0,614.0,609.0,611.0,0.16,4922.0,3009420.0,0,2015-07-08,612.3288632144067,615.8055900918641,-3.476726877457395,0
2015-07-09,611.0,616.0,610.0,610.0,-0.16,2634.0,1613036.0,0,2015-07-09,611.8630905715254,615.1944753453521,-3.3313847738266986,0
2015-07-12,610.0,612.0,599.0,608.0,-0.33,3871.0,2360995.0,0,2015-07-12,611.0904724572204,614.4371621511045,-3.346689693884173,0
2015-07-13,608.0,612.0,607.0,610.0,0.33,3950.0,2405209.0,0,2015-07-13,610.8723779657763,613.9700924509883,-3.097714485212009,0
2015-07-14,610.0,615.0,598.0,610.0,0.0,3804.0,2313541.0,0,2015-07-14,610.697902372621,613.5521879824632,-2.8542856098422362,0
2015-07-15,610.0,612.0,608.0,612.0,0.33,1785.0,1088450.0,0,2015-07-15,610.9583218980969,613.3887997737829,-2.4304778756860514,0
2015-07-16,612.0,620.0,605.0,617.0,0.82,2862.0,1739177.0,0,2015-07-16,612.1666575184776,613.7689261133847,-1.6022685949071729,0
2015-07-22,617.0,622.0,610.0,616.0,-0.16,1978.0,1221192.0,0,2015-07-22,612.9333260147821,614.0037759961864,-1.0704499814042947,0
2015-07-23,616.0,664.0,620.0,660.0,7.14,4388.0,2807654.0,0,2015-07-23,622.3466608118257,618.8454837860615,3.50117702576415,1
2015-07-26,660.0,726.0,673.0,726.0,10.0,9309.0,6756483.0,0,2015-07-26,643.0773286494606,630.1249065454235,12.952422104037055,0
2015-07-27,726.0,784.0,711.0,730.0,0.55,75451.0,55747512.0,0,2015-07-27,660.4618629195685,640.6380742774843,19.823788642084196,0
2015-07-28,730.0,730.0,702.0,712.0,-2.47,15309.0,10977967.0,0,2015-07-28,670.7694903356548,648.1498559324859,22.619634403168902,0
2015-07-29,712.0,712.0,693.0,708.0,-0.56,7221.0,5061953.0,0,2015-07-29,678.2155922685239,654.4498710974874,23.76572117103649,0
2015-07-30,708.0,725.0,695.0,702.0,-0.85,13154.0,9268632.0,0,2015-07-30,682.9724738148191,659.4551478240676,23.517325990751488,0
2015-08-02,702.0,716.0,695.0,700.0,-0.28,7123.0,4984936.0,0,2015-08-02,686.3779790518553,663.7230270004816,22.654952051373698,0
2015-08-03,700.0,710.0,700.0,705.0,0.71,15134.0,10632741.0,0,2015-08-03,690.1023832414843,668.0679715267466,22.034411714737644,0
2015-08-04,705.0,720.0,703.0,720.0,2.13,12309.0,8749762.0,0,2015-08-04,696.0819065931875,673.5345008397206,22.54740575346682,0
2015-08-05,720.0,724.0,703.0,715.0,-0.69,12179.0,8633210.0,0,2015-08-05,699.86552527455,677.8992902250133,21.96623504953675,0
2015-08-06,715.0,736.0,711.0,730.0,2.1,24147.0,17464368.0,0,2015-08-06,705.89242021964,683.3835754644856,22.508844755154428,0
2015-08-09,730.0,773.0,733.0,773.0,5.89,47260.0,35609912.0,0,2015-08-09,719.3139361757121,692.8168833103292,26.497052865382898,0
2015-08-10,773.0,826.0,775.0,812.0,5.05,55069.0,43665664.0,0,2015-08-10,737.8511489405697,705.3624745408209,32.48867439974879,0
2015-08-11,812.0,852.0,810.0,841.0,3.57,97092.0,80696736.0,0,2015-08-11,758.4809191524558,719.6401087996818,38.84081035277404,0
2015-08-12,841.0,851.0,833.0,850.0,1.07,88461.0,74852928.0,0,2015-08-12,776.7847353219647,733.3622026102416,43.42253271172308,0
2015-08-13,850.0,894.0,841.0,894.0,5.18,53663.0,46631360.0,0,2015-08-13,800.2277882575718,750.2714444407425,49.9563438168293,0
2015-08-16,894.0,894.0,830.0,891.0,-0.34,93166.0,81273192.0,0,2015-08-16,818.3822306060575,765.0849766048749,53.29725400118264,0
2015-08-17,891.0,945.0,884.0,923.0,3.59,42568.0,39096608.0,0,2015-08-17,839.3057844848461,781.707610646467,57.598173838379125,0
2015-08-18,923.0,920.0,890.0,904.0,-2.06,24505.0,22140712.0,0,2015-08-18,852.244627587877,794.5804937363125,57.66413385156443,0
2015-08-18,923.0,920.0,890.0,904.0,0.0,24505.0,22140712.0,0,2015-08-18,862.5957020703015,806.0983365009112,56.497365569390354,0
2015-08-19,904.0,938.0,900.0,930.0,2.88,27267.0,25140944.0,0,2015-08-19,876.0765616562412,819.1406168692363,56.93594478700493,0
2015-08-20,930.0,954.0,918.0,920.0,-1.08,22516.0,21006596.0,0,2015-08-20,884.861249324993,829.7573940408956,55.103855284097335,0
2015-08-23,920.0,925.0,889.0,902.0,-1.96,11094.0,10036557.0,0,2015-08-23,888.2889994599944,837.3618788786961,50.92712058129837,0
2015-08-24,902.0,918.0,877.0,885.0,-1.88,10704.0,9592155.0,0,2015-08-24,887.6311995679956,842.3764179440965,45.254781623899135,0
2015-08-25,885.0,887.0,869.0,882.0,-0.34,6433.0,5659634.0,0,2015-08-25,886.5049596543965,846.5473213184022,39.957638335994375,0
2015-08-26,882.0,900.0,875.0,882.0,0.0,12927.0,11507867.0,0,2015-08-26,885.6039677235173,850.2791822322546,35.32478549126267,0
2015-08-27,882.0,899.0,876.0,885.0,0.34,5244.0,4634954.0,0,2015-08-27,885.4831741788139,853.9340051551751,31.549169023638797,0
2015-08-31,885.0,883.0,867.0,882.0,-0.34,6783.0,5941741.0,0,2015-08-31,884.7865393430511,856.8883204019988,27.898218941052278,0
2015-09-01,882.0,895.0,883.0,886.0,0.45,21634.0,19230334.0,0,2015-09-01,885.029231474441,859.9527077281043,25.076523746336647,0
2015-09-02,886.0,883.0,855.0,860.0,-2.93,10672.0,9197243.0,0,2015-09-02,880.0233851795529,859.957685861988,20.06569931756485,0
2015-09-03,860.0,875.0,863.0,874.0,1.63,13803.0,11986649.0,0,2015-09-03,878.8187081436424,861.4358241923051,17.382883951337362,0
2015-09-06,874.0,895.0,841.0,886.0,1.37,13535.0,11927773.0,0,2015-09-06,880.254966514914,864.0215269089045,16.233439606009483,0
2015-09-07,886.0,908.0,890.0,905.0,2.14,13819.0,12438045.0,0,2015-09-07,885.2039732119313,868.3350503921778,16.868922819753493,0
2015-09-08,905.0,930.0,903.0,930.0,2.76,22643.0,20761700.0,0,2015-09-08,894.163178569545,874.826097719317,19.337080850228062,0
2015-09-09,930.0,948.0,920.0,943.0,1.4,29001.0,26994040.0,0,2015-09-09,903.9305428556361,882.0022979593889,21.92824489624718,0
2015-09-10,943.0,943.0,920.0,930.0,-1.38,18656.0,17329272.0,0,2015-09-10,909.1444342845089,887.0546876478743,22.089746636634572,0
2015-09-13,930.0,950.0,930.0,944.0,1.51,13538.0,12743030.0,0,2015-09-13,916.1155474276072,893.0489310533612,23.066616374245996,0
2015-09-14,944.0,969.0,947.0,953.0,0.95,41773.0,39859044.0,0,2015-09-14,923.4924379420859,899.3595698898495,24.132868052236404,0
2015-09-15,953.0,989.0,970.0,970.0,1.78,31112.0,30305840.0,0,2015-09-15,932.7939503536687,906.7954046382863,25.99854571538242,0
2015-09-16,970.0,982.0,955.0,968.0,-0.21,34305.0,33020568.0,0,2015-09-16,939.835160282935,913.2379936237298,26.597166659205186,0
2015-09-17,968.0,975.0,949.0,952.0,-1.65,28849.0,27480376.0,0,2015-09-17,942.268128226348,917.3182048212319,24.949923405116124,0
2015-09-22,952.0,950.0,913.0,920.0,-3.36,23240.0,21657348.0,0,2015-09-22,937.8145025810785,917.600499050576,20.21400353050251,0
2015-09-23,920.0,958.0,936.0,940.0,2.17,19431.0,18299436.0,0,2015-09-23,938.2516020648628,919.9583412557785,18.29326080908436,0
2015-09-24,940.0,957.0,925.0,949.0,0.96,19391.0,18242184.0,0,2015-09-24,940.4012816518903,923.0153579656965,17.38592368619379,0
2015-09-28,949.0,938.0,910.0,938.0,-1.16,17729.0,16472988.0,0,2015-09-28,939.9210253215123,924.5926887061495,15.328336615362787,0
2015-09-29,938.0,960.0,938.0,960.0,2.35,12392.0,11717747.0,0,2015-09-29,943.9368202572099,928.3197741055022,15.617046151707655,0
2015-09-30,960.0,986.0,955.0,985.0,2.6,30770.0,30080688.0,0,2015-09-30,952.1494562057679,934.2861136733441,17.86334253242387,0
2015-10-01,985.0,1010.0,970.0,993.0,0.81,29266.0,28813204.0,0,2015-10-01,960.3195649646144,940.4665227603605,19.85304220425394,0
2015-10-04,993.0,1012.0,980.0,985.0,-0.81,29292.0,29034024.0,0,2015-10-04,965.2556519716916,945.1542572066382,20.10139476505333,0
2015-10-05,985.0,979.0,970.0,970.0,-1.52,22203.0,21627732.0,0,2015-10-05,966.2045215773533,947.7695985533079,18.43492302404536,0
2015-10-06,970.0,970.0,946.0,946.0,-2.47,11879.0,11299448.0,0,2015-10-06,962.1636172618827,947.5833250213808,14.580292240501876,0
2015-10-07,946.0,965.0,925.0,951.0,0.53,9423.0,8811620.0,0,2015-10-07,959.9308938095062,947.9429750191301,11.987918790376057,0
2015-10-08,951.0,955.0,933.0,950.0,-0.11,9440.0,8894692.0,0,2015-10-08,957.944715047605,948.1595039644849,9.785211083120089,0
2015-10-11,950.0,941.0,915.0,920.0,-3.16,13136.0,12127775.0,0,2015-10-11,950.3557720380841,945.1953456524338,5.160426385650226,0
2015-10-14,920.0,918.0,908.0,909.0,-1.2,7491.0,6842069.0,0,2015-10-14,942.0846176304674,941.3853092679672,0.6993083625002328,0
2015-10-15,909.0,927.0,900.0,914.0,0.55,9840.0,8943786.0,0,2015-10-15,936.467694104374,938.5026451344969,-2.0349510301228975,-1
2015-10-18,914.0,906.0,896.0,896.0,-1.97,10125.0,9117910.0,0,2015-10-18,928.3741552834992,934.0286824887603,-5.654527205261047,0
2015-10-19,896.0,912.0,890.0,911.0,1.67,13288.0,11941752.0,0,2015-10-19,924.8993242267995,931.6046106478382,-6.705286421038636,0
2015-10-25,911.0,900.0,881.0,897.0,-1.54,6765.0,6046695.0,0,2015-10-25,919.3194593814396,927.962020053329,-8.642560671889328,0
2015-10-27,897.0,892.0,861.0,866.0,-3.46,10718.0,9345060.0,0,2015-10-27,908.6555675051518,921.4397021529785,-12.784134647826704,0
2015-10-28,866.0,880.0,840.0,874.0,0.92,13802.0,11813422.0,0,2015-10-28,901.7244540041215,916.4460492947702,-14.721595290648679,0
2015-10-29,874.0,891.0,870.0,880.0,0.69,11730.0,10275683.0,0,2015-10-29,897.3795632032973,912.6096230532155,-15.230059849918234,0
2015-11-01,880.0,872.0,850.0,866.0,-1.59,4126.0,3549768.0,0,2015-11-01,891.1036505626379,907.7033469423507,-16.599696379712782,0
2015-11-02,866.0,885.0,869.0,878.0,1.39,8389.0,7367647.0,0,2015-11-02,888.4829204501103,904.5766788431558,-16.093758393045505,0
2015-11-03,878.0,868.0,860.0,868.0,-1.14,3149.0,2723829.0,0,2015-11-03,884.3863363600883,900.7265021228236,-16.340165762735296,0
2015-11-04,868.0,893.0,866.0,877.0,1.04,6344.0,5557365.0,0,2015-11-04,882.9090690880706,898.228975583579,-15.319906495508349,0
2015-11-05,877.0,876.0,867.0,872.0,-0.57,7385.0,6433235.0,0,2015-11-05,880.7272552704566,895.4680307853075,-14.740775514850952,0
2015-11-08,872.0,865.0,857.0,860.0,-1.38,5009.0,4299890.0,0,2015-11-08,876.5818042163653,891.7345538605383,-15.152749644173014,0
2015-11-09,860.0,894.0,870.0,894.0,3.95,7945.0,6959792.0,0,2015-11-09,880.0654433730922,891.9730218752185,-11.907578502126285,0
2015-11-10,894.0,891.0,875.0,889.0,-0.56,8335.0,7369750.0,0,2015-11-10,881.8523546984738,891.6600722041428,-9.807717505668961,0
2015-11-15,889.0,874.0,860.0,874.0,-1.69,3025.0,2627063.0,0,2015-11-15,880.281883758779,889.8011172352857,-9.519233476506656,0
2015-11-16,874.0,865.0,851.0,860.0,-1.6,6603.0,5671349.0,0,2015-11-16,876.2255070070232,886.6641575263083,-10.438650519285034,0
2015-11-18,860.0,880.0,870.0,875.0,1.74,5915.0,5177509.0,0,2015-11-18,875.9804056056187,885.4363514709073,-9.45594586528864,0
2015-11-19,875.0,874.0,857.0,871.0,-0.46,3183.0,2762789.0,0,2015-11-19,874.984324484495,883.9167355266013,-8.93241104210631,0
2015-11-22,871.0,855.0,839.0,839.0,-3.67,9270.0,7827584.0,0,2015-11-22,867.787459587596,879.1886581027485,-11.401198515152487,0
2015-11-23,839.0,840.0,817.0,840.0,0.12,13496.0,11181445.0,0,2015-11-23,862.2299676700768,875.0635361971961,-12.833568527119269,0
2015-11-24,840.0,835.0,824.0,835.0,-0.6,13585.0,11284800.0,0,2015-11-24,856.7839741360615,870.8463218606491,-14.062347724587653,0
2015-11-25,835.0,835.0,822.0,835.0,0.0,6702.0,5563750.0,0,2015-11-25,852.4271793088492,867.073024822686,-14.645845513836775,0
2015-11-26,835.0,824.0,801.0,815.0,-2.4,15623.0,12642393.0,0,2015-11-26,844.9417434470794,861.591653788719,-16.64991034163961,0
2015-11-29,815.0,814.0,787.0,787.0,-3.44,10979.0,8708352.0,0,2015-11-29,833.3533947576635,853.7399007583275,-20.386506000663985,0
2015-11-30,787.0,808.0,787.0,800.0,1.65,11386.0,9091296.0,0,2015-11-30,826.6827158061309,848.0830690995562,-21.40035329342527,0
2015-12-01,800.0,840.0,810.0,838.0,4.75,6761.0,5631147.0,0,2015-12-01,828.9461726449048,847.021693404866,-18.07552075996125,0
2015-12-02,838.0,840.0,802.0,818.0,-2.39,7157.0,5878330.0,0,2015-12-02,826.7569381159238,843.9667783096169,-17.209840193693026,0
2015-12-03,818.0,850.0,815.0,838.0,2.44,16673.0,13891149.0,0,2015-12-03,829.0055504927392,843.3386963822888,-14.333145889549655,0
2015-12-06,838.0,884.0,851.0,884.0,5.49,23660.0,20478586.0,0,2015-12-06,840.0044403941913,847.6188336052059,-7.614393211014544,0
2015-12-07,884.0,895.0,875.0,892.0,0.9,24009.0,21255468.0,0,2015-12-07,850.4035523153531,852.2905353309736,-1.886983015620558,0
2015-12-08,892.0,905.0,875.0,903.0,1.23,21148.0,18737938.0,0,2015-12-08,860.9228418522825,857.628373717187,3.294468135095599,1
2015-12-09,903.0,923.0,905.0,920.0,1.88,33780.0,30823180.0,0,2015-12-09,872.7382734818261,864.1938080627463,8.54446541907987,0
2015-12-10,920.0,940.0,920.0,939.0,2.07,54716.0,50912624.0,0,2015-12-10,885.990618785461,872.0681440561414,13.922474729319674,0
2015-12-13,939.0,960.0,910.0,920.0,-2.02,19927.0,18587014.0,0,2015-12-13,892.7924950283689,877.1136025765476,15.678892451821298,0
2015-12-14,920.0,916.0,902.0,907.0,-1.41,12553.0,11413911.0,0,2015-12-14,895.6339960226951,880.2595391474374,15.374456875257692,0
2015-12-15,907.0,921.0,910.0,915.0,0.88,13654.0,12496184.0,0,2015-12-15,899.5071968181561,883.9164297634966,15.590767054659523,0
2015-12-16,915.0,918.0,900.0,907.0,-0.87,9714.0,8818848.0,0,2015-12-16,901.0057574545249,886.3462792620759,14.659478192449,0
2015-12-17,907.0,915.0,901.0,915.0,0.88,17448.0,15823424.0,0,2015-12-17,903.8046059636199,889.3624603923837,14.44214557123621,0
2015-12-20,915.0,957.0,901.0,957.0,4.59,30396.0,28344516.0,0,2015-12-20,914.443684770896,896.4822014037117,17.961483367184314,0
2015-12-21,957.0,1052.0,976.0,1052.0,9.93,93168.0,98009336.0,0,2015-12-21,941.9549478167168,912.8524959927946,29.102451823922138,0
2015-12-22,1052.0,1157.0,1021.0,1029.0,-2.19,119750.0,125533072.0,0,2015-12-22,959.3639582533735,925.0785490461847,34.28540920718888,0
2015-12-23,1029.0,1036.0,1006.0,1008.0,-2.04,54700.0,55607736.0,0,2015-12-23,969.0911666026989,933.8071228307967,35.284043771902134,0
2015-12-24,1008.0,1019.0,1002.0,1012.0,0.4,34569.0,34941044.0,0,2015-12-24,977.6729332821591,942.0379520065023,35.63498127565674,0
2015-12-27,1012.0,1024.0,1012.0,1019.0,0.69,22998.0,23405980.0,0,2015-12-27,985.9383466257273,950.1392202163443,35.79912640938301,0
2015-12-28,1019.0,1017.0,1000.0,1000.0,-1.86,30514.0,30766068.0,0,2015-12-28,988.7506773005819,955.387723351466,33.36295394911588,0
2015-12-29,1000.0,1008.0,998.0,1006.0,0.6,22015.0,22075568.0,0,2015-12-29,992.2005418404656,960.7153314197328,31.485210420732756,0
2015-12-31,1006.0,1015.0,999.0,999.0,-0.7,34876.0,34953820.0,0,2015-12-31,993.5604334723726,964.7452965334452,28.815136938927367,0
2016-01-03,999.0,1021.0,1000.0,1014.0,1.5,50335.0,50731984.0,0,2016-01-03,997.648346777898,969.9300021615036,27.71834461639446,0
2016-01-04,1014.0,1034.0,1010.0,1012.0,-0.2,41061.0,41629556.0,0,2016-01-04,1000.5186774223184,974.3584229866084,26.160254435710044,0
2016-01-05,1012.0,1012.0,999.0,999.0,-1.28,42311.0,42536236.0,0,2016-01-05,1000.2149419378547,976.9522731985443,23.26266873931047,0
2016-01-06,999.0,1007.0,995.0,999.0,0.0,54491.0,54470776.0,0,2016-01-06,999.9719535502838,979.2730865460659,20.69886700421796,0
2016-01-07,999.0,1010.0,991.0,997.0,-0.2,101756.0,101660504.0,0,2016-01-07,999.3775628402271,981.1390774359537,18.238485404273433,0
2016-01-10,717.0,725.0,700.0,700.0,-29.79,7483.0,5298280.0,0,2016-01-10,939.5020502721818,951.5454903374323,-12.04344006525048,-1
2016-01-11,700.0,705.0,695.0,700.0,0.0,6752.0,4714991.0,0,2016-01-11,891.6016402177455,925.067017670334,-33.46537745258854,0
2016-01-12,700.0,719.0,699.0,719.0,2.71,12534.0,8781209.0,0,2016-01-12,857.0813121741965,903.3757526524041,-46.29444047820766,0
2016-01-12,700.0,719.0,699.0,719.0,0.0,12534.0,8781209.0,0,2016-01-12,829.4650497393573,883.9677786889931,-54.502728949635866,0
2016-01-13,719.0,715.0,706.0,706.0,-1.81,1880.0,1340129.0,0,2016-01-13,804.7720397914859,865.234328300678,-60.46228850919215,0
2016-01-14,706.0,708.0,700.0,705.0,-0.14,4225.0,2977173.0,0,2016-01-14,784.8176318331888,848.3675569006067,-63.54992506741792,0
2016-01-17,705.0,729.0,705.0,729.0,3.4,6444.0,4596292.0,0,2016-01-17,773.6541054665511,835.8025509110691,-62.148445444518075,0
2016-01-18,729.0,765.0,715.0,724.0,-0.69,9066.0,6617424.0,0,2016-01-18,763.7232843732409,824.033861341483,-60.31057696824212,0
2016-01-19,724.0,728.0,718.0,728.0,0.55,4087.0,2946193.0,0,2016-01-19,756.5786274985927,813.9250338318532,-57.34640633326046,0
2016-01-20,728.0,720.0,715.0,715.0,-1.79,4750.0,3407020.0,0,2016-01-20,748.2629019988742,803.5118723758686,-55.24897037699441,0
2016-01-21,715.0,717.0,711.0,714.0,-0.14,8086.0,5769334.0,0,2016-01-21,741.4103215990995,794.089570020514,-52.67924842141451,0
2016-01-24,714.0,724.0,715.0,720.0,0.84,9158.0,6571880.0,0,2016-01-24,737.1282572792796,786.2906679130914,-49.16241063381176,0
2016-01-25,720.0,730.0,715.0,720.0,0.0,14597.0,10527478.0,0,2016-01-25,733.7026058234237,779.3127028696081,-45.610097046184364,0
2016-01-26,720.0,724.0,715.0,720.0,0.0,11030.0,7932704.0,0,2016-01-26,730.962084658739,773.0692604622809,-42.10717580354196,0
2016-01-27,720.0,720.0,710.0,712.0,-1.11,4489.0,3199400.0,0,2016-01-27,727.1696677269912,766.640917255725,-39.47124952873378,0
2016-01-28,712.0,711.0,707.0,710.0,-0.28,8349.0,5918068.0,0,2016-01-28,723.735734181593,760.6787154393328,-36.9429812577398,0
2016-01-31,710.0,710.0,700.0,709.0,-0.14,3143.0,2223844.0,0,2016-01-31,720.7885873452744,755.2388506562452,-34.45026331097074,0
2016-02-01,709.0,726.0,710.0,721.0,1.69,10652.0,7668292.0,0,2016-02-01,720.8308698762196,751.6347611134825,-30.80389123726286,0
2016-02-02,721.0,740.0,720.0,723.0,0.28,29888.0,21709424.0,0,2016-02-02,721.2646959009758,748.6205757331159,-27.35587983214009,0
2016-02-03,723.0,750.0,725.0,725.0,0.28,27172.0,19792644.0,0,2016-02-03,722.0117567207807,746.1341993401562,-24.122442619375533,0
2016-02-04,725.0,735.0,724.0,726.0,0.14,14681.0,10692656.0,0,2016-02-04,722.8094053766246,744.0148099359293,-21.205404559304725,0
2016-02-07,726.0,740.0,722.0,726.0,0.0,12458.0,9066371.0,0,2016-02-07,723.4475243012997,742.1185141532,-18.67098985190023,0
2016-02-08,726.0,732.0,722.0,722.0,-0.55,17546.0,12732978.0,0,2016-02-08,723.1580194410398,740.0007758212842,-16.842756380244396,0
2016-02-11,722.0,726.0,720.0,723.0,0.14,8473.0,6118657.0,0,2016-02-11,723.1264155528319,738.2112204716752,-15.08480491884336,0
2016-02-14,723.0,737.0,722.0,722.0,-0.14,13211.0,9627419.0,0,2016-02-14,722.9011324422655,736.5047762114989,-13.603643769233372,0
2016-02-15,722.0,725.0,714.0,718.0,-0.55,5195.0,3733083.0,0,2016-02-15,721.9209059538125,734.5569050313411,-12.635999077528595,0
2016-02-16,718.0,720.0,711.0,711.0,-0.97,8228.0,5895323.0,0,2016-02-16,719.7367247630501,732.0772308175158,-12.340506054465664,0
2016-02-17,711.0,725.0,710.0,723.0,1.69,8159.0,5860798.0,0,2016-02-17,720.3893798104401,731.1217328367246,-10.7323530262845,0
2016-02-18,723.0,738.0,709.0,733.0,1.38,21176.0,15355918.0,0,2016-02-18,722.9115038483521,731.319445169701,-8.407941321348858,0
2016-02-21,733.0,759.0,740.0,749.0,2.18,38252.0,28463252.0,0,2016-02-21,728.1292030786817,733.1805562044693,-5.051353125787614,0
2016-02-22,749.0,760.0,737.0,755.0,0.8,29107.0,21957580.0,0,2016-02-22,733.5033624629453,735.4773397618936,-1.9739772989482844,0
2016-02-23,755.0,769.0,747.0,755.0,0.0,11757.0,8873199.0,0,2016-02-23,737.8026899703563,737.5323566290627,0.27033334129350806,1
2016-02-24,755.0,760.0,740.0,745.0,-1.32,8323.0,6197481.0,0,2016-02-24,739.2421519762851,738.3184243523193,0.9237276239657604,0
2016-02-25,745.0,748.0,725.0,744.0,-0.13,10460.0,7686270.0,0,2016-02-25,740.1937215810281,738.9164849468119,1.2772366342161376,0
2016-02-28,744.0,750.0,735.0,741.0,-0.4,14002.0,10343919.0,0,2016-02-28,740.3549772648225,739.1358023208318,1.2191749439907653,0
2016-02-29,741.0,745.0,735.0,740.0,-0.13,18226.0,13478726.0,0,2016-02-29,740.2839818118581,739.2267704975864,1.0572113142717399,0
2016-03-01,740.0,742.0,735.0,735.0,-0.68,3637.0,2685350.0,0,2016-03-01,739.2271854494865,738.7818472873141,0.4453381621723338,0
2016-03-02,735.0,742.0,730.0,741.0,0.82,7179.0,5297777.0,0,2016-03-02,739.5817483595893,739.0153370465442,0.5664113130450232,0
2016-03-03,741.0,743.0,738.0,740.0,-0.13,11804.0,8737909.0,0,2016-03-03,739.6653986876714,739.1189857784871,0.5464129091843688,0
2016-03-06,740.0,749.0,740.0,745.0,0.68,5534.0,4126671.0,0,2016-03-06,740.7323189501371,739.7380399070673,0.9942790430698096,0
2016-03-10,745.0,750.0,740.0,742.0,-0.4,15243.0,11358324.0,0,2016-03-10,740.9858551601097,739.9761409694812,1.0097141906285287,0
2016-03-13,742.0,756.0,741.0,741.0,-0.13,9949.0,7397087.0,0,2016-03-13,740.9886841280878,740.0839156042726,0.9047685238151644,0
2016-03-14,741.0,744.0,739.0,740.0,-0.13,14969.0,11092385.0,0,2016-03-14,740.7909473024703,740.0750823827702,0.7158649197000386,0
2016-03-15,740.0,742.0,738.0,740.0,0.0,6928.0,5128620.0,0,2016-03-15,740.6327578419763,740.0671789740575,0.5655788679188163,0
2016-03-16,740.0,746.0,737.0,739.0,-0.14,13251.0,9818248.0,0,2016-03-16,740.306206273581,739.9548443452093,0.3513619283717162,0
2016-03-17,739.0,753.0,741.0,742.0,0.41,5356.0,4000161.0,0,2016-03-17,740.6449650188648,740.1701238878188,0.47484113104599146,0
2016-03-20,742.0,749.0,739.0,747.0,0.67,8174.0,6087637.0,0,2016-03-20,741.9159720150918,740.8890582154169,1.0269137996749578,0
2016-03-21,747.0,761.0,746.0,750.0,0.4,16186.0,12169413.0,0,2016-03-21,743.5327776120735,741.8481047190571,1.6846728930163408,0
2016-03-23,750.0,761.0,745.0,755.0,0.67,6157.0,4628549.0,0,2016-03-23,745.8262220896588,743.2325147486301,2.5937073410286757,0
2016-03-24,755.0,762.0,750.0,760.0,0.66,35795.0,27014324.0,0,2016-03-24,748.6609776717271,744.9975131961428,3.6634644755843055,0
2016-03-27,760.0,800.0,770.0,785.0,3.29,24001.0,18708874.0,0,2016-03-27,755.9287821373817,749.2083012807593,6.72048085662243,0
2016-03-28,785.0,800.0,780.0,790.0,0.64,15039.0,11866472.0,0,2016-03-28,762.7430257099054,753.5021643038373,9.24086140606812,0
2016-03-29,790.0,792.0,768.0,780.0,-1.27,11369.0,8903892.0,0,2016-03-29,766.1944205679243,756.2914101665912,9.903010401333177,0
2016-03-30,780.0,782.0,774.0,774.0,-0.77,7723.0,6002831.0,0,2016-03-30,767.7555364543396,758.1554722543185,9.600064200021052,0
2016-03-31,774.0,775.0,762.0,765.0,-1.16,7924.0,6089526.0,0,2016-03-31,767.2044291634717,758.8759488591271,8.328480304344566,0
2016-04-03,765.0,770.0,752.0,767.0,0.26,9855.0,7481224.0,0,2016-04-03,767.1635433307773,759.7311121371137,7.4324311936636605,0
2016-04-04,767.0,773.0,761.0,770.0,0.39,5189.0,3996824.0,0,2016-04-04,767.7308346646219,760.812047701628,6.918786962993863,0
2016-04-05,770.0,785.0,775.0,775.0,0.65,5184.0,4030256.0,0,2016-04-05,769.1846677316975,762.3055163646145,6.8791513670829545,0
2016-04-06,775.0,779.0,772.0,775.0,0.0,9094.0,7050652.0,0,2016-04-06,770.347734185358,763.6417777999183,6.705956385439777,0
2016-04-10,775.0,790.0,776.0,776.0,0.13,10945.0,8511817.0,0,2016-04-10,771.4781873482865,764.9426432946636,6.535544053622857,0
2016-04-11,776.0,781.0,776.0,776.0,0.0,7145.0,5558394.0,0,2016-04-11,772.3825498786293,766.1065755794359,6.275974299193422,0
2016-04-12,776.0,790.0,778.0,782.0,0.77,12984.0,10166655.0,0,2016-04-12,774.3060399029035,767.7795676237058,6.526472279197719,0
2016-04-14,782.0,836.0,785.0,807.0,3.2,18822.0,15191391.0,0,2016-04-14,780.8448319223229,771.9080341896315,8.936797732691389,0
2016-04-17,807.0,830.0,813.0,830.0,2.85,18250.0,14976125.0,0,2016-04-17,790.6758655378584,778.022977959144,12.652887578714399,0
2016-04-18,830.0,877.0,833.0,872.0,5.06,30191.0,25585026.0,0,2016-04-18,806.9406924302867,787.9152960687078,19.02539636157894,0
2016-04-19,872.0,884.0,843.0,854.0,-2.06,36006.0,30828590.0,0,2016-04-19,816.3525539442294,794.8715806930543,21.4809732511751,0
2016-04-20,854.0,866.0,852.0,859.0,0.59,19102.0,16416091.0,0,2016-04-20,824.8820431553836,801.6219406201012,23.260102535282385,0
2016-04-21,859.0,867.0,847.0,851.0,-0.93,20159.0,17252884.0,0,2016-04-21,830.105634524307,806.8196310811431,23.28600344316385,0
2016-04-24,851.0,871.0,843.0,850.0,-0.12,29317.0,25118036.0,0,2016-04-24,834.0845076194456,811.3649330726018,22.719574546843774,0
2016-04-25,850.0,880.0,856.0,875.0,2.94,44819.0,38784932.0,0,2016-04-25,842.2676060955565,818.0633611702226,24.20424492533391,0
2016-04-26,875.0,888.0,863.0,863.0,-1.37,33328.0,29235220.0,0,2016-04-26,846.4140848764453,822.7935336786203,23.620551197824966,0
2016-04-27,863.0,880.0,851.0,876.0,1.51,23594.0,20601918.0,0,2016-04-27,852.3312679011563,828.3942143440287,23.93705355712757,0
2016-04-28,876.0,878.0,860.0,865.0,-1.26,17778.0,15475921.0,0,2016-04-28,854.8650143209251,832.2474549393942,22.617559381530896,0
2016-05-02,865.0,871.0,856.0,861.0,-0.46,19569.0,16883170.0,0,2016-05-02,856.0920114567401,835.2740386299843,20.817972826755863,0
2016-05-03,861.0,865.0,858.0,864.0,0.35,25556.0,22017358.0,0,2016-05-03,857.6736091653922,838.2978240373543,19.375785128037933,0
2016-05-04,864.0,879.0,855.0,878.0,1.62,56355.0,48896680.0,0,2016-05-04,861.7388873323139,842.4770004544749,19.261886877838947,0
2016-05-05,878.0,903.0,864.0,900.0,2.51,58825.0,52348744.0,0,2016-05-05,869.3911098658511,848.5320530382144,20.859056827636778,0
2016-05-08,900.0,950.0,914.0,950.0,5.56,128264.0,119795792.0,0,2016-05-08,885.512887892681,859.2128895605076,26.299998332173345,0
2016-05-09,950.0,969.0,934.0,959.0,0.95,77126.0,74290056.0,0,2016-05-09,900.2103103141449,869.7167959225594,30.49351439158545,0
2016-05-10,959.0,965.0,926.0,935.0,-2.5,62743.0,59209960.0,0,2016-05-10,907.168248251316,876.5887121412374,30.579536110078607,0
2016-05-11,935.0,935.0,911.0,920.0,-1.6,81424.0,74687312.0,0,2016-05-11,909.7345986010528,881.1583213895282,28.576277211524598,0
2016-05-12,920.0,944.0,913.0,923.0,0.33,144468.0,132641704.0,0,2016-05-12,912.3876788808423,885.5627086116831,26.824970269159166,0
2016-05-15,758.0,788.0,758.0,780.0,-15.49,42382.0,32539684.0,0,2016-05-15,885.9101431046738,874.4508445472953,11.459298557378474,0
2016-05-16,780.0,780.0,766.0,772.0,-1.03,15287.0,11804318.0,0,2016-05-16,863.1281144837391,863.6665451212643,-0.5384306375252663,-1
2016-05-17,772.0,771.0,760.0,763.0,-1.17,6985.0,5347967.0,0,2016-05-17,843.1024915869913,853.070066687447,-9.967575100455747,0
2016-05-18,763.0,771.0,763.0,770.0,0.92,17096.0,13115174.0,0,2016-05-18,828.4819932695931,844.3258491414,-15.843855871806909,0
2016-05-19,770.0,785.0,755.0,768.0,-0.26,25776.0,19815800.0,0,2016-05-19,816.3855946156746,836.291549231779,-19.905954616104395,0
2016-05-22,768.0,784.0,765.0,775.0,0.91,17858.0,13846403.0,0,2016-05-22,808.1084756925397,829.8398072073811,-21.731331514841372,0
2016-05-23,775.0,784.0,775.0,777.0,0.26,31204.0,24333496.0,0,2016-05-23,801.8867805540318,824.2777222381831,-22.390941684151244,0
2016-05-24,777.0,799.0,782.0,790.0,1.67,31735.0,25016538.0,0,2016-05-24,799.5094244432255,820.6695409499532,-21.160116506727718,0
2016-05-25,790.0,796.0,768.0,771.0,-2.41,28732.0,22369804.0,0,2016-05-25,793.8075395545804,815.4411682183792,-21.63362866379873,0
2016-05-26,771.0,780.0,755.0,772.0,0.13,37018.0,28362774.0,0,2016-05-26,789.4460316436644,810.8684136690762,-21.42238202541182,0
2016-05-29,772.0,775.0,754.0,756.0,-2.07,18969.0,14403480.0,0,2016-05-29,782.7568253149316,805.0927911775944,-22.335965862662874,0
2016-05-30,756.0,760.0,745.0,745.0,-1.46,16065.0,12148407.0,0,2016-05-30,775.2054602519453,798.7672342115319,-23.561773959586617,0
2016-05-31,745.0,757.0,746.0,749.0,0.54,31109.0,23368630.0,0,2016-05-31,769.9643682015562,793.5285779787391,-23.564209777182896,0
2016-06-01,749.0,755.0,740.0,747.0,-0.27,20448.0,15274964.0,0,2016-06-01,765.371494561245,788.6308329283455,-23.259338367100554,0
2016-06-02,747.0,750.0,732.0,740.0,-0.94,29789.0,22086236.0,0,2016-06-02,760.297195648996,783.5117978832566,-23.21460223426061,0
2016-06-05,740.0,740.0,718.0,718.0,-2.97,21699.0,15755967.0,0,2016-06-05,751.8377565191968,776.6158191587033,-24.778062639506516,0
2016-06-06,718.0,750.0,710.0,732.0,1.95,14794.0,10777413.0,0,2016-06-06,747.8702052153574,771.9194171419978,-24.049211926640396,0
2016-06-07,732.0,749.0,735.0,741.0,1.23,20109.0,14929714.0,0,2016-06-07,746.496164172286,768.6647416533664,-22.168577481080433,0
2016-06-08,741.0,760.0,745.0,750.0,1.21,9532.0,7144951.0,0,2016-06-08,747.1969313378288,766.7000320056436,-19.503100667814806,0
2016-06-09,750.0,750.0,743.0,743.0,-0.93,14948.0,11165055.0,0,2016-06-09,746.3575450702631,764.2052917945232,-17.847746724260105,0
2016-06-12,743.0,760.0,730.0,754.0,1.48,26571.0,19836312.0,0,2016-06-12,747.8860360562105,763.1310505529945,-15.245014496783938,0
2016-06-13,754.0,780.0,738.0,760.0,0.8,15077.0,11494378.0,0,2016-06-13,750.3088288449684,762.8014662842583,-12.492637439289865,0
2016-06-14,760.0,763.0,748.0,756.0,-0.53,26580.0,20024932.0,0,2016-06-14,751.4470630759748,762.0855224648626,-10.638459388887782,0
2016-06-15,756.0,755.0,735.0,745.0,-1.46,19930.0,14824427.0,0,2016-06-15,750.1576504607799,760.2870464159297,-10.12939595514979,0
2016-06-16,745.0,751.0,736.0,745.0,0.0,19188.0,14257934.0,0,2016-06-16,749.1261203686239,758.6778836353055,-9.551763266681633,0
2016-06-19,745.0,749.0,730.0,736.0,-1.21,12918.0,9565270.0,0,2016-06-19,746.5008962948992,756.290737989484,-9.789841694584766,0
2016-06-20,736.0,749.0,735.0,739.0,0.41,9017.0,6664941.0,0,2016-06-20,745.0007170359195,754.4706603063804,-9.46994327046093,0
2016-06-21,739.0,749.0,739.0,745.0,0.81,12279.0,9107767.0,0,2016-06-21,745.0005736287357,753.4737486951825,-8.473175066446856,0
2016-06-22,745.0,770.0,751.0,759.0,1.88,30361.0,23083320.0,0,2016-06-22,747.8004589029886,754.0554593588474,-6.2550004558588626,0
2016-06-23,759.0,770.0,756.0,757.0,-0.26,14530.0,11049251.0,0,2016-06-23,749.6403671223909,754.3654110052846,-4.725043882893715,0
2016-06-26,757.0,775.0,760.0,774.0,2.25,13930.0,10692046.0,0,2016-06-26,754.5122936979128,756.4322098468336,-1.9199161489208336,0
2016-06-27,774.0,800.0,780.0,800.0,3.36,34968.0,27847944.0,0,2016-06-27,763.6098349583302,761.0182930208512,2.5915419374790645,1
2016-06-28,800.0,829.0,800.0,810.0,1.25,42740.0,34761576.0,0,2016-06-28,772.8878679666642,766.1742621765511,6.7136057901130926,0
2016-06-29,810.0,819.0,805.0,812.0,0.25,37075.0,30134596.0,0,2016-06-29,780.7102943733314,770.9980240527037,9.712270320627681,0
2016-06-30,812.0,811.0,794.0,808.0,-0.49,24263.0,19517932.0,0,2016-06-30,786.1682354986652,774.8929688892613,11.275266609403957,0
2016-07-03,808.0,802.0,784.0,797.0,-1.36,19671.0,15679740.0,0,2016-07-03,788.3345883989322,777.2200247956548,11.114563603277361,0
2016-07-04,797.0,800.0,790.0,795.0,-0.25,14872.0,11834410.0,0,2016-07-04,789.6676707191458,779.0916011329543,10.576069586191466,0
2016-07-05,795.0,801.0,775.0,794.0,-0.13,9935.0,7894838.0,0,2016-07-05,790.5341365753168,780.6609062768539,9.873230298462886,0
2016-07-06,794.0,805.0,793.0,799.0,0.63,16892.0,13458610.0,0,2016-07-06,792.2273092602534,782.5913371950797,9.635972065173632,0
2016-07-10,799.0,805.0,790.0,800.0,0.13,35767.0,28616936.0,0,2016-07-10,793.7818474082028,784.4238280166503,9.358019391552489,0
2016-07-11,800.0,814.0,790.0,790.0,-1.25,27117.0,21629576.0,0,2016-07-11,793.0254779265623,785.0107934885818,8.014684437980463,0
2016-07-12,790.0,799.0,776.0,783.0,-0.89,26481.0,20831396.0,0,2016-07-12,791.02038234125,784.7991310160995,6.221251325150433,0
2016-07-13,783.0,780.0,765.0,778.0,-0.64,21074.0,16318030.0,0,2016-07-13,788.416305873,784.0834330144048,4.332872858595238,0
2016-07-14,778.0,804.0,780.0,798.0,2.57,38266.0,30272456.0,0,2016-07-14,790.3330446984002,785.5483348023622,4.784709896037953,0
2016-07-17,798.0,825.0,795.0,824.0,3.26,32592.0,26485290.0,0,2016-07-17,797.0664357587202,789.5958785073767,7.470557251343507,0
2016-07-18,824.0,906.0,840.0,880.0,6.8,56056.0,49058280.0,0,2016-07-18,813.6531486069762,799.1121018223897,14.541046784586456,0
2016-07-19,880.0,910.0,863.0,898.0,2.05,80145.0,71635552.0,0,2016-07-19,830.522518885581,809.5213542621382,21.001164623442833,0
2016-07-20,898.0,933.0,878.0,904.0,0.67,84210.0,76974144.0,0,2016-07-20,845.2180151084649,819.4664748661236,25.75154024234132,0
2016-07-21,904.0,919.0,880.0,890.0,-1.55,43448.0,38840472.0,0,2016-07-21,854.174412086772,826.8910564591631,27.2833556276089,0
2016-07-25,890.0,901.0,885.0,899.0,1.01,55981.0,50079440.0,0,2016-07-25,863.1395296694177,834.4814715687249,28.658058100692756,0
2016-07-26,899.0,925.0,895.0,901.0,0.22,47795.0,43252204.0,0,2016-07-26,870.7116237355342,841.4834219299119,29.228201805622348,0
2016-07-27,901.0,934.0,901.0,914.0,1.44,43251.0,39452464.0,0,2016-07-27,879.3692989884273,849.1167459372896,30.25255305113774,0
2016-07-28,914.0,922.0,900.0,910.0,-0.44,42814.0,39023664.0,0,2016-07-28,885.4954391907419,855.5255095228381,29.969929667903784,0
2016-07-31,910.0,910.0,895.0,896.0,-1.54,22432.0,20164916.0,0,2016-07-31,887.5963513525936,859.7859822046446,27.810369147949018,0
2016-08-01,896.0,896.0,868.0,879.0,-1.9,31294.0,27499944.0,0,2016-08-01,885.8770810820749,861.8085103936294,24.06857068844556,0
2016-08-02,879.0,885.0,868.0,873.0,-0.68,18631.0,16289133.0,0,2016-08-02,883.30166486566,862.986561931142,20.315102934517995,0
2016-08-03,873.0,875.0,850.0,869.0,-0.46,23967.0,20758324.0,0,2016-08-03,880.4413318925281,863.6195554120744,16.82177648045365,0
2016-08-04,869.0,860.0,837.0,845.0,-2.76,37522.0,31868940.0,0,2016-08-04,873.3530655140225,861.6596022108034,11.693463303219119,0
2016-08-07,845.0,872.0,845.0,849.0,0.47,30297.0,26042212.0,0,2016-08-07,868.482452411218,860.327012504403,8.15543990681499,0
2016-08-08,849.0,835.0,790.0,791.0,-6.83,19988.0,16342956.0,0,2016-08-08,852.9859619289745,853.0294322407817,-0.0434703118072548,-1
2016-08-09,791.0,854.0,806.0,854.0,7.96,2400.0,2017700.0,0,2016-08-09,853.1887695431797,853.1315972680679,0.05717227511172496,1
2016-08-10,854.0,881.0,810.0,850.0,-0.47,43751.0,37486312.0,0,2016-08-10,852.5510156345438,852.8019554503766,-0.250939815832794,-1
2016-08-11,850.0,852.0,845.0,846.0,-0.47,18495.0,15685468.0,0,2016-08-11,851.2408125076352,852.0859601398106,-0.8451476321754399,0
2016-08-14,846.0,850.0,817.0,830.0,-1.89,23569.0,19535772.0,0,2016-08-14,846.9926500061082,849.7611222303568,-2.768472224248626,0
2016-08-15,830.0,820.0,800.0,815.0,-1.81,19258.0,15613401.0,0,2016-08-15,840.5941200048866,846.1020567324246,-5.507936727537981,0
2016-08-16,815.0,820.0,799.0,811.0,-0.49,17079.0,13833886.0,0,2016-08-16,834.6752960039094,842.4071033921693,-7.731807388259995,0
2016-08-17,811.0,844.0,819.0,838.0,3.33,13932.0,11632657.0,0,2016-08-17,835.3402368031276,841.943197771941,-6.602960968813363,0
2016-08-21,838.0,840.0,812.0,820.0,-2.15,10624.0,8758791.0,0,2016-08-21,832.2721894425022,839.6333874801577,-7.361198037655527,0
2016-08-22,820.0,813.0,804.0,805.0,-1.83,13402.0,10832017.0,0,2016-08-22,826.8177515540018,835.9877677454042,-9.170016191402397,0
2016-08-23,805.0,818.0,799.0,810.0,0.62,14078.0,11393488.0,0,2016-08-23,823.4542012432015,833.252213245888,-9.798012002686505,0
2016-08-24,810.0,826.0,804.0,820.0,1.23,20315.0,16666417.0,0,2016-08-24,822.7633609945613,831.8572434305313,-9.093882435970045,0
2016-08-28,820.0,890.0,836.0,890.0,8.54,125529.0,110316112.0,0,2016-08-28,836.210688795649,837.9775335957386,-1.7668448000895296,0
2016-08-29,890.0,893.0,878.0,884.0,-0.67,50459.0,44722080.0,0,2016-08-29,845.7685510365193,842.8220037435556,2.9465472929637144,1
2016-08-30,884.0,903.0,885.0,892.0,0.9,40767.0,36500356.0,0,2016-08-30,855.0148408292155,847.9986349284445,7.016205900770956,0
2016-08-31,892.0,895.0,880.0,890.0,-0.22,23912.0,21236046.0,0,2016-08-31,862.0118726633724,852.4198312517663,9.592041411606147,0
2016-09-01,890.0,900.0,885.0,889.0,-0.11,27977.0,24932620.0,0,2016-09-01,867.409498130698,856.2703753305277,11.139122800170298,0
2016-09-03,889.0,904.0,885.0,885.0,-0.45,16990.0,15146666.0,0,2016-09-03,870.9275985045584,859.2945463483669,11.633052156191525,0
2016-09-04,889.0,904.0,885.0,885.0,0.0,16990.0,15146666.0,0,2016-09-04,873.7420788036468,862.0003835748546,11.741695228792196,0
2016-09-05,885.0,900.0,888.0,895.0,1.13,54714.0,48973016.0,0,2016-09-05,877.9936630429174,865.4740274090805,12.51963563383697,0
2016-09-06,895.0,918.0,893.0,912.0,1.9,49187.0,44645548.0,0,2016-09-06,884.794930434334,870.3714982081246,14.423432226209343,0
2016-09-07,912.0,902.0,880.0,895.0,-1.86,25027.0,22398116.0,0,2016-09-07,886.8359443474673,872.9639720809537,13.87197226651358,0
2016-09-08,895.0,903.0,890.0,903.0,0.89,17857.0,15980225.0,0,2016-09-08,890.0687554779739,876.125659230327,13.943096247646963,0
2016-09-11,903.0,903.0,881.0,895.0,-0.89,38682.0,34474216.0,0,2016-09-11,891.0550043823791,878.1124319429241,12.942572439455034,0
2016-09-12,895.0,901.0,880.0,899.0,0.45,39233.0,35211124.0,0,2016-09-12,892.6440035059034,880.3111233173531,12.332880188550234,0
2016-09-14,899.0,920.0,894.0,894.0,-0.56,80530.0,72569744.0,0,2016-09-14,892.9152028047226,881.7520577050001,11.163145099722556,0
2016-09-18,894.0,894.0,875.0,885.0,-1.01,49880.0,44019360.0,0,2016-09-18,891.3321622437782,882.0939463676316,9.238215876146569,0
2016-09-20,885.0,898.0,867.0,880.0,-0.56,144031.0,126126720.0,0,2016-09-20,889.0657297950225,881.8735309605125,7.192198834510009,0
2016-09-21,698.0,711.0,665.0,680.0,-22.73,18405.0,12495280.0,0,2016-09-21,847.2525838360181,860.623685596248,-13.371101760229976,-1
2016-09-22,680.0,680.0,661.0,665.0,-2.21,17244.0,11593835.0,0,2016-09-22,810.8020670688145,840.0317186913799,-29.22965162256537,0
2016-09-25,665.0,655.0,630.0,635.0,-4.51,21743.0,13884492.0,0,2016-09-25,775.6416536550516,818.44943251334,-42.807778858288316,0
2016-09-26,635.0,663.0,626.0,663.0,4.41,12019.0,7744437.0,0,2016-09-26,753.1133229240414,802.086334354041,-48.97301142999959,0
2016-09-27,663.0,671.0,650.0,660.0,-0.45,13753.0,9100179.0,0,2016-09-27,734.4906583392332,787.1298781062472,-52.63921976701408,0
2016-09-28,660.0,660.0,646.0,650.0,-1.52,9601.0,6234453.0,0,2016-09-28,717.5925266713865,772.6951540950633,-55.102627423676836,0
2016-09-29,650.0,663.0,642.0,650.0,0.0,10265.0,6642314.0,0,2016-09-29,704.0740213371092,759.7798747166356,-55.70585337952639,0
2016-10-02,650.0,660.0,645.0,648.0,-0.31,8574.0,5573075.0,0,2016-10-02,692.8592170696875,748.0135721148845,-55.15435504519701,0
2016-10-03,648.0,660.0,650.0,658.0,1.54,6433.0,4216073.0,0,2016-10-03,685.88737365575,738.5384592606862,-52.651085604936156,0
2016-10-04,658.0,664.0,655.0,663.0,0.76,8348.0,5502114.0,0,2016-10-04,681.3098989246,730.5870424964035,-49.277143571803435,0
2016-10-05,663.0,680.0,659.0,680.0,2.56,9946.0,6628196.0,0,2016-10-05,681.0479191396801,725.2620906546767,-44.21417151499668,0
2016-10-06,680.0,683.0,674.0,678.0,-0.29,8003.0,5430096.0,0,2016-10-06,680.4383353117441,720.2871337436582,-39.84879843191402,0
2016-10-16,678.0,666.0,658.0,660.0,-2.65,3547.0,2347771.0,0,2016-10-16,676.3506682493953,713.9411196653784,-37.590451415983125,0
2016-10-17,660.0,660.0,647.0,651.0,-1.36,5758.0,3758521.0,0,2016-10-17,671.2805345995163,707.3157386479702,-36.03520404845392,0
2016-10-18,651.0,655.0,644.0,646.0,-0.77,6085.0,3939778.0,0,2016-10-18,666.2244276796131,700.8614503692365,-34.63702268962345,0
2016-10-19,646.0,651.0,642.0,648.0,0.31,6977.0,4505359.0,0,2016-10-19,662.5795421436906,695.2970871724748,-32.71754502878423,0
2016-10-20,648.0,651.0,643.0,648.0,0.0,3303.0,2133809.0,0,2016-10-20,659.6636337149525,690.3184464174775,-30.654812702524964,0
2016-10-23,648.0,650.0,633.0,635.0,-2.01,6063.0,3890654.0,0,2016-10-23,654.7309069719621,684.495452057743,-29.764545085780924,0
2016-10-24,635.0,636.0,624.0,627.0,-1.26,6771.0,4260641.0,0,2016-10-24,649.1847255775697,678.4432992095595,-29.25857363198986,0
2016-10-25,627.0,626.0,610.0,615.0,-1.91,10593.0,6519013.0,0,2016-10-25,642.3477804620558,671.7650571875006,-29.41727672544482,0
2016-10-26,615.0,615.0,600.0,609.0,-0.98,19957.0,12096246.0,0,2016-10-26,635.6782243696446,665.1582090625006,-29.47998469285608,0
2016-10-27,609.0,620.0,608.0,610.0,0.16,6749.0,4124275.0,0,2016-10-27,630.5425794957157,659.3520817927638,-28.809502297048084,0
2016-11-03,610.0,620.0,608.0,614.0,0.66,2568.0,1567482.0,0,2016-11-03,627.2340635965726,654.578178446157,-27.344114849584457,0
2016-11-07,614.0,618.0,606.0,612.0,-0.33,9272.0,5660666.0,0,2016-11-07,624.1872508772581,650.096264925509,-25.909014048250924,0
2016-11-08,612.0,612.0,595.0,596.0,-2.61,6455.0,3900291.0,0,2016-11-08,618.5498007018065,644.4019212491396,-25.85212054733313,0
2016-11-09,596.0,606.0,580.0,582.0,-2.35,10255.0,6013269.0,0,2016-11-09,611.2398405614452,637.8332979597566,-26.59345739831133,0
2016-11-10,582.0,598.0,587.0,591.0,1.55,19889.0,11739857.0,0,2016-11-10,607.1918724491562,632.9034771218875,-25.711604672731255,0
2016-11-13,591.0,592.0,585.0,587.0,-0.68,6912.0,4068599.0,0,2016-11-13,603.153497959325,628.0715321616888,-24.918034202363742,0
2016-11-14,587.0,595.0,582.0,586.0,-0.17,12668.0,7482377.0,0,2016-11-14,599.7227983674601,623.6429498288795,-23.920151461419437,0
2016-11-15,586.0,592.0,570.0,570.0,-2.73,15963.0,9282123.0,0,2016-11-15,593.7782386939681,617.9963235311027,-24.218084837134597,0
2016-11-16,570.0,579.0,570.0,570.0,0.0,8105.0,4642313.0,0,2016-11-16,589.0225909551746,612.9440789488814,-23.92148799370682,0
2016-11-17,570.0,575.0,545.0,547.0,-4.04,21731.0,12008380.0,0,2016-11-17,580.6180727641397,606.0025969542622,-25.384524190122534,0
2016-11-20,547.0,550.0,522.0,530.0,-3.11,39521.0,21075360.0,0,2016-11-20,570.4944582113118,598.0023235906557,-27.50786537934391,0
2016-11-21,530.0,565.0,527.0,545.0,2.83,18853.0,10256156.0,0,2016-11-21,565.3955665690494,592.4231316337446,-27.02756506469518,0
2016-11-22,545.0,550.0,525.0,540.0,-0.92,18744.0,10166819.0,0,2016-11-22,560.3164532552396,586.9049072512452,-26.58845399600557,0
2016-11-23,540.0,542.0,525.0,533.0,-1.3,22374.0,11941367.0,0,2016-11-23,554.8531626041917,581.2307064879561,-26.377543883764474,0
2016-11-24,533.0,553.0,525.0,535.0,0.38,15416.0,8233238.0,0,2016-11-24,550.8825300833533,576.3643163313292,-25.481786247975833,0
2016-11-27,535.0,531.0,505.0,508.0,-5.05,20997.0,10831468.0,0,2016-11-27,542.3060240666827,569.1680725069788,-26.86204844029612,0
2016-11-28,508.0,545.0,488.0,534.0,5.12,21646.0,11089115.0,0,2016-11-28,540.6448192533462,565.466170137823,-24.82135088447683,0
2016-11-29,534.0,566.0,514.0,562.0,5.24,21579.0,11698143.0,0,2016-11-29,544.915855402677,565.1013101233153,-20.18545472063829,0
2016-11-30,562.0,580.0,555.0,573.0,1.96,21959.0,12488495.0,0,2016-11-30,550.5326843221417,565.9327511629664,-15.400066840824707,0
2016-12-01,573.0,582.0,560.0,569.0,-0.7,24219.0,13828356.0,0,2016-12-01,554.2261474577133,566.2556194616016,-12.029472003888259,0
2016-12-04,569.0,567.0,555.0,555.0,-2.46,14632.0,8189618.0,0,2016-12-04,554.3809179661707,565.0708174130119,-10.689899446841196,0
2016-12-05,555.0,560.0,528.0,533.0,-3.96,15295.0,8212971.0,0,2016-12-05,550.1047343729366,561.6949418958527,-11.590207522916103,0
2016-12-06,533.0,545.0,530.0,539.0,1.13,14565.0,7769193.0,0,2016-12-06,547.8837874983493,559.3060006436576,-11.42221314530832,0
2016-12-07,539.0,544.0,535.0,539.0,0.0,7217.0,3882133.0,0,2016-12-07,546.1070299986795,557.1685268916937,-11.061496893014123,0
2016-12-08,539.0,540.0,534.0,536.0,-0.56,8066.0,4322351.0,0,2016-12-08,544.0856239989437,554.9402609030943,-10.854636904150652,0
2016-12-11,536.0,538.0,522.0,529.0,-1.31,10906.0,5768611.0,0,2016-12-11,541.068499199155,552.2097071238213,-11.141207924666332,0
2016-12-12,529.0,537.0,515.0,530.0,0.19,3967.0,2076835.0,0,2016-12-12,538.854799359324,549.8718432160506,-11.01704385672656,0
2016-12-14,530.0,540.0,521.0,534.0,0.75,9427.0,4993469.0,0,2016-12-14,537.8838394874592,548.201122877519,-10.317283390059742,0
2016-12-15,534.0,537.0,530.0,537.0,0.56,5999.0,3206698.0,0,2016-12-15,537.7070715899674,547.0220573114643,-9.314985721496896,0
2016-12-18,537.0,537.0,525.0,535.0,-0.37,6606.0,3521112.0,0,2016-12-18,537.1656572719739,545.756577594468,-8.590920322494071,0
2016-12-19,535.0,537.0,525.0,525.0,-1.87,6368.0,3360681.0,0,2016-12-19,534.7325258175792,543.5716746897872,-8.839148872207943,0
2016-12-20,525.0,525.0,512.0,520.0,-0.95,5450.0,2833608.0,0,2016-12-20,531.7860206540633,541.0904457750728,-9.304425121009444,0
2016-12-21,520.0,519.0,501.0,510.0,-1.92,8363.0,4258888.0,0,2016-12-21,527.4288165232507,537.8177672724336,-10.388950749182868,0
2016-12-22,510.0,515.0,501.0,514.0,0.78,3320.0,1697756.0,0,2016-12-22,524.7430532186006,535.3106338753353,-10.567580656734663,0
2016-12-26,514.0,515.0,493.0,497.0,-3.31,9448.0,4740676.0,0,2016-12-26,519.1944425748806,531.2779355726684,-12.083492997787857,0
2016-12-27,497.0,505.0,476.0,482.0,-3.02,13779.0,6681427.0,0,2016-12-27,511.7555540599045,526.0907844597559,-14.335230399851412,0
2016-12-28,482.0,495.0,480.0,486.0,0.83,11911.0,5809505.0,0,2016-12-28,506.6044432479236,521.8707018850448,-15.266258637121211,0
2016-12-29,486.0,502.0,494.0,502.0,3.29,15310.0,7627631.0,0,2016-12-29,505.6835545983389,519.7790490550401,-14.095494456701203,0
2017-01-01,502.0,516.0,502.0,510.0,1.59,7855.0,4009924.0,0,2017-01-01,506.54684367867117,518.749675470299,-12.202831791627887,0
2017-01-02,510.0,522.0,508.0,522.0,2.35,9528.0,4918690.0,0,2017-01-02,509.63747494293693,519.0918148944781,-9.454339951541215,0
2017-01-03,522.0,520.0,503.0,508.0,-2.68,11020.0,5647182.0,0,2017-01-03,509.3099799543496,517.9242554319015,-8.614275477551928,0
2017-01-04,508.0,510.0,493.0,508.0,0.0,7959.0,3996114.0,0,2017-01-04,509.04798396347974,516.8795969653856,-7.831613001905907,0
2017-01-05,508.0,508.0,496.0,503.0,-0.98,11264.0,5641567.0,0,2017-01-05,507.83838717078385,515.4185867585029,-7.580199587719051,0
2017-01-08,503.0,500.0,490.0,497.0,-1.19,14975.0,7398712.0,0,2017-01-08,505.67070973662715,513.4797881523447,-7.809078415717522,0
2017-01-09,497.0,503.0,491.0,503.0,1.21,12959.0,6438597.0,0,2017-01-09,505.13656778930175,512.376652557361,-7.240084768059262,0
2017-01-10,503.0,508.0,501.0,501.0,-0.4,7145.0,3599838.0,0,2017-01-10,504.3092542314414,511.179110182902,-6.869855951460579,0
2017-01-11,501.0,510.0,499.0,500.0,-0.2,8569.0,4300706.0,0,2017-01-11,503.44740338515317,510.0023617425965,-6.554958357443354,0
2017-01-12,500.0,505.0,498.0,505.0,1.0,11634.0,5822734.0,0,2017-01-12,503.7579227081226,509.475797348639,-5.717874640516413,0
2017-01-15,505.0,505.0,495.0,503.0,-0.4,2861.0,1428048.0,0,2017-01-15,503.6063381664981,508.79413446983494,-5.187796303336825,0
2017-01-16,503.0,503.0,495.0,497.0,-1.19,7255.0,3614755.0,0,2017-01-16,502.28507053319856,507.552646630905,-5.26757609770641,0
2017-01-17,497.0,500.0,492.0,500.0,0.6,8214.0,4069412.0,0,2017-01-17,501.8280564265589,506.7576311960729,-4.9295747695140335,0
2017-01-18,500.0,510.0,491.0,499.0,-0.2,12104.0,6017998.0,0,2017-01-18,501.26244514124716,505.9410384385916,-4.678593297344435,0
2017-01-19,499.0,500.0,495.0,496.0,-0.6,5109.0,2545368.0,0,2017-01-19,500.20995611299776,504.8946133397925,-4.684657226794741,0
2017-01-22,496.0,501.0,494.0,494.0,-0.4,8247.0,4105367.0,0,2017-01-22,498.96796489039826,503.7478119356038,-4.779847045205543,0
2017-01-23,494.0,493.0,488.0,488.0,-1.21,9530.0,4673921.0,0,2017-01-23,496.77437191231866,502.0901475213297,-5.315775609011041,0
2017-01-24,488.0,494.0,471.0,480.0,-1.64,12559.0,6055477.0,0,2017-01-24,493.41949752985494,499.76486883487394,-6.345371305019,0
2017-01-25,480.0,479.0,454.0,465.0,-3.12,13693.0,6406153.0,0,2017-01-25,487.735598023884,496.10540895751876,-8.369810933634767,0
2017-01-26,465.0,469.0,447.0,456.0,-1.94,20406.0,9292271.0,0,2017-01-26,481.38847841910723,491.8837869619905,-10.495308542883265,0
2017-01-30,456.0,451.0,437.0,445.0,-2.41,21770.0,9614335.0,0,2017-01-30,474.1107827352858,486.94865149230725,-12.837868757021454,0
2017-01-31,445.0,464.0,439.0,455.0,2.25,10784.0,4837050.0,0,2017-01-31,470.28862618822865,483.5856355457486,-13.297009357519926,0
2017-02-01,455.0,479.0,456.0,477.0,4.84,11343.0,5327189.0,0,2017-02-01,471.63090095058294,482.89241075145924,-11.261509800876297,0
2017-02-02,477.0,495.0,462.0,475.0,-0.42,15489.0,7379687.0,0,2017-02-02,472.30472076046635,482.06163067235826,-9.75690991189191,0
2017-02-05,475.0,473.0,453.0,466.0,-1.89,5095.0,2363946.0,0,2017-02-05,471.0437766083731,480.3709327068468,-9.327156098473722,0
2017-02-06,466.0,466.0,458.0,460.0,-1.29,5397.0,2488290.0,0,2017-02-06,468.8350212866985,478.22662400086296,-9.391602714164435,0
2017-02-07,460.0,463.0,434.0,458.0,-0.43,11518.0,5173284.0,0,2017-02-07,466.66801702935885,476.09750568498265,-9.4294886556238,0
2017-02-08,458.0,459.0,435.0,438.0,-4.37,23079.0,10208438.0,0,2017-02-08,460.9344136234871,472.0872419286687,-11.152828305181572,0
2017-02-09,438.0,435.0,421.0,426.0,-2.74,21780.0,9327364.0,0,2017-02-09,453.9475308987897,467.2359533045983,-13.288422405808603,0
2017-02-12,426.0,426.0,407.0,414.0,-2.82,16125.0,6689803.0,0,2017-02-12,445.9580247190318,461.6321687462195,-15.674144027187708,0
2017-02-13,414.0,423.0,400.0,423.0,2.17,31399.0,12639381.0,0,2017-02-13,441.3664197752255,457.56562466767014,-16.19920489244464,0
2017-02-14,423.0,423.0,405.0,407.0,-3.78,11603.0,4779760.0,0,2017-02-14,434.49313582018044,452.2429273342311,-17.749791514050685,0
2017-02-15,407.0,430.0,410.0,429.0,5.41,12093.0,5084309.0,0,2017-02-15,433.3945086561444,449.796303404312,-16.401794748167617,0
2017-02-16,429.0,448.0,421.0,446.0,3.96,25025.0,10916832.0,0,2017-02-16,435.91560692491555,449.39669251964756,-13.481085594732008,0
2017-02-19,446.0,454.0,423.0,444.0,-0.45,30607.0,13555948.0,0,2017-02-19,437.53248553993245,448.82861962284255,-11.2961340829101,0
2017-02-20,444.0,451.0,439.0,440.0,-0.9,16082.0,7129768.0,0,2017-02-20,438.02598843194596,447.89929124149074,-9.873302809544782,0
2017-02-21,440.0,449.0,432.0,435.0,-1.14,18519.0,8131521.0,0,2017-02-21,437.4207907455568,446.5414711108075,-9.120680365250678,0
2017-02-22,435.0,435.0,425.0,425.0,-2.3,8577.0,3658453.0,0,2017-02-22,434.93663259644546,444.27394783598567,-9.337315239540203,0
2017-02-23,425.0,433.0,420.0,422.0,-0.71,11868.0,5018865.0,0,2017-02-23,432.34930607715637,441.9293217479872,-9.580015670830846,0
2017-02-26,422.0,425.0,418.0,420.0,-0.47,3185.0,1341864.0,0,2017-02-26,429.8794448617251,439.62097209030435,-9.74152722857923,0
2017-02-28,420.0,422.0,410.0,417.0,-0.71,3580.0,1484651.0,0,2017-02-28,427.30355588938016,437.2398171334302,-9.936261244050058,0
2017-03-01,417.0,420.0,417.0,419.0,0.48,5816.0,2437027.0,0,2017-03-01,425.64284471150415,435.31983638254286,-9.676991671038706,0
2017-03-02,419.0,424.0,419.0,423.0,0.95,7026.0,2963483.0,0,2017-03-02,425.11427576920335,434.02301150016996,-8.908735730966612,0
2017-03-05,423.0,431.0,416.0,431.0,1.89,6998.0,2989445.0,0,2017-03-05,426.2914206153627,433.70479976330995,-7.413379147947239,0
2017-03-06,431.0,438.0,426.0,431.0,0.0,10286.0,4430266.0,0,2017-03-06,427.23313649229016,433.420083998751,-6.186947506460854,0
2017-03-07,431.0,430.0,422.0,425.0,-1.39,3819.0,1630143.0,0,2017-03-07,426.78650919383216,432.53375936730356,-5.7472501734714,0
2017-03-09,425.0,437.0,425.0,432.0,1.65,8613.0,3732479.0,0,2017-03-09,427.8292073550657,432.4775741707453,-4.648366815679594,0
2017-03-13,432.0,439.0,432.0,435.0,0.69,10695.0,4639856.0,0,2017-03-13,429.2633658840526,432.7430926790879,-3.479726795035333,0
2017-03-14,435.0,441.0,435.0,435.0,0.0,16549.0,7235797.0,0,2017-03-14,430.4106927072421,432.98066187076284,-2.5699691635207387,0
2017-03-15,435.0,440.0,430.0,439.0,0.92,10404.0,4541984.0,0,2017-03-15,432.12855416579373,433.6142764106826,-1.4857222448888479,0
2017-03-16,439.0,444.0,437.0,440.0,0.23,16755.0,7366958.0,0,2017-03-16,433.702843332635,434.28645784113706,-0.5836145085020803,0
2017-03-19,440.0,450.0,436.0,449.0,2.05,29956.0,13227743.0,0,2017-03-19,436.762274666108,435.8352517525963,0.9270229135116779,1
2017-03-20,403.0,424.0,403.0,424.0,-5.57,7412.0,3083233.0,0,2017-03-20,434.20981973288644,434.58943577863886,-0.3796160457524138,-1
2017-03-21,424.0,432.0,418.0,432.0,1.89,7603.0,3232826.0,0,2017-03-21,433.76785578630916,434.3168635914137,-0.5490078051045657,0
2017-03-22,432.0,451.0,433.0,436.0,0.93,21202.0,9375120.0,0,2017-03-22,434.2142846290473,434.4940358449491,-0.27975121590179697,0
2017-03-23,436.0,444.0,428.0,432.0,-0.92,11678.0,5069670.0,0,2017-03-23,433.7714277032379,434.2315057560071,-0.4600780527691768,0
2017-03-26,432.0,455.0,435.0,450.0,4.17,15335.0,6879576.0,0,2017-03-26,437.01714216259035,435.89134725537474,1.1257949072156066,1
2017-03-28,450.0,477.0,450.0,477.0,6.0,11946.0,5519843.0,0,2017-03-28,445.01371373007225,440.2185738600721,4.795139870000128,0
2017-03-29,477.0,504.0,451.0,471.0,-1.26,29039.0,13933235.0,0,2017-03-29,450.21097098405784,443.4587239800645,6.752247003993318,0
2017-03-30,471.0,470.0,460.0,460.0,-2.34,11655.0,5412217.0,0,2017-03-30,452.1687767872463,445.1999109295314,6.9688658577148885,0
2017-04-02,460.0,496.0,469.0,491.0,6.74,9033.0,4382250.0,0,2017-04-02,459.9350214297971,450.0209729369492,9.914048492847883,0
2017-04-03,491.0,540.0,482.0,490.0,-0.2,22972.0,11729871.0,0,2017-04-03,465.94801714383766,454.22929157516506,11.718725568672596,0
2017-04-04,490.0,510.0,481.0,485.0,-1.02,28912.0,14184657.0,0,2017-04-04,469.75841371507016,457.46831351462134,12.29010020044882,0
2017-04-06,485.0,488.0,472.0,484.0,-0.21,10529.0,5062755.0,0,2017-04-06,472.60673097205614,460.26112261834544,12.345608353710702,0
2017-04-09,484.0,499.0,479.0,480.0,-0.83,13087.0,6320732.0,0,2017-04-09,474.08538477764495,462.3388991848354,11.746485592809563,0
2017-04-10,480.0,485.0,476.0,482.0,0.42,7953.0,3822523.0,0,2017-04-10,475.66830782211593,464.4084887443264,11.25981907778953,0
2017-04-11,482.0,518.0,482.0,515.0,6.85,25801.0,12870899.0,0,2017-04-11,483.53464625769277,469.73391098176575,13.800735275927025,0
2017-04-12,515.0,525.0,508.0,508.0,-1.36,37185.0,19243638.0,0,2017-04-12,488.42771700615424,473.7619203521062,14.665796654048052,0
2017-04-13,508.0,516.0,498.0,504.0,-0.79,21185.0,10668883.0,0,2017-04-13,491.54217360492345,476.944876104516,14.597297500407421,0
2017-04-16,504.0,510.0,482.0,482.0,-4.37,7761.0,3801885.0,0,2017-04-16,489.6337388839388,477.4769944093038,12.15674447463499,0
2017-04-18,482.0,490.0,463.0,469.0,-2.7,15342.0,7195910.0,0,2017-04-18,485.50699110715107,476.5846792083245,8.922311898826592,0
2017-04-19,469.0,502.0,470.0,502.0,7.04,23524.0,11404710.0,0,2017-04-19,488.8055928857209,479.259976133764,9.545616751956914,0
2017-04-20,502.0,520.0,485.0,495.0,-1.39,25355.0,12646289.0,0,2017-04-20,490.04447430857675,480.9168207512625,9.127653557314261,0
2017-04-23,495.0,530.0,504.0,509.0,2.83,28303.0,14433267.0,0,2017-04-23,493.83557944686146,483.8729448827085,9.96263456415295,0
2017-04-24,509.0,507.0,495.0,495.0,-2.75,13024.0,6515870.0,0,2017-04-24,494.06846355748917,485.0442138424234,9.024249715065764,0
2017-04-25,495.0,500.0,488.0,492.0,-0.61,18904.0,9284548.0,0,2017-04-25,493.6547708459914,485.77640185901043,7.878368986980945,0
2017-04-26,492.0,498.0,485.0,489.0,-0.61,10384.0,5078468.0,0,2017-04-26,492.72381667679315,486.1157279791146,6.608088697678568,0
2017-04-27,489.0,493.0,478.0,483.0,-1.23,6941.0,3371368.0,0,2017-04-27,490.7790533414346,485.78775661289194,4.991296728542636,0
2017-04-30,483.0,485.0,464.0,470.0,-2.69,32564.0,15274195.0,0,2017-04-30,486.6232426731477,484.1258874957454,2.4973551774022553,0
2017-05-02,470.0,479.0,457.0,470.0,0.0,7684.0,3614978.0,0,2017-05-02,483.2985941385182,482.63895196987744,0.6596421686407439,0
2017-05-03,470.0,489.0,470.0,475.0,1.06,12835.0,6129116.0,0,2017-05-03,481.63887531081457,481.8348517625219,-0.19597645170733813,-1
2017-05-04,475.0,476.0,466.0,471.0,-0.84,13536.0,6363678.0,0,2017-05-04,479.51110024865164,480.6943410506775,-1.183240802025864,0
2017-05-07,471.0,472.0,460.0,463.0,-1.7,11320.0,5237341.0,0,2017-05-07,476.20888019892135,478.83177883481676,-2.6228986358954103,0
2017-05-08,463.0,470.0,462.0,465.0,0.43,4816.0,2235332.0,0,2017-05-08,473.9671041591371,477.3758021153624,-3.4086979562252964,0
2017-05-09,465.0,468.0,462.0,466.0,0.22,12151.0,5648121.0,0,2017-05-09,472.37368332730966,476.1783492611137,-3.804665933804017,0
2017-05-11,466.0,473.0,465.0,470.0,0.86,12123.0,5671661.0,0,2017-05-11,471.89894666184773,475.52799670731224,-3.62905004546451,0
2017-05-15,470.0,483.0,466.0,472.0,0.43,8925.0,4218345.0,0,2017-05-15,471.91915732947825,475.1566286328583,-3.2374713033800617,0
2017-05-16,472.0,470.0,464.0,465.0,-1.48,8482.0,3955215.0,0,2017-05-16,470.5353258635826,474.08750982939955,-3.552183965816937,0
2017-05-17,465.0,472.0,461.0,464.0,-0.22,10087.0,4663359.0,0,2017-05-17,469.22826069086614,473.0256666894628,-3.7974059985966733,0
2017-05-18,464.0,468.0,460.0,465.0,0.22,12050.0,5578722.0,0,2017-05-18,468.38260855269294,472.18085966951935,-3.798251116826407,0
2017-05-21,465.0,465.0,459.0,460.0,-1.08,13712.0,6333434.0,0,2017-05-21,466.7060868421544,470.8986639148331,-4.192577072678716,0
2017-05-22,460.0,456.0,450.0,453.0,-1.52,9814.0,4435972.0,0,2017-05-22,463.9648694737235,469.0145940290612,-5.0497245553376615,0
2017-05-23,453.0,465.0,455.0,462.0,1.99,6832.0,3152711.0,0,2017-05-23,463.5718955789788,468.2762157102127,-4.704320131233885,0
2017-05-24,462.0,463.0,456.0,461.0,-0.22,7177.0,3298210.0,0,2017-05-24,463.05751646318305,467.5102982670324,-4.452781803849348,0
2017-05-28,461.0,455.0,450.0,455.0,-1.3,7627.0,3454217.0,0,2017-05-28,461.44601317054645,466.1934247652395,-4.747411594693062,0
2017-05-30,455.0,463.0,449.0,451.0,-0.88,13491.0,6107736.0,0,2017-05-30,459.3568105364372,464.5941168952143,-5.2373063587771185,0
2017-05-31,451.0,458.0,447.0,455.0,0.89,12546.0,5657952.0,0,2017-05-31,458.48544842914976,463.58420985361283,-5.098761424463078,0
2017-06-01,455.0,460.0,450.0,450.0,-1.1,6680.0,3026120.0,0,2017-06-01,456.7883587433198,462.1542930269167,-5.365934283596914,0
2017-06-04,450.0,455.0,444.0,447.0,-0.67,17317.0,7765465.0,0,2017-06-04,454.8306869946558,460.55910428724127,-5.728417292585448,0
2017-06-05,447.0,459.0,442.0,455.0,1.79,14454.0,6458701.0,0,2017-06-05,454.86454959572467,459.9739354149001,-5.109385819175429,0
2017-06-06,455.0,465.0,455.0,465.0,2.2,14634.0,6733540.0,0,2017-06-06,456.89163967657976,460.50299484491063,-3.611355168330874,0
2017-06-07,465.0,470.0,452.0,453.0,-2.58,16302.0,7483134.0,0,2017-06-07,456.11331174126383,459.7132059138674,-3.5998941726035696,0
2017-06-08,453.0,465.0,445.0,450.0,-0.66,11279.0,5098867.0,0,2017-06-08,454.8906493930111,458.6907631860919,-3.8001137930808113,0
2017-06-11,450.0,447.0,438.0,438.0,-2.67,20165.0,8895488.0,0,2017-06-11,451.5125195144089,456.5127881138717,-5.0002685994628,0
2017-06-12,438.0,442.0,432.0,435.0,-0.68,6720.0,2942923.0,0,2017-06-12,448.2100156115271,454.2482841018852,-6.038268490358064,0
2017-06-13,435.0,446.0,431.0,440.0,1.15,7458.0,3273264.0,0,2017-06-13,446.5680124892217,452.7484647227394,-6.180452233517713,0
2017-06-14,440.0,446.0,435.0,440.0,0.0,7361.0,3250105.0,0,2017-06-14,445.2544099913774,451.4065210677142,-6.152111076336837,0
2017-06-15,440.0,447.0,430.0,445.0,1.14,13314.0,5863283.0,0,2017-06-15,445.20352799310194,450.73215042900745,-5.528622435905504,0
2017-06-18,445.0,447.0,433.0,438.0,-1.57,7346.0,3199302.0,0,2017-06-18,443.7628223944816,449.3919240680593,-5.629101673577736,0
2017-06-19,438.0,440.0,433.0,436.0,-0.46,2687.0,1171678.0,0,2017-06-19,442.21025791558526,447.9822478503689,-5.771989934783619,0
2017-06-20,436.0,437.0,425.0,436.0,0.0,8393.0,3620172.0,0,2017-06-20,440.96820633246824,446.7209586029616,-5.7527522704933745,0
2017-06-21,436.0,437.0,428.0,431.0,-1.15,6474.0,2807590.0,0,2017-06-21,438.9745650659746,445.06612085528144,-6.091555789306824,0
2017-06-22,431.0,433.0,430.0,432.0,0.23,6999.0,3017453.0,0,2017-06-22,437.5796520527797,443.6907397126202,-6.111087659840507,0
2017-06-25,432.0,441.0,433.0,439.0,1.62,10108.0,4416182.0,0,2017-06-25,437.86372164222377,443.1969776376076,-5.333255995383809,0
2017-06-27,439.0,444.0,435.0,442.0,0.68,11037.0,4845371.0,0,2017-06-27,438.69097731377906,443.07097999154365,-4.380002677764594,0
2017-06-28,442.0,442.0,435.0,436.0,-1.36,11771.0,5154354.0,0,2017-06-28,438.15278185102324,442.32666630822325,-4.1738844572000176,0
2017-07-02,436.0,435.0,422.0,427.0,-2.06,10121.0,4324479.0,0,2017-07-02,435.9222254808186,440.71333301262075,-4.79110753180214,0
2017-07-03,427.0,432.0,426.0,430.0,0.7,7507.0,3221022.0,0,2017-07-03,434.7377803846549,439.58561374813434,-4.847833363479424,0
2017-07-04,430.0,440.0,424.0,431.0,0.23,9683.0,4172588.0,0,2017-07-04,433.99022430772396,438.68186493254126,-4.691640624817296,0
2017-07-05,431.0,435.0,428.0,435.0,0.93,7725.0,3320675.0,0,2017-07-05,434.1921794461792,438.29430020280006,-4.102120756620877,0
2017-07-06,435.0,442.0,434.0,441.0,1.38,7012.0,3072247.0,0,2017-07-06,435.55374355694335,438.5791107077685,-3.0253671508251614,0
2017-07-09,441.0,452.0,440.0,445.0,0.91,15841.0,7072585.0,0,2017-07-09,437.4429948455547,439.25499379116127,-1.8119989456065468,0
2017-07-10,445.0,446.0,443.0,445.0,0.0,6158.0,2737854.0,0,2017-07-10,438.9543958764438,439.8597312868285,-0.90533541038468,0
2017-07-11,445.0,450.0,440.0,446.0,0.22,4786.0,2125589.0,0,2017-07-11,440.36351670115505,440.5060753618992,-0.14255866074415735,0
2017-07-12,446.0,452.0,445.0,450.0,0.9,8340.0,3695315.0,0,2017-07-12,442.29081336092406,441.5054358501203,0.7853775108037553,1
2017-07-13,450.0,448.0,443.0,445.0,-1.11,5038.0,2245115.0,0,2017-07-13,442.83265068873925,441.8732847080024,0.959365980736834,0
2017-07-16,445.0,453.0,440.0,442.0,-0.67,11997.0,5316528.0,0,2017-07-16,442.6661205509914,441.88662315979167,0.7794973911997545,0
2017-07-17,442.0,455.0,444.0,455.0,2.94,11095.0,5003357.0,0,2017-07-17,445.13289644079316,443.2669786166557,1.8659178241374548,0
2017-07-18,455.0,475.0,458.0,474.0,4.18,30535.0,14319993.0,0,2017-07-18,450.9063171526346,446.502033499113,4.404283653521588,0
2017-07-19,474.0,483.0,468.0,470.0,-0.84,17403.0,8289098.0,0,2017-07-19,454.7250537221077,448.9755036571011,5.749550065006588,0
2017-07-20,470.0,480.0,470.0,472.0,0.43,26329.0,12519489.0,0,2017-07-20,458.1800429776862,451.3991348510905,6.780908126595705,0
2017-07-23,472.0,480.0,464.0,466.0,-1.27,30287.0,14179482.0,0,2017-07-23,459.744034382149,452.9360680246599,6.807966357489079,0
2017-07-24,466.0,470.0,456.0,460.0,-1.29,25111.0,11591188.0,0,2017-07-24,459.7952275057192,453.6796398115378,6.115587694181386,0
2017-07-25,460.0,469.0,460.0,463.0,0.65,10580.0,4894592.0,0,2017-07-25,460.4361820045754,454.66073035769176,5.775451646883653,0
2017-07-26,463.0,466.0,455.0,459.0,-0.86,16769.0,7718706.0,0,2017-07-26,460.14894560366037,455.1174955831979,5.031450020462444,0
2017-07-27,459.0,465.0,457.0,458.0,-0.22,8279.0,3809399.0,0,2017-07-27,459.7191564829283,455.42091710075607,4.298239382172255,0
2017-07-30,458.0,468.0,450.0,458.0,0.0,10079.0,4627829.0,0,2017-07-30,459.3753251863427,455.69239951120284,3.6829256751398702,0
2017-07-31,458.0,465.0,458.0,461.0,0.66,10283.0,4741946.0,0,2017-07-31,459.70026014907415,456.2510942994973,3.4491658495768434,0
2017-08-01,461.0,465.0,458.0,462.0,0.22,12151.0,5604943.0,0,2017-08-01,460.1602081192593,456.8562422679713,3.3039658512880123,0
2017-08-02,462.0,466.0,462.0,463.0,0.22,12444.0,5787002.0,0,2017-08-02,460.7281664954075,457.5029536081849,3.2252128872225967,0
2017-08-03,463.0,470.0,464.0,469.0,1.3,24579.0,11467457.0,0,2017-08-03,462.38253319632605,458.7131690178496,3.669364178476428,0
2017-08-06,469.0,478.0,468.0,468.0,-0.21,18709.0,8798371.0,0,2017-08-06,463.50602655706086,459.69073017386546,3.8152963831954025,0
2017-08-07,468.0,474.0,468.0,468.0,0.0,18924.0,8879081.0,0,2017-08-07,464.40482124564875,460.5653901555638,3.839431090084929,0
2017-08-09,468.0,475.0,465.0,465.0,-0.64,14262.0,6667278.0,0,2017-08-09,464.52385699651904,461.0321911918203,3.491665804698755,0
2017-08-10,465.0,465.0,459.0,462.0,-0.65,8816.0,4065171.0,0,2017-08-10,464.0190855972153,461.13406580320765,2.8850197940076328,0
2017-08-13,462.0,473.0,465.0,467.0,1.08,54872.0,25706648.0,0,2017-08-13,464.61526847777225,461.7515325607647,2.8637359170075456,0
2017-08-15,467.0,470.0,459.0,463.0,-0.86,15597.0,7236532.0,0,2017-08-15,464.29221478221785,461.8829501859474,2.409264596270475,0
2017-08-16,463.0,472.0,460.0,462.0,-0.22,17261.0,7995071.0,0,2017-08-16,463.8337718257743,461.89527121900556,1.9385006067687414,0
2017-08-17,462.0,470.0,460.0,462.0,0.0,20057.0,9285011.0,0,2017-08-17,463.46701746061945,461.90629530121555,1.5607221594038947,0
2017-08-20,462.0,465.0,456.0,456.0,-1.3,18074.0,8315734.0,0,2017-08-20,461.97361396849556,461.2845800063508,0.6890339621447765,0
2017-08-21,456.0,460.0,449.0,457.0,0.22,11655.0,5266993.0,0,2017-08-21,460.97889117479644,460.8335715846296,0.14531959016682094,0
2017-08-22,457.0,460.0,452.0,457.0,0.0,13414.0,6136628.0,0,2017-08-22,460.1831129398372,460.43003773361596,-0.24692479377875998,-1
2017-08-23,457.0,463.0,451.0,455.0,-0.44,16330.0,7441010.0,0,2017-08-23,459.1464903518698,459.85845481428794,-0.711964462418166,0
2017-08-24,455.0,460.0,455.0,458.0,0.66,13033.0,5962116.0,0,2017-08-24,458.9171922814959,459.6628279917313,-0.7456357102354332,0
2017-08-27,458.0,481.0,464.0,470.0,2.62,62701.0,29542108.0,0,2017-08-27,461.1337538251967,460.75095136102277,0.3828024641739489,1
2017-08-28,470.0,472.0,462.0,465.0,-1.06,32657.0,15245181.0,0,2017-08-28,461.9070030601574,461.19821963880986,0.7087834213475617,0
2017-08-30,465.0,465.0,448.0,451.0,-3.01,87940.0,39799420.0,0,2017-08-30,459.7256024481259,460.1247228347246,-0.39912038659866766,-1
2017-08-31,451.0,450.0,438.0,441.0,-2.22,142581.0,63069316.0,0,2017-08-31,455.9804819585008,458.1115941152799,-2.1311121567791247,0
2017-09-04,368.0,365.0,344.0,346.0,-21.54,23965.0,8336997.0,0,2017-09-04,433.98438556680065,446.3103736820926,-12.32598811529192,0
2017-09-06,346.0,358.0,345.0,349.0,0.87,15960.0,5555882.0,0,2017-09-06,416.98750845344057,436.06717645239866,-19.079667998958087,0
2017-09-07,349.0,353.0,345.0,345.0,-1.15,10659.0,3713515.0,0,2017-09-07,402.59000676275247,426.48115787846194,-23.891151115709476,0
2017-09-10,345.0,345.0,339.0,340.0,-1.45,19619.0,6716754.0,0,2017-09-10,390.072005410202,417.37787810178173,-27.305872691579737,0
2017-09-11,340.0,346.0,335.0,346.0,1.76,14034.0,4795628.0,0,2017-09-11,381.2576043281616,409.86441724896264,-28.60681292080102,0
2017-09-12,346.0,345.0,335.0,342.0,-1.16,12972.0,4412316.0,0,2017-09-12,373.4060834625293,402.7207943806508,-29.314710918121477,0
2017-09-13,342.0,345.0,331.0,340.0,-0.58,9124.0,3102232.0,0,2017-09-13,366.7248667700234,396.118605498477,-29.39373872845357,0
2017-09-14,340.0,349.0,335.0,346.0,1.76,13386.0,4577354.0,0,2017-09-14,362.57989341601876,390.8429628144268,-28.26306939840805,0
2017-09-17,346.0,353.0,344.0,353.0,2.02,10391.0,3631450.0,0,2017-09-17,360.66391473281504,386.8594930444871,-26.19557831167208,0
2017-09-18,353.0,357.0,352.0,353.0,0.0,9526.0,3374409.0,0,2017-09-18,359.13113178625207,383.2953358819095,-24.164204095657453,0
2017-09-20,353.0,352.0,346.0,348.0,-1.42,8406.0,2925734.0,0,2017-09-20,356.9049054290017,379.5800373680243,-22.675131939022606,0
2017-09-24,348.0,351.0,344.0,350.0,0.57,4527.0,1568956.0,0,2017-09-24,355.5239243432014,376.46634922402177,-20.942424880820397,0
2017-09-25,350.0,357.0,350.0,356.0,1.71,5365.0,1896436.0,0,2017-09-25,355.6191394745611,374.3119966741247,-18.692857199563605,0
2017-09-26,356.0,360.0,354.0,357.0,0.28,5974.0,2129080.0,0,2017-09-26,355.89531157964893,372.48968123474316,-16.594369655094226,0
2017-10-03,357.0,370.0,359.0,365.0,2.24,3978.0,1450215.0,0,2017-10-03,357.71624926371913,371.70129373634916,-13.985044472630022,0
2017-10-04,365.0,369.0,350.0,350.0,-4.11,10450.0,3735972.0,0,2017-10-04,356.1729994109753,369.41694702725977,-13.243947616284458,0
2017-10-08,350.0,350.0,341.0,348.0,-0.57,13409.0,4635856.0,0,2017-10-08,354.5383995287803,367.16253155070615,-12.624132021925845,0
2017-10-09,348.0,352.0,342.0,350.0,0.57,7348.0,2563930.0,0,2017-10-09,353.6307196230243,365.35594928221076,-11.725229659186482,0
2017-10-10,350.0,350.0,345.0,346.0,-1.14,12361.0,4294248.0,0,2017-10-10,352.1045756984194,363.3184809367149,-11.213905238295467,0
2017-10-11,346.0,351.0,342.0,351.0,1.45,8660.0,3017574.0,0,2017-10-11,351.8836605587355,362.02179873285013,-10.138138174114601,0
2017-10-12,351.0,357.0,352.0,354.0,0.85,8392.0,2966373.0,0,2017-10-12,352.3069284469884,361.1773988662343,-8.870470419245862,0
2017-10-15,354.0,355.0,349.0,355.0,0.28,6036.0,2126063.0,0,2017-10-15,352.84554275759075,360.52714635399906,-7.6816035964083085,0
2017-10-16,355.0,372.0,355.0,372.0,4.79,11856.0,4288337.0,0,2017-10-16,356.6764342060726,361.73481515884123,-5.05838095276863,0
2017-10-17,372.0,382.0,363.0,375.0,0.81,18138.0,6800867.0,0,2017-10-17,360.3411473648581,363.13115040527896,-2.7900030404208565,0
2017-10-18,375.0,378.0,369.0,378.0,0.8,8754.0,3245831.0,0,2017-10-18,363.8729178918865,364.69629246788116,-0.8233745759946487,0
2017-10-22,378.0,381.0,365.0,369.0,-2.38,33415.0,12437374.0,0,2017-10-22,364.8983343135092,365.1493143133673,-0.25097999985808883,0
2017-10-23,369.0,370.0,348.0,366.0,-0.81,21882.0,7974259.0,0,2017-10-23,365.1186674508074,365.23886017511813,-0.12019272431075478,0
2017-10-24,366.0,368.0,359.0,362.0,-1.09,20778.0,7524672.0,0,2017-10-24,364.4949339606459,364.89792752510573,-0.40299356445984813,0
2017-10-25,362.0,365.0,359.0,363.0,0.28,4063.0,1471382.0,0,2017-10-25,364.19594716851674,364.69814568035775,-0.5021985118410157,0
2017-10-29,363.0,363.0,357.0,358.0,-1.38,11839.0,4243612.0,0,2017-10-29,362.95675773481344,363.9930777140043,-1.0363199791908642,0
2017-10-30,358.0,363.0,353.0,363.0,1.4,10493.0,3776889.0,0,2017-10-30,362.96540618785076,363.8885432177933,-0.9231370299425521,0
2017-10-31,363.0,364.0,362.0,363.0,0.0,3442.0,1249414.0,0,2017-10-31,362.97232495028067,363.79501235276246,-0.8226874024817903,0
2017-11-01,363.0,363.0,357.0,357.0,-1.65,22323.0,8022012.0,0,2017-11-01,361.77785996022453,363.07974789457694,-1.3018879343524077,0
2017-11-02,357.0,360.0,349.0,353.0,-1.12,10044.0,3555485.0,0,2017-11-02,360.0222879681797,362.0187218004109,-1.9964338322312187,0
2017-11-05,353.0,360.0,347.0,360.0,1.98,16310.0,5729499.0,0,2017-11-05,360.01783037454373,361.8062247687887,-1.7883943942449605,0
2017-11-06,360.0,356.0,346.0,354.0,-1.67,3918.0,1373239.0,0,2017-11-06,358.814264299635,360.98451689838987,-2.170252598754871,0
2017-11-07,354.0,360.0,347.0,347.0,-1.98,9870.0,3466622.0,0,2017-11-07,356.45141143970807,359.51246248803307,-3.061051048324998,0
2017-11-08,347.0,346.0,338.0,340.0,-2.02,19862.0,6783227.0,0,2017-11-08,353.1611291517665,357.4585190682401,-4.297389916473605,0
2017-11-09,340.0,345.0,335.0,340.0,0.0,28151.0,9556763.0,0,2017-11-09,350.5289033214132,355.62078021895167,-5.091876897538441,0
2017-11-12,340.0,351.0,340.0,351.0,3.24,8625.0,2986071.0,0,2017-11-12,350.6231226571306,355.1343823011673,-4.511259644036727,0
2017-11-13,351.0,353.0,349.0,353.0,0.57,14865.0,5211871.0,0,2017-11-13,351.0984981257045,354.90971047999176,-3.8112123542872496,0
2017-11-14,353.0,359.0,350.0,356.0,0.85,12073.0,4301062.0,0,2017-11-14,352.0787985005636,355.02447779788736,-2.94567929732375,0
2017-11-15,356.0,363.0,354.0,359.0,0.84,11657.0,4176097.0,0,2017-11-15,353.46303880045093,355.44295381916237,-1.9799150187114378,0
2017-11-16,359.0,355.0,348.0,351.0,-2.23,15488.0,5409316.0,0,2017-11-16,352.9704310403607,354.9752744697769,-2.0048434294161552,0
2017-11-19,351.0,355.0,343.0,350.0,-0.28,21715.0,7513854.0,0,2017-11-19,352.37634483228857,354.45156136769515,-2.0752165354065824,0
2017-11-20,350.0,352.0,344.0,345.0,-1.43,27602.0,9557933.0,0,2017-11-20,350.9010758658309,353.4566601710957,-2.5555843052648015,0
2017-11-21,345.0,351.0,344.0,350.0,1.45,5861.0,2039175.0,0,2017-11-21,350.7208606926647,353.09280120571714,-2.3719405130524365,0
2017-11-22,350.0,351.0,346.0,351.0,0.29,12911.0,4513212.0,0,2017-11-22,350.77668855413174,352.87250634195743,-2.0958177878256947,0
2017-11-23,351.0,360.0,351.0,360.0,2.56,7226.0,2583453.0,0,2017-11-23,352.6213508433054,353.6227688322777,-1.001417988972321,0
2017-11-26,360.0,365.0,360.0,365.0,1.39,16104.0,5827193.0,0,2017-11-26,355.0970806746443,354.82037211309057,0.2767085615537326,1
2017-11-27,365.0,366.0,361.0,362.0,-0.82,16846.0,6123729.0,0,2017-11-27,356.4776645397154,355.5761224169758,0.9015421227396132,0
2017-11-28,362.0,365.0,358.0,360.0,-0.55,11498.0,4150617.0,0,2017-11-28,357.18213163177234,356.04179374150465,1.1403378902676877,0
2017-11-29,360.0,371.0,360.0,367.0,1.94,24683.0,9086891.0,0,2017-11-29,359.1457053054179,357.1952891371358,1.9504161682821177,0
2017-11-30,367.0,372.0,365.0,370.0,0.82,11206.0,4138581.0,0,2017-11-30,361.3165642443343,358.54315343848987,2.773410805844435,0
2017-12-04,370.0,371.0,358.0,361.0,-2.43,5819.0,2129400.0,0,2017-12-04,361.25325139546743,358.80176886601726,2.4514825294501748,0
2017-12-05,361.0,365.0,358.0,363.0,0.55,9511.0,3430554.0,0,2017-12-05,361.602601116374,359.24368793275227,2.3589131836217234,0
2017-12-06,363.0,365.0,358.0,362.0,-0.28,11257.0,4082936.0,0,2017-12-06,361.68208089309917,359.53382604509414,2.148254848005024,0
2017-12-10,362.0,363.0,356.0,357.0,-1.38,7932.0,2849917.0,0,2017-12-10,360.7456647144794,359.2671075140316,1.478557200447824,0
2017-12-11,357.0,360.0,357.0,357.0,0.0,1292.0,462853.0,0,2017-12-11,359.9965317715836,359.02846461781775,0.9680671537658441,0
2017-12-12,357.0,361.0,357.0,358.0,0.28,10265.0,3694414.0,0,2017-12-12,359.5972254172669,358.9202051843632,0.6770202329036579,0
2017-12-13,358.0,360.0,355.0,359.0,0.28,6093.0,2186560.0,0,2017-12-13,359.47778033381354,358.92860463864076,0.549175695172778,0
2017-12-14,359.0,365.0,359.0,365.0,1.67,7250.0,2625200.0,0,2017-12-14,360.58222426705083,359.5676988872049,1.0145253798459066,0
2017-12-17,365.0,360.0,351.0,355.0,-2.74,5006.0,1785516.0,0,2017-12-17,359.4657794136407,359.08688847802546,0.3788909356152317,0
2017-12-18,355.0,363.0,354.0,360.0,1.41,19571.0,6989313.0,0,2017-12-18,359.57262353091255,359.1830054803386,0.38961805057397214,0
2017-12-19,360.0,360.0,353.0,360.0,0.0,7876.0,2813597.0,0,2017-12-19,359.6580988247301,359.2690049034608,0.38909392126925013,0
2017-12-20,360.0,360.0,352.0,352.0,-2.22,8188.0,2904127.0,0,2017-12-20,358.12647905978406,358.50384649257023,-0.3773674327861727,-1
2017-12-21,352.0,351.0,347.0,349.0,-0.85,9168.0,3203323.0,0,2017-12-21,356.3011832478273,357.5034415986155,-1.2022583507882132,0
2017-12-24,349.0,351.0,346.0,349.0,0.0,15350.0,5358469.0,0,2017-12-24,354.84094659826184,356.6083424829718,-1.7673958847099698,0
2017-12-26,349.0,347.0,342.0,343.0,-1.72,7661.0,2636585.0,0,2017-12-26,352.4727572786095,355.1758853795011,-2.703128100891604,0
2017-12-27,343.0,345.0,332.0,339.0,-1.17,16281.0,5538580.0,0,2017-12-27,349.7782058228876,353.4731606027115,-3.694954779823888,0
2017-12-28,339.0,343.0,336.0,339.0,0.0,7672.0,2599260.0,0,2017-12-28,347.6225646583101,351.9496700129524,-4.327105354642299,0
2017-12-31,339.0,344.0,331.0,337.0,-0.59,13062.0,4357124.0,0,2017-12-31,345.4980517266481,350.37602053790476,-4.877968811256665,0
2018-01-01,337.0,346.0,337.0,344.0,2.08,15700.0,5340067.0,0,2018-01-01,345.1984413813185,349.7048604812832,-4.506419099964717,0
2018-01-02,344.0,347.0,339.0,342.0,-0.58,11570.0,3977039.0,0,2018-01-02,344.55875310505485,348.89382253588496,-4.335069430830117,0
2018-01-03,342.0,341.0,336.0,336.0,-1.75,10654.0,3602711.0,0,2018-01-03,342.84700248404386,347.5365780584234,-4.689575574379546,0
2018-01-04,336.0,342.0,335.0,338.0,0.6,10327.0,3495359.0,0,2018-01-04,341.8776019872351,346.5327277364841,-4.6551257492490095,0
2018-01-07,338.0,347.0,337.0,345.0,2.07,9386.0,3204996.0,0,2018-01-07,342.5020815897881,346.3713879747489,-3.8693063849608507,0
2018-01-08,345.0,350.0,345.0,348.0,0.87,17120.0,5947039.0,0,2018-01-08,343.6016652718305,346.5428208195122,-2.941155547681717,0
2018-01-09,348.0,350.0,348.0,350.0,0.57,10010.0,3495414.0,0,2018-01-09,344.8813322174644,346.9067344174583,-2.025402199993948,0
2018-01-10,350.0,349.0,344.0,346.0,-1.14,8821.0,3059176.0,0,2018-01-10,345.1050657739715,346.81128868930483,-1.706222915333342,0
2018-01-14,346.0,346.0,340.0,345.0,-0.29,12291.0,4230413.0,0,2018-01-14,345.0840526191772,346.6206267220096,-1.5365741028323896,0
2018-01-16,345.0,351.0,342.0,347.0,0.58,16550.0,5747097.0,0,2018-01-16,345.4672420953418,346.66056075127176,-1.193318655929943,0
2018-01-17,347.0,347.0,341.0,343.0,-1.15,8376.0,2888062.0,0,2018-01-17,344.9737936762735,346.2752385669274,-1.3014448906538973,0
2018-01-21,343.0,348.0,343.0,343.0,0.0,9964.0,3440299.0,0,2018-01-21,344.57903494101885,345.930476612514,-1.351441671495138,0
2018-01-22,343.0,345.0,341.0,345.0,0.58,7411.0,2536523.0,0,2018-01-22,344.6632279528151,345.8325317059336,-1.1693037531185269,0
2018-01-23,345.0,343.0,337.0,341.0,-1.16,7803.0,2660186.0,0,2018-01-23,343.93058236225204,345.3238441579406,-1.3932617956885451,0
2018-01-24,341.0,347.0,339.0,344.0,0.88,7029.0,2420836.0,0,2018-01-24,343.9444658898017,345.1844921413153,-1.2400262515135978,0
2018-01-25,344.0,351.0,344.0,351.0,2.03,22405.0,7810353.0,0,2018-01-25,345.3555727118413,345.79665086328214,-0.44107815144081997,0
2018-01-28,351.0,348.0,344.0,346.0,-1.42,12943.0,4475864.0,0,2018-01-28,345.48445816947304,345.81805603556825,-0.3335978660952037,0
2018-01-29,346.0,348.0,341.0,348.0,0.58,17381.0,6001281.0,0,2018-01-29,345.9875665355785,346.0477343476137,-0.060167812035217594,0
2018-01-31,348.0,346.0,341.0,344.0,-1.15,12608.0,4332288.0,0,2018-01-31,345.5900532284628,345.8321833636544,-0.24213013519158721,0
2018-02-01,344.0,350.0,341.0,347.0,0.87,22342.0,7731335.0,0,2018-02-01,345.8720425827703,345.95511143063817,-0.08306884786787805,0
2018-02-04,347.0,350.0,347.0,348.0,0.29,16782.0,5848451.0,0,2018-02-04,346.2976340662163,346.17036285899206,0.1272712072242257,1
2018-02-05,348.0,348.0,346.0,348.0,0.0,8577.0,2977187.0,0,2018-02-05,346.63810725297304,346.3629562422561,0.2751510107169679,0
2018-02-06,348.0,349.0,344.0,346.0,-0.57,7027.0,2433732.0,0,2018-02-06,346.5104858023784,346.3247503220186,0.18573548035982412,0
2018-02-07,346.0,345.0,341.0,341.0,-1.45,4071.0,1390893.0,0,2018-02-07,345.4083886419027,345.7642502881219,-0.35586164621918215,-1
2018-02-08,341.0,344.0,339.0,342.0,0.29,9362.0,3191604.0,0,2018-02-08,344.7267109135222,345.36801341568804,-0.6413025021658427,0
2018-02-11,342.0,347.0,343.0,347.0,1.46,5007.0,1724404.0,0,2018-02-11,345.1813687308178,345.5398014771946,-0.35843274637682043,0
2018-02-12,347.0,349.0,344.0,349.0,0.58,7453.0,2578227.0,0,2018-02-12,345.94509498465425,345.90403290064785,0.041062084006398436,1
2018-02-14,349.0,348.0,344.0,348.0,-0.29,11425.0,3952931.0,0,2018-02-14,346.35607598772344,346.12466101636915,0.23141497135429745,0
2018-02-15,348.0,357.0,347.0,357.0,2.59,26577.0,9361605.0,0,2018-02-15,348.4848607901788,347.26943354096187,1.2154272492169298,0
2018-02-18,360.0,364.0,350.0,360.0,0.84,31366.0,11200783.0,1,2018-02-18,350.78788863214305,348.60949316822905,2.1783954639140006,0
2018-02-20,363.0,363.0,354.0,354.0,-1.67,29824.0,10606707.0,-1,2018-02-20,351.43031090571446,349.1769149399944,2.253395965720074,0
2018-02-21,348.0,350.0,346.0,347.0,-1.98,5875.0,2042940.0,-1,2018-02-21,350.5442487245716,348.9477659989424,1.5964827256292438,0
2018-02-22,347.0,354.0,345.0,348.0,0.29,6636.0,2305188.0,1,2018-02-22,350.0353989796573,348.84800115694844,1.1873978227088742,0
2018-02-25,348.0,348.0,343.0,347.0,-0.29,11103.0,3828036.0,-1,2018-02-25,349.4283191837259,348.6534747193749,0.7748444643509629,0
2018-02-26,347.0,347.0,343.0,343.0,-1.15,11992.0,4130066.0,-1,2018-02-26,348.14265534698075,348.05837211733547,0.08428322964527979,0
2018-02-27,343.0,348.0,342.0,345.0,0.58,13405.0,4630061.0,1,2018-02-27,347.5141242775846,347.7364382102475,-0.22231393266292798,-1
2018-02-28,343.0,345.0,342.0,342.0,-0.87,2742.0,940075.0,-1,2018-02-28,346.4112994220677,347.1326026091688,-0.721303187101114,0
2018-03-04,336.0,340.0,331.0,334.0,-2.34,18341.0,6128731.0,-1,2018-03-04,343.9290395376542,345.75022338715104,-1.8211838494968333,0
2018-03-05,338.0,339.0,331.0,334.0,0.0,17242.0,5744925.0,0,2018-03-05,341.94323163012336,344.5133577674509,-2.57012613732752,0
2018-03-06,336.0,339.0,330.0,339.0,1.5,20976.0,6987407.0,1,2018-03-06,341.3545853040987,343.93300431824554,-2.5784190141468457,0
2018-03-07,340.0,344.0,338.0,340.0,0.29,11941.0,4053414.0,1,2018-03-07,341.08366824327896,343.5190038636934,-2.4353356204144347,0
2018-03-11,335.0,335.0,326.0,327.0,-3.82,45826.0,15109819.0,-1,2018-03-11,338.2669345946232,341.78016135172567,-3.5132267571024727,0
2018-03-12,326.0,333.0,320.0,327.0,0.0,44678.0,14429315.0,0,2018-03-12,336.01354767569853,340.2243548936493,-4.210807217950787,0
2018-03-13,327.0,327.0,324.0,326.0,-0.31,12610.0,4103807.0,-1,2018-03-13,334.0108381405588,338.72705437852835,-4.716216237969547,0
2018-03-14,322.0,326.0,322.0,325.0,-0.31,6604.0,2143282.0,-1,2018-03-14,332.20867051244704,337.28210128605167,-5.073430773604628,0
2018-03-15,324.0,328.0,324.0,326.0,0.31,31274.0,10205380.0,1,2018-03-15,330.9669364099576,336.0945116769936,-5.127575267035979,0
2018-03-18,326.0,327.0,323.0,324.0,-0.61,8329.0,2701315.0,-1,2018-03-18,329.5735491279661,334.8214051846785,-5.247856056712408,0
2018-03-19,324.0,325.0,319.0,319.0,-1.54,17787.0,5725385.0,-1,2018-03-19,327.4588393023729,333.15599411260706,-5.697154810234167,0
2018-03-20,320.0,321.0,315.0,316.0,-0.94,16734.0,5289861.0,-1,2018-03-20,325.1670714418983,331.3500999954905,-6.18302855359218,0
2018-03-21,314.0,315.0,306.0,309.0,-2.22,18664.0,5771624.0,-1,2018-03-21,321.93365715351865,328.99745789070204,-7.063800737183385,0
2018-03-22,314.0,314.0,302.0,304.0,-1.62,19432.0,5988284.0,-1,2018-03-22,318.34692572281494,326.36614653378604,-8.019220810971092,0
2018-03-26,298.0,303.0,294.0,298.0,-1.97,15568.0,4649938.0,-1,2018-03-26,314.277540578252,323.3802363723349,-9.102695794082877,0
2018-03-27,295.0,309.0,285.0,308.0,3.36,13125.0,3869370.0,1,2018-03-27,313.0220324626016,321.76126412261544,-8.739231660013843,0
2018-03-28,305.0,309.0,300.0,307.0,-0.32,15130.0,4630456.0,-1,2018-03-28,311.8176259700813,320.2074468465507,-8.3898208764694,0
2018-03-29,312.0,318.0,307.0,315.0,2.61,10960.0,3405933.0,1,2018-03-29,312.45410077606505,319.65929454691377,-7.205193770848723,0
2018-04-01,316.0,316.0,303.0,308.0,-2.22,11449.0,3498923.0,-1,2018-04-01,311.5632806208521,318.43200038408077,-6.8687197632286825,0
2018-04-02,306.0,308.0,305.0,308.0,0.0,2719.0,833618.0,0,2018-04-02,310.8506244966817,317.33389508049333,-6.483270583811645,0
2018-04-03,303.0,308.0,303.0,308.0,0.0,5288.0,1618334.0,0,2018-04-03,310.2804995973454,316.3513798088625,-6.070880211517078,0
2018-04-04,310.0,314.0,307.0,310.0,0.65,5694.0,1768396.0,1,2018-04-04,310.22439967787636,315.68281351319274,-5.458413835316378,0
2018-04-05,316.0,319.0,311.0,318.0,2.58,14733.0,4668266.0,1,2018-04-05,311.7795197423011,315.9267278802251,-4.147208137923997,0
2018-04-08,320.0,332.0,320.0,330.0,3.77,25338.0,8303723.0,1,2018-04-08,315.4236157938409,317.4081249454646,-1.9845091516236835,0
2018-04-09,335.0,336.0,323.0,328.0,-0.61,15606.0,5137289.0,-1,2018-04-09,317.93889263507276,318.5230591617315,-0.5841665266587484,0
2018-04-10,323.0,332.0,316.0,322.0,-1.83,9966.0,3219327.0,-1,2018-04-10,318.75111410805823,318.8890529341808,-0.13793882612259267,0
2018-04-11,317.0,323.0,316.0,323.0,0.31,3501.0,1116758.0,1,2018-04-11,319.6008912864466,319.32178420426703,0.27910708217956426,1
2018-04-12,326.0,328.0,322.0,323.0,0.0,8904.0,2892324.0,0,2018-04-12,320.2807130291573,319.7089648143442,0.5717482148131126,0
2018-04-15,320.0,322.0,314.0,318.0,-1.55,13360.0,4245252.0,-1,2018-04-15,319.8245704233259,319.5290737812553,0.2954966420705887,0
2018-04-16,318.0,326.0,318.0,324.0,1.89,10296.0,3328650.0,1,2018-04-16,320.65965633866074,319.9996975937548,0.6599587449059641,0
2018-04-17,322.0,332.0,322.0,330.0,1.85,13633.0,4474653.0,1,2018-04-17,322.5277250709286,321.0523610049385,1.4753640659901066,0
2018-04-18,330.0,348.0,328.0,338.0,2.42,17142.0,5769849.0,1,2018-04-18,325.62218005674293,322.83632300441866,2.7858570523242747,0
2018-04-19,340.0,349.0,335.0,346.0,2.37,33625.0,11544096.0,1,2018-04-19,329.69774404539436,325.2746047934272,4.423139251967143,0
2018-04-22,341.0,357.0,341.0,356.0,2.89,33695.0,11811264.0,1,2018-04-22,334.9581952363155,328.5088569204349,6.4493383158805955,0
2018-04-23,357.0,361.0,348.0,350.0,-1.69,35197.0,12461355.0,-1,2018-04-23,337.96655618905237,330.77108250775757,7.1954736812948,0
2018-04-24,346.0,349.0,342.0,343.0,-2.0,14697.0,5066590.0,-1,2018-04-24,338.97324495124195,332.0583369806252,6.914907970616753,0
2018-04-25,343.0,344.0,339.0,340.0,-0.87,15294.0,5208971.0,-1,2018-04-25,339.17859596099356,332.89430150898045,6.284294452013114,0
2018-04-26,340.0,342.0,336.0,336.0,-1.18,24001.0,8117319.0,-1,2018-04-26,338.5428767687948,333.22121713961405,5.321659629180772,0
2018-04-29,334.0,339.0,331.0,334.0,-0.6,42224.0,14090892.0,-1,2018-04-29,337.6343014150359,333.30319428281257,4.331107132223337,0
2018-05-02,335.0,338.0,331.0,338.0,1.2,11337.0,3799592.0,1,2018-05-02,337.70744113202875,333.7975948846218,3.9098462474069606,0
2018-05-03,341.0,342.0,338.0,341.0,0.89,32659.0,11120543.0,1,2018-05-03,338.365952905623,334.5557427915037,3.810210114119286,0
2018-05-06,338.0,340.0,335.0,337.0,-1.17,11511.0,3884758.0,-1,2018-05-06,338.0927623244984,334.81303302397697,3.27972930052141,0
2018-05-07,335.0,342.0,332.0,337.0,0.0,17494.0,5895486.0,0,2018-05-07,337.87420985959875,335.0432400740846,2.830969785514128,0
2018-05-08,337.0,341.0,335.0,339.0,0.59,15267.0,5144082.0,1,2018-05-08,338.099367887679,335.4597411189178,2.639626768761218,0
2018-05-09,342.0,343.0,337.0,342.0,0.88,14076.0,4779347.0,1,2018-05-09,338.8794943101433,336.1481894221896,2.7313048879536836,0
2018-05-10,337.0,343.0,337.0,338.0,-1.17,12434.0,4227378.0,-1,2018-05-10,338.70359544811464,336.3431168514328,2.360478596681844,0
2018-05-14,338.0,341.0,337.0,339.0,0.3,20858.0,7084201.0,1,2018-05-14,338.7628763584917,336.6227887618083,2.140087596683429,0
2018-05-15,338.0,340.0,338.0,340.0,0.29,2489.0,845082.0,1,2018-05-15,339.0103010867934,336.97828468161794,2.0320164051754546,0
2018-05-16,340.0,340.0,337.0,340.0,0.0,4606.0,1561126.0,0,2018-05-16,339.20824086943475,337.29635997828973,1.9118808911450174,0
2018-05-17,340.0,342.0,339.0,340.0,0.0,12323.0,4195657.0,0,2018-05-17,339.3665926955478,337.58095366478557,1.7856390307622405,0
2018-05-20,345.0,345.0,339.0,340.0,0.0,10094.0,3445531.0,0,2018-05-20,339.49327415643825,337.8355901211239,1.6576840353143325,0
2018-05-21,340.0,343.0,338.0,340.0,0.0,6321.0,2151465.0,0,2018-05-21,339.59461932515063,338.06342273995295,1.5311965851976765,0
2018-05-22,339.0,340.0,338.0,338.0,-0.59,8541.0,2897652.0,-1,2018-05-22,339.2756954601205,338.0567466620632,1.2189487980573404,0
2018-05-23,338.0,338.0,336.0,336.0,-0.59,7443.0,2510199.0,-1,2018-05-23,338.6205563680964,337.8402470134249,0.7803093546714877,0
2018-05-24,334.0,338.0,334.0,334.0,-0.6,26336.0,8835935.0,-1,2018-05-24,337.69644509447716,337.43601048569593,0.2604346087812246,0
2018-05-27,333.0,333.0,327.0,329.0,-1.5,10394.0,3418442.0,-1,2018-05-27,335.95715607558174,336.54800938193847,-0.5908533063567347,-1
2018-05-28,328.0,341.0,328.0,333.0,1.22,5608.0,1874106.0,1,2018-05-28,335.36572486046543,336.1745347101555,-0.8088098496900784,0
2018-05-29,332.0,338.0,330.0,338.0,1.5,6193.0,2064919.0,1,2018-05-29,335.8925798883724,336.36668895119175,-0.47410906281936605,0
2018-05-30,340.0,344.0,336.0,338.0,0.0,14724.0,5017013.0,0,2018-05-30,336.31406391069794,336.53861643001363,-0.22455251931569364,0
2018-05-31,338.0,340.0,334.0,337.0,-0.3,16961.0,5733964.0,-1,2018-05-31,336.4512511285584,336.5871831215911,-0.1359319930327274,0
2018-06-03,331.0,338.0,324.0,328.0,-2.67,9977.0,3285753.0,-1,2018-06-03,334.7610009028468,335.6832691087921,-0.9222682059453291,0
2018-06-04,322.0,329.0,322.0,326.0,-0.61,7155.0,2326021.0,-1,2018-06-04,333.00880072227744,334.6639776236561,-1.6551769013786384,0
2018-06-06,332.0,338.0,332.0,334.0,2.45,3040.0,1016894.0,1,2018-06-06,333.207040577822,334.59408524221857,-1.3870446643965693,0
2018-06-07,332.0,333.0,326.0,327.0,-2.1,6980.0,2288567.0,-1,2018-06-07,331.96563246225764,333.79470784830085,-1.8290753860432005,0
2018-06-10,325.0,325.0,317.0,321.0,-1.83,12953.0,4166448.0,-1,2018-06-10,329.7725059698061,332.4478964958481,-2.6753905260420083,0
2018-06-11,319.0,325.0,315.0,322.0,0.31,17638.0,5626494.0,1,2018-06-11,328.21800477584486,331.3481179173378,-3.1301131414929273,0
2018-06-12,319.0,325.0,319.0,325.0,0.93,4469.0,1444746.0,1,2018-06-12,327.5744038206759,330.6798949786707,-3.105491157994777,0
2018-06-13,319.0,325.0,319.0,324.0,-0.31,2655.0,853714.0,-1,2018-06-13,326.85952305654075,329.97674813881065,-3.117225082269897,0
2018-06-14,329.0,330.0,324.0,327.0,0.93,8432.0,2768734.0,1,2018-06-14,326.88761844523265,329.66340622946217,-2.7757877842295215,0
2018-06-17,325.0,325.0,318.0,320.0,-2.14,23503.0,7498483.0,-1,2018-06-17,325.5100947561861,328.6462055737293,-3.1361108175431696,0
2018-06-18,320.0,326.0,315.0,318.0,-0.63,4545.0,1450531.0,-1,2018-06-18,324.00807580494893,327.52555235544196,-3.517476550493029,0
2018-06-19,318.0,320.0,313.0,318.0,0.0,83801.0,26652012.0,0,2018-06-19,322.80646064395916,326.5228626338165,-3.7164019898573315,0
2018-06-20,318.0,320.0,317.0,318.0,0.0,2517.0,800230.0,0,2018-06-20,321.84516851516736,325.62571919867787,-3.780550683510512,0
2018-06-21,314.0,320.0,314.0,315.0,-0.94,2483.0,787841.0,-1,2018-06-21,320.4761348121339,324.5072224409223,-4.031087628788384,0
2018-06-24,313.0,321.0,313.0,316.0,0.32,1673.0,529242.0,1,2018-06-24,319.58090784970716,323.61172534187784,-4.030817492170684,0
2018-06-25,317.0,318.0,313.0,313.0,-0.95,4336.0,1363261.0,-1,2018-06-25,318.26472627976574,322.4947016216802,-4.2299753419144395,0
2018-06-26,318.0,318.0,309.0,310.0,-0.96,18030.0,5685587.0,-1,2018-06-26,316.61178102381257,321.17946987202964,-4.567688848217074,0
2018-06-27,306.0,315.0,306.0,312.0,0.65,7345.0,2288287.0,1,2018-06-27,315.68942481905003,320.2132098855002,-4.523785066450159,0
2018-06-28,313.0,316.0,312.0,314.0,0.64,15615.0,4905966.0,1,2018-06-28,315.35153985524005,319.55918779228966,-4.2076479370496145,0
2018-07-01,317.0,321.0,311.0,311.0,-0.96,4695.0,1471131.0,-1,2018-07-01,314.481231884192,318.6582206562592,-4.176988772067148,0
2018-07-02,309.0,316.0,306.0,306.0,-1.61,12858.0,4031778.0,-1,2018-07-02,312.7849855073536,317.325776376653,-4.5407908692993715,0
2018-07-03,306.0,312.0,306.0,311.0,1.63,7603.0,2347052.0,1,2018-07-03,312.4279884058829,316.6599051791106,-4.231916773227681,0
2018-07-04,310.0,316.0,309.0,315.0,1.29,8879.0,2756354.0,1,2018-07-04,312.94239072470634,316.48517831815155,-3.5427875934452118,0
2018-07-05,317.0,320.0,313.0,320.0,1.59,12796.0,4038513.0,1,2018-07-05,314.35391257976505,316.8551595478198,-2.5012469680547724,0
2018-07-08,319.0,322.0,315.0,319.0,-0.31,5894.0,1869936.0,-1,2018-07-08,315.28313006381205,317.08093222699665,-1.797802163184599,0
2018-07-09,315.0,317.0,313.0,316.0,-0.94,12165.0,3841006.0,-1,2018-07-09,315.4265040510497,316.96714988731276,-1.5406458362630815,0
2018-07-10,318.0,323.0,316.0,320.0,1.27,8415.0,2668060.0,1,2018-07-10,316.3412032408397,317.28639726759565,-0.945194026755928,0
2018-07-11,321.0,322.0,311.0,311.0,-2.81,9992.0,3153319.0,-1,2018-07-11,315.2729625926718,316.6246712394277,-1.3517086467559238,0
2018-07-12,313.0,315.0,311.0,315.0,1.29,13648.0,4270528.0,1,2018-07-12,315.2183700741374,316.45365321422474,-1.235283140087347,0
2018-07-15,315.0,317.0,311.0,317.0,0.63,5868.0,1842839.0,1,2018-07-15,315.57469605930993,316.5111634022011,-0.9364673428911487,0
2018-07-16,317.0,319.0,315.0,316.0,-0.32,3562.0,1128521.0,-1,2018-07-16,315.65975684744797,316.45735672828516,-0.7975998808371969,0
2018-07-17,317.0,320.0,316.0,316.0,0.0,4190.0,1328687.0,0,2018-07-17,315.7278054779584,316.40921391478145,-0.6814084368230624,0
2018-07-18,317.0,317.0,316.0,317.0,0.32,4878.0,1543252.0,1,2018-07-18,315.98224438236673,316.4714019237518,-0.48915754138505463,0
2018-07-19,313.0,317.0,312.0,312.0,-1.58,7255.0,2275278.0,-1,2018-07-19,315.1857955058934,316.0007280370411,-0.81493253114769,0
2018-07-22,311.0,312.0,307.0,310.0,-0.64,11581.0,3592705.0,-1,2018-07-22,314.1486364047147,315.3690724541947,-1.2204360494799857,0
2018-07-23,310.0,311.0,308.0,311.0,0.32,951.0,293860.0,1,2018-07-23,313.5189091237718,314.90917009059524,-1.3902609668234618,0
2018-07-24,311.0,316.0,311.0,314.0,0.96,9354.0,2932575.0,1,2018-07-24,313.61512729901744,314.8134679757958,-1.1983406767783435,0
2018-07-25,315.0,315.0,310.0,314.0,0.0,5938.0,1847958.0,0,2018-07-25,313.692101839214,314.7278397678173,-1.0357379286032824,0
2018-07-26,314.0,314.0,310.0,311.0,-0.96,3729.0,1160315.0,-1,2018-07-26,313.1536814713712,314.33543558173125,-1.181754110360032,0
2018-07-29,313.0,313.0,309.0,310.0,-0.32,6690.0,2073971.0,-1,2018-07-29,312.522945177097,313.87907394154905,-1.3561287644520803,0
2018-07-30,310.0,312.0,306.0,312.0,0.65,2672.0,831634.0,1,2018-07-30,312.4183561416776,313.68127668454383,-1.2629205428662544,0
2018-07-31,313.0,316.0,311.0,313.0,0.32,6326.0,1979852.0,1,2018-07-31,312.53468491334206,313.6095633493287,-1.0748784359866477,0
2018-08-01,315.0,316.0,312.0,316.0,0.96,6318.0,1989667.0,1,2018-08-01,313.2277479306737,313.86118825992565,-0.6334403292519823,0
2018-08-02,315.0,317.0,314.0,317.0,0.32,5531.0,1746651.0,1,2018-08-02,313.9821983445389,314.19158949572295,-0.20939115118403606,0
2018-08-05,318.0,319.0,315.0,316.0,-0.32,4436.0,1408040.0,-1,2018-08-05,314.38575867563117,314.38194849617315,0.003810179458014318,1
2018-08-06,315.0,318.0,314.0,315.0,-0.32,6141.0,1935235.0,-1,2018-08-06,314.50860694050493,314.4470065492075,0.0616003912974179,0
2018-08-07,315.0,320.0,314.0,315.0,0.0,4293.0,1354824.0,0,2018-08-07,314.6068855524039,314.50521638613304,0.10166916627088085,0
2018-08-08,316.0,316.0,310.0,312.0,-0.95,10693.0,3344672.0,-1,2018-08-08,314.08550844192314,314.2415093981191,-0.15600095619595322,-1
2018-08-09,314.0,314.0,306.0,309.0,-0.96,10753.0,3326931.0,-1,2018-08-09,313.0684067535385,313.68977156673816,-0.6213648131996479,0
2018-08-12,304.0,314.0,304.0,304.0,-1.62,8903.0,2724128.0,-1,2018-08-12,311.25472540283084,312.66979561234467,-1.4150702095138286,0
2018-08-13,305.0,310.0,305.0,309.0,1.64,4058.0,1252347.0,1,2018-08-13,310.8037803222647,312.28350133736103,-1.4797210150963451,0
2018-08-14,307.0,313.0,307.0,312.0,0.97,2453.0,757924.0,1,2018-08-14,311.0430242578118,312.253659091323,-1.2106348335112216,0
2018-08-15,312.0,320.0,312.0,318.0,1.92,11005.0,3476200.0,1,2018-08-15,312.43441940624945,312.85853708171004,-0.4241176754605931,0
2018-08-16,324.0,324.0,318.0,322.0,1.26,19874.0,6385694.0,1,2018-08-16,314.34753552499956,313.8207963362669,0.5267391887326767,1
2018-08-19,325.0,325.0,316.0,316.0,-1.86,19853.0,6326305.0,-1,2018-08-19,314.67802841999963,314.0501861956072,0.6278422243924524,0
2018-08-20,320.0,320.0,313.0,317.0,0.32,10193.0,3214836.0,1,2018-08-20,315.14242273599973,314.360692911859,0.7817298241407116,0
2018-08-21,318.0,318.0,313.0,314.0,-0.95,4251.0,1343071.0,-1,2018-08-21,314.9139381887998,314.32272523692654,0.591212951873274,0
2018-08-22,312.0,315.0,312.0,314.0,0.0,868.0,272870.0,0,2018-08-22,314.7311505510399,314.28875415935534,0.4423963916845537,0
2018-08-23,313.0,315.0,311.0,313.0,-0.32,24722.0,7748805.0,-1,2018-08-23,314.38492044083193,314.1530958267916,0.2318246140403062,0
2018-08-26,315.0,315.0,313.0,313.0,0.0,3770.0,1180683.0,0,2018-08-26,314.10793635266555,314.0317173187083,0.07621903395727259,0
2018-08-28,312.0,325.0,311.0,325.0,3.83,19657.0,6298966.0,1,2018-08-28,316.28634908213246,315.1862733904232,1.1000756917092644,0
2018-08-29,319.0,325.0,319.0,325.0,0.0,15344.0,4943438.0,0,2018-08-29,318.02907926570595,316.2192972440629,1.8097820216430591,0
2018-08-30,322.0,342.0,322.0,340.0,4.62,62781.0,20954534.0,1,2018-08-30,322.4232634125648,318.7225291131089,3.70073429945586,0
2018-09-02,334.0,361.0,334.0,359.0,5.59,91649.0,32450540.0,1,2018-09-02,329.73861073005185,322.9622628906764,6.776347839375433,0
2018-09-03,357.0,370.0,356.0,366.0,1.95,93515.0,33955888.0,1,2018-09-03,336.9908885840415,327.49255100744733,9.498337576594167,0
2018-09-04,360.0,389.0,360.0,383.0,4.64,89078.0,33499400.0,1,2018-09-04,346.19271086723325,333.3354403750845,12.857270492148757,0
2018-09-05,384.0,391.0,376.0,383.0,0.0,90822.0,34959864.0,0,2018-09-05,353.5541686937866,338.5632887566546,14.990879937132036,0
2018-09-06,383.0,384.0,372.0,378.0,-1.31,42207.0,15947063.0,-1,2018-09-06,358.44333495502934,342.714521519112,15.728813435917345,0
2018-09-09,375.0,385.0,372.0,382.0,1.06,66875.0,25348612.0,1,2018-09-09,363.1546679640235,346.849835043416,16.304832920607453,0
2018-09-10,382.0,385.0,375.0,384.0,0.52,38444.0,14586524.0,1,2018-09-10,367.3237343712188,350.7603787230565,16.563355648162315,0
2018-09-11,381.0,391.0,381.0,390.0,1.56,70801.0,27450500.0,1,2018-09-11,371.85898749697503,354.89086517326103,16.968122323714,0
2018-09-12,386.0,408.0,386.0,408.0,4.62,128576.0,51315460.0,1,2018-09-12,379.0871899975801,360.4813004181809,18.60588957939916,0
2018-09-13,410.0,425.0,410.0,413.0,1.23,133992.0,55862024.0,1,2018-09-13,385.8697519980641,366.0095845846882,19.860167413375905,0
2018-09-16,421.0,422.0,408.0,408.0,-1.21,87720.0,36450228.0,-1,2018-09-16,390.2958015984513,370.4296283126157,19.8661732858356,0
2018-09-17,409.0,415.0,401.0,411.0,0.74,52792.0,21580484.0,1,2018-09-17,394.43664127876104,374.70019375339297,19.736447525368078,0
2018-09-18,411.0,411.0,405.0,407.0,-0.97,40826.0,16595035.0,-1,2018-09-18,396.9493130230088,378.100173358299,18.84913966470981,0
2018-09-20,407.0,423.0,407.0,423.0,3.93,112030.0,46663656.0,1,2018-09-20,402.1594504184071,382.8264708995307,19.332979518876414,0
2018-09-23,425.0,447.0,420.0,440.0,4.02,161693.0,70462096.0,1,2018-09-23,409.7275603347257,388.8447371206328,20.882823214092923,0
2018-09-25,447.0,459.0,442.0,447.0,2.27,131491.0,59440832.0,1,2018-09-25,417.1820482677806,394.9663437395135,22.21570452826711,0
2018-09-26,450.0,451.0,434.0,441.0,-1.34,60980.0,26986666.0,-1,2018-09-26,421.9456386142245,399.81199176693315,22.133646847291345,0
2018-09-27,440.0,445.0,434.0,438.0,-0.68,48864.0,21447616.0,-1,2018-09-27,425.15651089137964,403.831782107256,21.324728784123636,0
2018-09-30,432.0,444.0,432.0,442.0,0.91,72471.0,31643900.0,1,2018-09-30,428.5252087131038,407.84948925386067,20.675719459243112,0
2018-10-01,442.0,442.0,430.0,435.0,-1.58,57208.0,24842610.0,-1,2018-10-01,429.82016697048306,410.70743775345426,19.1127292170288,0
2018-10-02,433.0,435.0,426.0,430.0,-1.15,37786.0,16266435.0,-1,2018-10-02,429.85613357638647,412.7382337794064,17.117899796980055,0
2018-10-03,427.0,432.0,422.0,422.0,-1.86,59156.0,25212332.0,-1,2018-10-03,428.2849068611092,413.7131565394689,14.571750321640309,0
2018-10-04,429.0,429.0,415.0,425.0,0.71,39411.0,16599836.0,1,2018-10-04,427.6279254888874,414.901245324788,12.726680164099378,0
2018-10-07,427.0,427.0,417.0,422.0,-0.71,39336.0,16588273.0,-1,2018-10-07,426.5023403911099,415.6484826590209,10.853857732089011,0
2018-10-08,420.0,429.0,420.0,427.0,1.18,30008.0,12730314.0,1,2018-10-08,426.60187231288796,416.84337922122927,9.758493091658693,0
2018-10-09,428.0,434.0,425.0,428.0,0.23,38484.0,16540953.0,1,2018-10-09,426.88149785031044,418.0177603558367,8.863737494473753,0
2018-10-10,435.0,435.0,423.0,427.0,-0.23,16922.0,7241119.0,-1,2018-10-10,426.9051982802483,418.96325926574866,7.941939014499667,0
2018-10-11,425.0,436.0,425.0,431.0,0.94,35013.0,15126056.0,1,2018-10-11,427.72415862419865,420.23028460619616,7.4938740180024865,0
2018-10-14,431.0,440.0,430.0,436.0,1.16,36357.0,15795445.0,1,2018-10-14,429.37932689935894,421.8902546476492,7.489072251709729,0
2018-10-15,436.0,446.0,436.0,441.0,1.15,36215.0,15985469.0,1,2018-10-15,431.7034615194872,423.90180679000196,7.801654729485222,0
2018-10-21,434.0,453.0,434.0,450.0,2.04,40570.0,18176248.0,1,2018-10-21,435.36276921558976,426.6489850226333,8.713784192956439,0
2018-10-22,450.0,452.0,445.0,448.0,-0.44,17871.0,8012572.0,-1,2018-10-22,437.89021537247186,428.89646028340877,8.993755089063086,0
2018-10-23,448.0,448.0,442.0,447.0,-0.22,38249.0,17046796.0,-1,2018-10-23,439.71217229797753,430.8020960430499,8.910076254927617,0
2018-10-24,446.0,446.0,439.0,445.0,-0.45,28009.0,12365740.0,-1,2018-10-24,440.76973783838207,432.29661224904464,8.473125589337428,0
2018-10-25,445.0,445.0,437.0,445.0,0.0,26122.0,11473088.0,0,2018-10-25,441.6157902707057,433.63381095967156,7.981979311034138,0
2018-10-28,453.0,453.0,428.0,430.0,-3.37,52690.0,22879716.0,-1,2018-10-28,439.2926322165646,433.25130454286403,6.04132767370055,0
2018-10-29,426.0,430.0,423.0,424.0,-1.4,32369.0,13783082.0,-1,2018-10-29,436.2341057732517,432.27748301203627,3.956622761215442,0
2018-10-30,428.0,434.0,425.0,430.0,1.42,17692.0,7551041.0,1,2018-10-30,434.9872846186014,432.0377479581377,2.949536660463707,0
2018-10-31,425.0,427.0,419.0,419.0,-2.56,20649.0,8727679.0,-1,2018-10-31,431.7898276948811,430.6653534362285,1.12447425865264,0
2018-11-01,417.0,425.0,416.0,420.0,0.24,30349.0,12775277.0,1,2018-11-01,429.4318621559049,429.5426846534676,-0.11082249756265128,-1
2018-11-04,415.0,419.0,411.0,413.0,-1.67,28303.0,11746678.0,-1,2018-11-04,426.145489724724,427.80134942678677,-1.6558597020627985,0
2018-11-05,421.0,423.0,414.0,419.0,1.45,38758.0,16156921.0,1,2018-11-05,424.7163917797792,426.87489159238817,-2.158499812608966,0
2018-11-06,419.0,421.0,413.0,423.0,0.95,2343.0,984410.0,1,2018-11-06,424.3731134238234,426.4670082668736,-2.0938948430502364,0
2018-11-11,423.0,431.0,410.0,416.0,-1.18,19111.0,7958513.0,-1,2018-11-11,422.69849073905874,425.3652179229922,-2.6667271839334603,0
2018-11-12,418.0,420.0,416.0,419.0,0.72,9149.0,3815452.0,1,2018-11-12,421.958792591247,424.6951949837299,-2.736402392482887,0
2018-11-13,419.0,427.0,419.0,425.0,1.43,19534.0,8248453.0,1,2018-11-13,422.5670340729976,424.72727972228466,-2.1602456492870488,0
2018-11-14,432.0,432.0,421.0,424.0,-0.24,3169.0,1344409.0,-1,2018-11-14,422.85362725839815,424.6507239620442,-1.797096703646048,0
2018-11-15,429.0,429.0,417.0,419.0,-1.18,16512.0,6920866.0,-1,2018-11-15,422.08290180671855,424.05591091340796,-1.9730091066894033,0
2018-11-18,425.0,426.0,416.0,422.0,0.72,70675.0,29808562.0,1,2018-11-18,422.0663214453749,423.8394992383124,-1.7731777929374744,0
2018-11-19,417.0,418.0,412.0,413.0,-1.2,17192.0,7134474.0,-1,2018-11-19,420.2530571563,422.69849931849,-2.4454421621900337,0
2018-11-20,410.0,413.0,409.0,411.0,-0.48,19592.0,8041201.0,-1,2018-11-20,418.40244572503997,421.4670783375963,-3.064632612556352,0
2018-11-21,407.0,415.0,407.0,415.0,0.97,8660.0,3556876.0,1,2018-11-21,417.721956580032,420.78633324942825,-3.0643766693962675,0
2018-11-22,414.0,414.0,410.0,411.0,-0.96,8880.0,3655640.0,-1,2018-11-22,416.3775652640256,419.75619290738314,-3.378627643357561,0
2018-11-25,410.0,412.0,405.0,408.0,-0.73,8455.0,3446073.0,-1,2018-11-25,414.7020522112205,418.51869891713227,-3.816646705911751,0
2018-11-26,405.0,411.0,405.0,410.0,0.49,9871.0,4032308.0,1,2018-11-26,413.76164176897646,417.6219937679604,-3.8603519989839583,0
2018-11-27,416.0,416.0,409.0,411.0,0.24,12802.0,5258724.0,1,2018-11-27,413.20931341518116,416.9249417923856,-3.715628377204439,0
2018-11-28,413.0,413.0,403.0,407.0,-0.97,9895.0,4047355.0,-1,2018-11-28,411.9674507321449,415.8802110773977,-3.9127603452527637,0
2018-11-29,408.0,416.0,403.0,405.0,-0.49,11494.0,4675232.0,-1,2018-11-29,410.57396058571595,414.73492570082954,-4.160965115113584,0
2018-12-02,413.0,413.0,398.0,400.0,-1.23,36901.0,14836378.0,-1,2018-12-02,408.4591684685728,413.1838808902159,-4.724712421643119,0
2018-12-03,408.0,416.0,398.0,403.0,0.75,22920.0,9276783.0,1,2018-12-03,407.36733477485825,412.1118934280879,-4.74455865322966,0
2018-12-04,404.0,409.0,404.0,409.0,1.49,45055.0,18336662.0,1,2018-12-04,407.69386781988663,411.78432569881545,-4.090457878928817,0
2018-12-05,365.0,365.0,353.0,358.0,-0.04,34885.0,12478171.0,-1,2018-12-05,397.75509425590934,406.1228177305191,-8.367723474609761,0
2018-12-06,356.0,358.0,351.0,357.0,-0.28,22789.0,8063917.0,-1,2018-12-06,389.6040754047275,400.95199481151707,-11.347919406789572,0
2018-12-09,357.0,375.0,355.0,375.0,5.04,23098.0,8416577.0,1,2018-12-09,386.683260323782,398.22020588398897,-11.53694556020696,0
2018-12-10,380.0,385.0,375.0,382.0,1.87,20752.0,7906652.0,1,2018-12-10,385.7466082590256,396.5128157909375,-10.766207531911903,0
2018-12-11,385.0,385.0,374.0,375.0,-1.83,31606.0,11881991.0,-1,2018-12-11,383.5972866072205,394.24830886557567,-10.65102225835517,0
2018-12-12,380.0,380.0,372.0,373.0,-0.53,5460.0,2045481.0,-1,2018-12-12,381.4778292857764,392.0116447744624,-10.533815488686002,0
2018-12-13,380.0,381.0,375.0,378.0,1.34,30932.0,11673506.0,1,2018-12-13,380.78226342862115,390.5367347982032,-9.754471369582063,0
2018-12-16,380.0,388.0,378.0,383.0,1.32,23739.0,9054159.0,1,2018-12-16,381.22581074289695,389.7433942931292,-8.517583550232246,0
2018-12-17,385.0,388.0,380.0,388.0,1.3,33325.0,12834640.0,1,2018-12-17,382.5806485943176,389.55987910437875,-6.979230510061143,0
2018-12-18,390.0,390.0,376.0,380.0,-2.06,55370.0,21104140.0,-1,2018-12-18,382.0645188754541,388.55357604075994,-6.489057165305837,0
2018-12-19,380.0,383.0,378.0,380.0,0.0,28505.0,10854344.0,0,2018-12-19,381.6516151003633,387.6531996154168,-6.00158451505348,0
2018-12-20,386.0,386.0,380.0,380.0,0.0,43983.0,16827992.0,0,2018-12-20,381.3212920802907,386.8475996558992,-5.526307575608541,0
2018-12-23,383.0,394.0,383.0,392.0,3.16,46394.0,18070880.0,1,2018-12-23,383.45703366423254,387.3899575868572,-3.9329239226246386,0
2018-12-24,388.0,395.0,386.0,386.0,-1.53,29532.0,11505737.0,-1,2018-12-24,383.96562693138605,387.2436462619249,-3.278019330538825,0
2018-12-25,385.0,385.0,380.0,381.0,-1.3,29912.0,11429336.0,-1,2018-12-25,383.37250154510883,386.586420339617,-3.2139187945081744,0
2018-12-26,382.0,396.0,382.0,395.0,3.67,35578.0,13918672.0,1,2018-12-26,385.69800123608707,387.47206030386786,-1.7740590677807972,0
2018-12-27,395.0,400.0,388.0,389.0,-1.52,21635.0,8509512.0,-1,2018-12-27,386.3584009888697,387.6328960613555,-1.27449507248582,0
2018-12-30,389.0,389.0,384.0,387.0,-0.51,15441.0,5965336.0,-1,2018-12-30,386.48672079109576,387.5662754233181,-1.0795546322223117,0
2018-12-31,385.0,385.0,380.0,380.0,-1.81,9724.0,3711328.0,-1,2018-12-31,385.18937663287664,386.7698253787583,-1.5804487458816538,0
2019-01-01,380.0,383.0,377.0,380.0,0.0,7155.0,2707400.0,0,2019-01-01,384.1515013063013,386.05721218099427,-1.905710874692943,0
2019-01-02,380.0,382.0,378.0,382.0,0.53,19408.0,7370888.0,1,2019-01-02,383.7212010450411,385.63013721457384,-1.9089361695327511,0
2019-01-03,381.0,385.0,381.0,383.0,0.26,8316.0,3179485.0,1,2019-01-03,383.5769608360329,385.3532806656713,-1.7763198296383962,0
2019-01-06,380.0,382.0,377.0,377.0,-1.57,9575.0,3631962.0,-1,2019-01-06,382.2615686688264,384.4739879640217,-2.212419295195332,0
2019-01-07,377.0,383.0,377.0,379.0,0.53,17398.0,6606274.0,1,2019-01-07,381.60925493506113,383.897778704651,-2.288523769589858,0
2019-01-08,381.0,384.0,380.0,382.0,0.79,26447.0,10076233.0,1,2019-01-08,381.6874039480489,383.69801252521404,-2.010608577165158,0
2019-01-09,382.0,392.0,382.0,388.0,1.57,43470.0,16800032.0,1,2019-01-09,382.94992315843916,384.15085331203363,-1.20093015359447,0
2019-01-10,386.0,390.0,385.0,390.0,0.52,28615.0,11054692.0,1,2019-01-10,384.35993852675136,384.7665529633985,-0.40661443664714625,0
2019-01-13,392.0,392.0,383.0,384.0,-1.54,74495.0,28756076.0,-1,2019-01-13,384.2879508214011,384.6858631777776,-0.39791235637648015,0
2019-01-14,385.0,390.0,385.0,386.0,0.52,8106.0,3133749.0,1,2019-01-14,384.6303606571209,384.8241933695905,-0.1938327124696002,0
2019-01-15,386.0,392.0,386.0,390.0,1.04,15949.0,6232127.0,1,2019-01-15,385.7042885256967,385.3690151201599,0.3352734055368387,1
2019-01-16,393.0,401.0,390.0,398.0,2.05,77989.0,30981508.0,1,2019-01-16,388.16343082055744,386.6985924759325,1.4648383446249227,0
2019-01-17,400.0,401.0,395.0,396.0,-0.5,27748.0,11005936.0,-1,2019-01-17,389.73074465644595,387.6776880047817,2.0530566516642352,0
2019-01-20,397.0,397.0,392.0,392.0,-1.01,5752.0,2260518.0,-1,2019-01-20,390.1845957251568,388.13266821480465,2.0519275103521295,0
2019-01-21,390.0,399.0,389.0,389.0,-0.77,17919.0,7001614.0,-1,2019-01-21,389.94767658012546,388.22396629745674,1.7237102826687192,0
2019-01-22,390.0,392.0,389.0,390.0,0.26,7735.0,3019367.0,1,2019-01-22,389.9581412641004,388.4109172135139,1.5472240505864647,0
2019-01-23,393.0,394.0,391.0,392.0,0.51,8939.0,3509480.0,1,2019-01-23,390.3665130112803,388.78871540156507,1.577797609715219,0
2019-01-24,392.0,396.0,391.0,392.0,0.0,20113.0,7911959.0,0,2019-01-24,390.69321040902423,389.12674535929506,1.5664650497291746,0
2019-01-27,390.0,392.0,389.0,391.0,-0.26,27179.0,10617054.0,-1,2019-01-27,390.7545683272194,389.3239300583166,1.4306382689027828,0
2019-01-28,391.0,394.0,391.0,393.0,0.51,12704.0,4978633.0,1,2019-01-28,391.20365466177554,389.7108847890201,1.4927698727554457,0
2019-01-29,391.0,392.0,389.0,390.0,-0.76,24692.0,9640886.0,-1,2019-01-29,390.9629237294205,389.7413179691232,1.2216057602972796,0
2019-01-30,390.0,392.0,390.0,392.0,0.51,23118.0,9061091.0,1,2019-01-30,391.17033898353645,389.9790739723734,1.1912650111630683,0
2019-01-31,393.0,394.0,390.0,391.0,-0.26,11447.0,4492469.0,-1,2019-01-31,391.13627118682916,390.08653987001827,1.0497313168108917,0
2019-02-03,394.0,395.0,390.0,390.0,-0.26,22031.0,8610127.0,-1,2019-02-03,390.90901694946336,390.07743041001635,0.8315865394470165,0
2019-02-04,391.0,392.0,388.0,389.0,-0.26,31537.0,12285309.0,-1,2019-02-04,390.5272135595707,389.96401668264616,0.5631968769245645,0
2019-02-05,394.0,394.0,389.0,389.0,0.0,14198.0,5534327.0,0,2019-02-05,390.2217708476566,389.86254124236757,0.3592296052890447,0
2019-02-06,384.0,390.0,384.0,387.0,-0.51,12115.0,4701776.0,-1,2019-02-06,389.57741667812536,389.56122111159203,0.016195566533326655,0
2019-02-07,386.0,390.0,385.0,390.0,0.78,9862.0,3825718.0,1,2019-02-07,389.66193334250033,389.6074083630034,0.05452497949693225,0
2019-02-10,389.0,391.0,382.0,385.0,-1.28,20647.0,7957961.0,-1,2019-02-10,388.7295466740003,389.12241800900307,-0.3928713350027806,-1
2019-02-11,381.0,387.0,381.0,386.0,0.26,10406.0,4015930.0,1,2019-02-11,388.18363733920023,388.793742429108,-0.6101050899077904,0
2019-02-12,393.0,393.0,384.0,386.0,0.0,11167.0,4307361.0,0,2019-02-12,387.7469098713602,388.4996642786756,-0.7527544073154218,0
2019-02-13,388.0,392.0,384.0,384.0,-0.52,15606.0,6032824.0,-1,2019-02-13,386.99752789708816,388.02601540723606,-1.0284875101478974,0
2019-02-14,382.0,389.0,380.0,384.0,0.0,17211.0,6582521.0,0,2019-02-14,386.39802231767055,387.60222431173753,-1.2042019940669775,0
2019-02-17,387.0,388.0,383.0,387.0,0.78,13443.0,5174030.0,1,2019-02-17,386.5184178541365,387.53883227892305,-1.0204144247865656,0
2019-02-18,385.0,386.0,383.0,385.0,-0.52,13348.0,5134879.0,-1,2019-02-18,386.2147342833092,387.2715867758785,-1.0568524925693055,0
2019-02-19,389.0,389.0,385.0,389.0,1.04,10351.0,3997266.0,1,2019-02-19,386.7717874266474,387.4535250099966,-0.6817375833492179,0
2019-02-20,395.0,395.0,385.0,387.0,-0.51,6553.0,2528913.0,-1,2019-02-20,386.817429941318,387.4057855352601,-0.5883555939421399,0
2019-02-21,388.0,388.0,382.0,384.0,-0.78,13521.0,5195354.0,-1,2019-02-21,386.25394395305443,387.04728179470646,-0.7933378416520327,0
2019-02-24,385.0,385.0,368.0,370.0,-3.65,36648.0,13731299.0,-1,2019-02-24,383.0031551624436,385.25283107947416,-2.2496759170305722,0
2019-02-25,370.0,377.0,370.0,374.0,1.08,16761.0,6275016.0,1,2019-02-25,381.2025241299549,384.06832254479264,-2.865798414837741,0
2019-02-26,374.0,380.0,373.0,376.0,0.53,9932.0,3715349.0,1,2019-02-26,380.1620193039639,383.21902543481445,-3.0570061308505387,0
2019-02-27,375.0,382.0,375.0,378.0,0.53,7888.0,2983226.0,1,2019-02-27,379.72961544317116,382.6696543364129,-2.9400388932417627,0
2019-03-03,380.0,380.0,377.0,378.0,0.0,13490.0,5103024.0,0,2019-03-03,379.38369235453695,382.17811177468525,-2.7944194201483015,0
2019-03-05,378.0,382.0,377.0,381.0,0.79,31858.0,12082441.0,1,2019-03-05,379.7069538836296,382.0541000089289,-2.347146125299332,0
2019-03-06,380.0,386.0,378.0,385.0,1.05,22986.0,8829736.0,1,2019-03-06,380.7655631069037,382.36419474483114,-1.59863163792744,0
2019-03-07,385.0,392.0,385.0,391.0,1.56,26697.0,10354654.0,1,2019-03-07,382.81245048552296,383.27322687695414,-0.46077639143118176,0
2019-03-10,392.0,396.0,385.0,394.0,0.77,10089.0,3943513.0,1,2019-03-10,385.0499603884184,384.40236088990633,0.6475994985120792,1
2019-03-11,399.0,400.0,393.0,400.0,1.52,55606.0,22121492.0,1,2019-03-11,388.03996831073476,386.0442176383373,1.9957506723974916,0
2019-03-12,403.0,404.0,397.0,401.0,0.25,48902.0,19586490.0,1,2019-03-12,390.6319746485878,387.6185105185123,3.0134641300754765,0
2019-03-13,405.0,405.0,396.0,398.0,-0.75,31903.0,12783012.0,-1,2019-03-13,392.1055797188703,388.7112988849847,3.3942808338855457,0
2019-03-14,395.0,400.0,395.0,399.0,0.25,20294.0,8076897.0,1,2019-03-14,393.48446377509623,389.7943200549863,3.6901437201099156,0
2019-03-17,401.0,405.0,400.0,401.0,0.5,38412.0,15449692.0,1,2019-03-17,394.987571020077,390.97386531235617,4.013705707720817,0
2019-03-18,400.0,402.0,397.0,398.0,-0.75,21236.0,8483057.0,-1,2019-03-18,395.59005681606163,391.7134584373713,3.876598378690346,0
2019-03-19,402.0,402.0,398.0,399.0,0.25,3790.0,1511860.0,1,2019-03-19,396.27204545284934,392.4804628123848,3.791582640464526,0
2019-03-21,397.0,399.0,395.0,395.0,-1.0,22176.0,8807087.0,-1,2019-03-21,396.0176363622795,392.7456772531864,3.2719591090931317,0
2019-03-24,393.0,399.0,393.0,396.0,0.25,11361.0,4487639.0,1,2019-03-24,396.01410908982365,393.08823754232463,2.925871547499014,0
2019-03-25,394.0,400.0,394.0,398.0,0.51,8113.0,3226695.0,1,2019-03-25,396.41128727185895,393.60526516944833,2.8060221024106227,0
2019-03-26,398.0,400.0,395.0,398.0,0.0,15558.0,6190349.0,0,2019-03-26,396.72902981748723,394.0678688358222,2.6611609816650343,0
2019-03-27,400.0,400.0,397.0,398.0,0.0,13921.0,5537602.0,0,2019-03-27,396.98322385398984,394.48177737941984,2.5014464745700025,0
2019-03-28,403.0,403.0,396.0,398.0,0.0,15408.0,6131473.0,0,2019-03-28,397.18657908319193,394.85211660263883,2.3344624805531,0
2019-03-31,401.0,402.0,399.0,400.0,0.5,24402.0,9764365.0,1,2019-03-31,397.74926326655356,395.393999065519,2.355264201034572,0
2019-04-01,404.0,410.0,400.0,410.0,2.5,54571.0,22078084.0,1,2019-04-01,400.1994106132429,396.9314728480959,3.2679377651469963,0
2019-04-02,412.0,426.0,410.0,426.0,3.9,89445.0,37684472.0,1,2019-04-02,405.3595284905943,399.9913178114542,5.368210679140077,0
2019-04-03,428.0,439.0,421.0,436.0,2.35,101042.0,43735792.0,1,2019-04-03,411.48762279247546,403.7817054102485,7.705917382226971,0
2019-04-04,440.0,444.0,431.0,440.0,0.92,107396.0,47180688.0,1,2019-04-04,417.1900982339804,407.5941574723276,9.595940761652798,0
2019-04-07,443.0,472.0,439.0,468.0,6.36,147987.0,67184256.0,1,2019-04-07,427.35207858718434,413.9526672120826,13.39941137510175,0
2019-04-08,470.0,478.0,462.0,466.0,-0.43,161971.0,76389496.0,-1,2019-04-08,435.0816628697475,419.43133382133703,15.65032904841047,0
2019-04-09,470.0,471.0,456.0,458.0,-1.72,116366.0,53870064.0,-1,2019-04-09,439.66533029579807,423.491193419091,16.174136876707053,0
2019-04-10,463.0,469.0,457.0,466.0,1.75,63030.0,29088630.0,1,2019-04-10,444.93226423663845,427.96580463813405,16.9664595985044,0
2019-04-11,466.0,471.0,465.0,469.0,0.64,54800.0,25647384.0,1,2019-04-11,449.7458113893108,432.2851936235936,17.46061776571719,0
2019-04-15,466.0,473.0,466.0,470.0,0.21,39084.0,18348468.0,1,2019-04-15,453.7966491114487,436.2551732421627,17.54147586928599,0
2019-04-16,471.0,498.0,470.0,492.0,4.68,106050.0,51327748.0,1,2019-04-16,461.43731928915895,442.1230497429877,19.31426954617126,0
2019-04-17,497.0,498.0,484.0,487.0,-1.02,92921.0,45477800.0,-1,2019-04-17,466.54985543132716,446.8469392437258,19.702916187601375,0
2019-04-18,489.0,493.0,481.0,482.0,-1.03,60312.0,29239844.0,-1,2019-04-18,469.6398843450618,450.54726142859676,19.092622916465018,0
2019-04-21,490.0,495.0,478.0,494.0,2.49,94558.0,46076092.0,1,2019-04-21,474.51190747604943,455.1212339097971,19.390673566252303,0
2019-04-22,494.0,500.0,483.0,484.0,-2.02,79167.0,38809688.0,-1,2019-04-22,476.4095259808396,458.16110402455536,18.248421956284233,0
2019-04-23,478.0,495.0,478.0,490.0,1.24,58722.0,28662700.0,1,2019-04-23,479.1276207846717,461.5125667588127,17.615054025859024,0
2019-04-24,490.0,508.0,490.0,506.0,3.27,128530.0,64084736.0,1,2019-04-24,484.5020966277374,466.19545446841136,18.30664215932603,0
2019-04-25,508.0,515.0,502.0,507.0,0.2,88888.0,45172796.0,1,2019-04-25,489.00167730218993,470.4906697875259,18.511007514664016,0
2019-04-28,512.0,512.0,501.0,502.0,-0.99,84179.0,42401216.0,-1,2019-04-28,491.60134184175195,473.8074413888389,17.79390045291302,0
2019-04-29,498.0,502.0,495.0,496.0,-1.2,62052.0,30903060.0,-1,2019-04-29,492.4810734734016,476.1435001900138,16.33757328338777,0
2019-04-30,497.0,500.0,492.0,495.0,-0.2,23369.0,11553845.0,-1,2019-04-30,492.9848587787213,478.12839490685445,14.856463871866822,0
2019-05-02,492.0,495.0,488.0,491.0,-0.81,31276.0,15359811.0,-1,2019-05-02,492.58788702297704,479.4833007061329,13.10458631684412,0
2019-05-05,487.0,490.0,483.0,483.0,-1.63,35721.0,17363724.0,-1,2019-05-05,490.6703096183817,479.85347957917156,10.816830039210117,0
2019-05-06,480.0,496.0,480.0,496.0,2.69,39149.0,19085938.0,1,2019-05-06,491.73624769470536,481.55311330767984,10.183134387025518,0
2019-05-07,490.0,502.0,484.0,494.0,-0.4,33241.0,16491329.0,-1,2019-05-07,492.1889981557643,482.86331190687144,9.32568624889285,0
2019-05-08,492.0,496.0,490.0,493.0,-0.2,19495.0,9614964.0,-1,2019-05-08,492.3511985246115,483.93033170614814,8.420866818463367,0
2019-05-09,493.0,493.0,487.0,488.0,-1.01,25211.0,12342681.0,-1,2019-05-09,491.48095881968925,484.3587178423431,7.122240977346166,0
2019-05-12,485.0,498.0,482.0,498.0,2.05,40990.0,20078108.0,1,2019-05-12,492.78476705575144,485.7946422799912,6.9901247757602505,0
2019-05-13,501.0,501.0,486.0,487.0,-2.21,42220.0,20686736.0,-1,2019-05-13,491.62781364460113,485.9215220399921,5.706291604609021,0
2019-05-14,495.0,499.0,487.0,493.0,1.23,39731.0,19571800.0,1,2019-05-14,491.90225091568095,486.6666249831508,5.235625932530127,0
2019-05-15,500.0,500.0,491.0,491.0,-0.41,49643.0,24585912.0,-1,2019-05-15,491.72180073254475,487.12276972176653,4.599031010778219,0
2019-05-16,490.0,495.0,487.0,490.0,-0.2,25182.0,12366322.0,-1,2019-05-16,491.37744058603585,487.4256360668437,3.9518045191921374,0
2019-05-19,490.0,491.0,484.0,484.0,-1.22,38861.0,18941674.0,-1,2019-05-19,489.9019524688287,487.06504279664966,2.836909672179047,0
2019-05-20,482.0,491.0,481.0,483.0,-0.21,38921.0,18831306.0,-1,2019-05-20,488.52156197506304,486.6371435548971,1.8844184201659573,0
2019-05-21,484.0,487.0,480.0,482.0,-0.21,39645.0,19139612.0,-1,2019-05-21,487.2172495800504,486.1490231806974,1.0682263993530228,0
2019-05-22,483.0,485.0,481.0,484.0,0.41,25076.0,12126265.0,1,2019-05-22,486.57379966404034,485.92281021430824,0.6509894497320943,0
2019-05-23,486.0,486.0,481.0,484.0,0.0,24480.0,11819484.0,0,2019-05-23,486.0590397312323,485.7204091391179,0.3386305921143844,0
2019-05-26,484.0,485.0,476.0,477.0,-1.45,36547.0,17569256.0,-1,2019-05-26,484.24723178498584,484.80247133500023,-0.5552395500143916,-1
2019-05-27,482.0,482.0,475.0,480.0,0.63,31557.0,15104097.0,1,2019-05-27,483.3977854279887,484.2969480365792,-0.8991626085904727,0
2019-05-28,479.0,482.0,476.0,480.0,0.0,20813.0,9956807.0,0,2019-05-28,482.718228342391,483.8446377169393,-1.1264093745483024,0
2019-05-29,480.0,485.0,480.0,480.0,0.0,19752.0,9550413.0,0,2019-05-29,482.1745826739128,483.43993900989307,-1.2653563359802433,0
2019-05-30,500.0,502.0,483.0,485.0,1.04,67442.0,33099284.0,1,2019-05-30,482.7396661391303,483.6041559562201,-0.8644898170898045,0
2019-06-02,484.0,484.0,478.0,478.0,-1.44,49886.0,23947772.0,-1,2019-06-02,481.7917329113043,483.0142448029338,-1.2225118916294946,0
2019-06-03,475.0,475.0,465.0,468.0,-2.09,193172.0,90603752.0,-1,2019-06-03,479.0333863290435,481.4337979815723,-2.400411652528817,0
2019-06-04,467.0,474.0,463.0,470.0,0.43,30464.0,14284867.0,1,2019-06-04,477.2267090632348,480.2302402993015,-3.003531236066692,0
2019-06-06,469.0,475.0,458.0,460.0,-2.13,62274.0,28945404.0,-1,2019-06-06,473.7813672505879,478.1007413204277,-4.319374069839796,0
2019-06-10,457.0,465.0,449.0,451.0,-1.96,91893.0,41859080.0,-1,2019-06-10,469.22509380047035,475.24803170775107,-6.0229379072807205,0
2019-06-11,454.0,458.0,447.0,457.0,1.33,60515.0,27455744.0,1,2019-06-11,466.78007504037635,473.3271862648299,-6.547111224453545,0
2019-06-12,460.0,466.0,455.0,458.0,0.22,33591.0,15390955.0,1,2019-06-12,465.0240600323011,471.7137982369531,-6.689738204651974,0
2019-06-13,467.0,471.0,454.0,454.0,-0.87,39607.0,18070480.0,-1,2019-06-13,462.8192480258409,469.84918789622117,-7.029939870380247,0
2019-06-16,463.0,472.0,451.0,451.0,-0.66,35541.0,16090940.0,-1,2019-06-16,460.45539842067274,467.86506285451367,-7.4096644338409305,0
2019-06-17,455.0,460.0,451.0,454.0,0.67,32855.0,14886503.0,1,2019-06-17,459.16431873653823,466.4055825540385,-7.241263817500283,0
2019-06-18,462.0,462.0,455.0,461.0,1.54,43757.0,20141424.0,1,2019-06-18,459.5314549892306,465.8365738641397,-6.3051188749091125,0
2019-06-19,463.0,470.0,461.0,466.0,1.08,46789.0,21754684.0,1,2019-06-19,460.8251639913845,465.85377661528287,-5.028612623898368,0
2019-06-20,468.0,475.0,465.0,471.0,1.07,30484.0,14273775.0,1,2019-06-20,462.86013119310763,466.39548433998993,-3.5353531468823007,0
2019-06-23,480.0,480.0,460.0,466.0,-1.06,26800.0,12482972.0,-1,2019-06-23,463.4881049544861,466.35385440946465,-2.865749454978527,0
2019-06-24,468.0,469.0,465.0,467.0,0.21,29942.0,13953705.0,1,2019-06-24,464.1904839635889,466.42186973478414,-2.231385771195221,0
2019-06-25,470.0,473.0,466.0,469.0,0.43,21895.0,10267871.0,1,2019-06-25,465.1523871708712,466.69325186796476,-1.540864697093582,0
2019-06-26,470.0,475.0,466.0,467.0,-0.43,14360.0,6702531.0,-1,2019-06-26,465.521909736697,466.72554114502105,-1.2036314083240427,0
2019-06-27,475.0,475.0,462.0,463.0,-0.86,21927.0,10178397.0,-1,2019-06-27,465.01752778935764,466.3333789192294,-1.31585112987176,0
2019-06-30,459.0,463.0,456.0,456.0,-1.51,27859.0,12776566.0,-1,2019-06-30,463.2140222314861,465.2456548224684,-2.0316325909822694,0
2019-07-01,455.0,458.0,449.0,456.0,0.0,38691.0,17541848.0,0,2019-07-01,461.7712177851889,464.27242799905065,-2.501210213861725,0
2019-07-02,461.0,461.0,453.0,455.0,-0.22,31497.0,14327689.0,-1,2019-07-02,460.41697422815116,463.296382946519,-2.879408718367813,0
2019-07-03,464.0,472.0,456.0,462.0,1.54,20331.0,9392274.0,1,2019-07-03,460.73357938252093,463.1599215837275,-2.4263422012065803,0
2019-07-04,466.0,469.0,460.0,462.0,0.0,16735.0,7745196.0,0,2019-07-04,460.9868635060168,463.0378245749141,-2.0509610688973225,0
2019-07-07,471.0,476.0,455.0,458.0,-0.87,22121.0,10100088.0,-1,2019-07-07,460.3894908048135,462.50752725123897,-2.118036446425492,0
2019-07-08,454.0,455.0,450.0,452.0,-1.31,31564.0,14268044.0,-1,2019-07-08,458.71159264385085,461.40147175110855,-2.6898791072576955,0
2019-07-09,454.0,454.0,444.0,449.0,-0.66,42350.0,18958428.0,-1,2019-07-09,456.7692741150807,460.0960536720445,-3.3267795569637997,0
2019-07-10,447.0,449.0,443.0,445.0,-0.89,37178.0,16595634.0,-1,2019-07-10,454.4154192920646,458.50699539077664,-4.091576098712039,0
2019-07-11,450.0,450.0,443.0,445.0,0.0,39147.0,17417808.0,0,2019-07-11,452.5323354336517,457.0852064022738,-4.552870968622074,0
2019-07-14,449.0,450.0,441.0,443.0,-0.45,15141.0,6710292.0,-1,2019-07-14,450.62586834692144,455.6025530967713,-4.9766847498498805,0
2019-07-15,444.0,447.0,441.0,446.0,0.68,46364.0,20625784.0,1,2019-07-15,449.7006946775372,454.5917580339533,-4.891063356416112,0
2019-07-16,450.0,450.0,444.0,448.0,0.45,14110.0,6293451.0,1,2019-07-16,449.36055574202976,453.89788876722133,-4.537333025191572,0
2019-07-17,450.0,457.0,450.0,456.0,1.79,26501.0,12059896.0,1,2019-07-17,450.68844459362384,454.1191636338296,-3.4307190402057586,0
2019-07-18,456.0,464.0,456.0,459.0,0.66,28359.0,13051884.0,1,2019-07-18,452.3507556748991,454.6329358829002,-2.28218020800108,0
2019-07-21,458.0,462.0,455.0,461.0,0.44,14798.0,6788095.0,1,2019-07-21,454.0806045399193,455.3031531583844,-1.2225486184651118,0
2019-07-22,468.0,468.0,458.0,463.0,0.43,16651.0,7695195.0,1,2019-07-22,455.8644836319355,456.11334756276506,-0.24886393082954328,0
2019-07-23,463.0,469.0,462.0,465.0,0.43,12440.0,5788859.0,1,2019-07-23,457.69158690554843,457.04878466142134,0.6428022441270969,1
2019-07-24,467.0,479.0,465.0,474.0,1.94,32270.0,15241879.0,1,2019-07-24,460.9532695244388,458.8331231181138,2.1201464063249773,0
2019-07-25,470.0,476.0,465.0,467.0,-1.48,33130.0,15607949.0,-1,2019-07-25,462.16261561955105,459.69279436883863,2.469821250712414,0
2019-07-28,465.0,465.0,457.0,459.0,-1.71,47251.0,21704056.0,-1,2019-07-28,461.5300924956409,459.619868645803,1.9102238498378483,0
2019-07-29,462.0,464.0,460.0,462.0,0.65,15259.0,7047645.0,1,2019-07-29,461.6240739965127,459.8704087883501,1.7536652081626016,0
2019-07-30,467.0,467.0,463.0,465.0,0.65,7866.0,3655774.0,1,2019-07-30,462.2992591972102,460.4103657579975,1.8888934392126657,0
2019-07-31,474.0,474.0,465.0,468.0,0.65,12296.0,5733516.0,1,2019-07-31,463.4394073577682,461.2092746255767,2.230132732191464,0
2019-08-01,473.0,473.0,465.0,467.0,-0.21,20007.0,9321543.0,-1,2019-08-01,464.1515258862146,461.8188246649897,2.3327012212249087,0
2019-08-04,474.0,474.0,465.0,467.0,0.0,12134.0,5651245.0,0,2019-08-04,464.7212207089717,462.36421154235916,2.3570091666125563,0
2019-08-05,469.0,469.0,463.0,465.0,-0.43,34781.0,16171329.0,-1,2019-08-05,464.77697656717737,462.6416629589529,2.1353136082244646,0
2019-08-06,464.0,464.0,451.0,458.0,-1.51,43065.0,19609808.0,-1,2019-08-06,463.4215812537419,462.1530668580105,1.2685143957314153,0
2019-08-07,451.0,460.0,451.0,453.0,-1.09,17917.0,8164509.0,-1,2019-08-07,461.3372650029936,461.18958613611466,0.14767886687894816,0
2019-08-08,455.0,455.0,449.0,449.0,-0.88,15933.0,7173173.0,-1,2019-08-08,458.8698120023949,459.9064718059973,-1.0366598036023902,-1
2019-08-11,447.0,452.0,447.0,449.0,0.0,11993.0,5385645.0,0,2019-08-11,456.8958496019159,458.7584221422081,-1.862572540292149,0
2019-08-12,449.0,450.0,448.0,450.0,0.22,12265.0,5506248.0,1,2019-08-12,455.51667968153276,457.83648296934405,-2.3198032878112826,0
2019-08-13,450.0,453.0,448.0,449.0,-0.22,5472.0,2454136.0,-1,2019-08-13,454.21334374522627,456.9063268673078,-2.692983122081557,0
2019-08-14,447.0,450.0,443.0,443.0,-1.34,18041.0,8024068.0,-1,2019-08-14,451.97067499618106,455.4425029865386,-3.4718279903575535,0
2019-08-15,449.0,450.0,443.0,444.0,0.23,46360.0,20594602.0,1,2019-08-15,450.37653999694487,454.2380289879556,-3.861488991010731,0
2019-08-18,450.0,458.0,449.0,451.0,1.58,54223.0,24534456.0,1,2019-08-18,450.5012319975559,453.8971838313287,-3.395951833772756,0
2019-08-19,453.0,464.0,451.0,460.0,2.0,37488.0,17190380.0,1,2019-08-19,452.40098559804477,454.5395855332941,-2.1385999352493172,0
2019-08-20,460.0,461.0,453.0,453.0,-1.52,29190.0,13297171.0,-1,2019-08-20,452.52078847843586,454.3775238982105,-1.8567354197746226,0
2019-08-21,454.0,457.0,451.0,454.0,0.22,38058.0,17263616.0,1,2019-08-21,452.81663078274875,454.3377845405041,-1.5211537577553713,0
2019-08-22,462.0,462.0,452.0,454.0,0.0,42153.0,19140812.0,0,2019-08-22,453.053304626199,454.3022282730826,-1.2489236468836111,0
2019-08-25,451.0,453.0,448.0,448.0,-1.32,32538.0,14637539.0,-1,2019-08-25,452.0426437009593,453.6388358232844,-1.5961921223251352,0
2019-08-26,450.0,450.0,446.0,447.0,-0.22,31024.0,13882397.0,-1,2019-08-26,451.0341149607674,452.9400109997808,-1.9058960390133848,0
2019-08-27,451.0,451.0,447.0,447.0,0.0,52701.0,23628000.0,0,2019-08-27,450.22729196861394,452.3147466840144,-2.0874547154004404,0
2019-08-28,471.0,471.0,438.0,439.0,-1.79,72685.0,32094418.0,-1,2019-08-28,447.9818335748912,450.9131944014866,-2.9313608265953803,0
2019-08-29,447.0,450.0,437.0,439.0,0.0,29723.0,13080726.0,0,2019-08-29,446.185466859913,449.6591739381722,-3.473707078259224,0
2019-09-01,462.0,462.0,439.0,440.0,0.23,15482.0,6818360.0,1,2019-09-01,444.94837348793044,448.6424187867857,-3.694045298855258,0
2019-09-02,436.0,471.0,435.0,436.0,-0.91,11942.0,5226853.0,-1,2019-09-02,443.1586987903444,447.3116378618609,-4.152939071516528,0
2019-09-03,439.0,449.0,426.0,449.0,2.98,50696.0,21972766.0,1,2019-09-03,444.3269590322755,447.4893601921913,-3.1624011599158166,0
2019-09-04,441.0,453.0,440.0,451.0,0.45,22602.0,10134271.0,1,2019-09-04,445.6615672258204,447.8589012245922,-2.1973339987717964,0
2019-09-05,454.0,454.0,447.0,449.0,-0.44,29014.0,13037949.0,-1,2019-09-05,446.32925378065636,447.97901688516146,-1.649763104505098,0
2019-09-08,450.0,453.0,448.0,448.0,-0.22,35963.0,16188090.0,-1,2019-09-08,446.6634030245251,447.9812256340918,-1.31782260956669,0
2019-09-09,450.0,450.0,443.0,448.0,0.0,15778.0,7032253.0,0,2019-09-09,446.9307224196201,447.98320188313477,-1.0524794635146577,0
2019-09-10,450.0,450.0,443.0,448.0,0.0,27649.0,12302406.0,0,2019-09-10,447.14457793569613,447.98497010596265,-0.8403921702665116,0
2019-09-11,450.0,454.0,444.0,447.0,-0.22,22108.0,9864653.0,-1,2019-09-11,447.11566234855695,447.88128904217706,-0.7656266936201064,0
2019-09-12,446.0,450.0,445.0,448.0,0.22,79341.0,35476568.0,1,2019-09-12,447.2925298788456,447.8937849324742,-0.6012550536286199,0
2019-09-15,441.0,441.0,390.0,391.0,-3.99,22199.0,8729640.0,-1,2019-09-15,436.0340239030765,441.90496546589793,-5.870941562821429,0
2019-09-16,390.0,391.0,377.0,380.0,-2.81,31341.0,11995455.0,-1,2019-09-16,424.8272191224612,435.38865331159286,-10.56143418913166,0
2019-09-17,377.0,390.0,376.0,387.0,1.84,18010.0,6937509.0,1,2019-09-17,417.26177529796894,430.295110857741,-13.03333555977207,0
2019-09-18,394.0,398.0,387.0,395.0,2.07,23035.0,8998569.0,1,2019-09-18,412.8094202383752,426.57983603061035,-13.770415792235156,0
2019-09-19,400.0,400.0,390.0,390.0,-1.27,5187.0,2035914.0,-1,2019-09-19,408.2475361907002,422.7293269747566,-14.481790784056386,0
2019-09-22,393.0,393.0,378.0,383.0,-1.79,7772.0,2976373.0,-1,2019-09-22,403.1980289525602,418.5472925563612,-15.349263603800978,0
2019-09-23,390.0,390.0,378.0,379.0,-1.04,13501.0,5133782.0,-1,2019-09-23,398.3584231620482,414.3844196556916,-16.02599649364339,0
2019-09-24,379.0,381.0,376.0,379.0,0.0,13035.0,4929740.0,0,2019-09-24,394.4867385296386,410.6597439024609,-16.173005372822274,0
2019-09-25,379.0,381.0,375.0,376.0,-0.79,15432.0,5804209.0,-1,2019-09-25,390.7893908237109,407.011349807465,-16.22195898375412,0
2019-09-26,377.0,377.0,375.0,375.0,-0.27,14312.0,5372280.0,-1,2019-09-26,387.63151265896875,403.64173403825816,-16.01022137928942,0
2019-09-29,374.0,377.0,372.0,375.0,0.0,22722.0,8515888.0,0,2019-09-29,385.10521012717504,400.62681466580995,-15.521604538634904,0
2019-09-30,376.0,378.0,375.0,378.0,0.8,9075.0,3413451.0,1,2019-09-30,383.68416810174006,398.2450447009878,-14.560876599247763,0
2019-10-01,378.0,384.0,375.0,384.0,1.59,5241.0,1997222.0,1,2019-10-01,383.74733448139204,396.7455663114102,-12.998231830018142,0
2019-10-02,389.0,390.0,382.0,384.0,0.0,7310.0,2804527.0,0,2019-10-02,383.79786758511364,395.4039277523144,-11.60606016720078,0
2019-10-03,401.0,401.0,383.0,389.0,1.3,8409.0,3230985.0,1,2019-10-03,384.83829406809093,394.729830094176,-9.891536026085078,0
2019-10-10,389.0,389.0,383.0,385.0,-1.03,3175.0,1221015.0,-1,2019-10-10,384.87063525447275,393.7056374526838,-8.835002198211043,0
2019-10-14,385.0,385.0,378.0,378.0,-1.82,10343.0,3945902.0,-1,2019-10-14,383.49650820357823,392.05241245766445,-8.555904254086215,0
2019-10-15,380.0,385.0,378.0,385.0,1.85,11302.0,4296377.0,1,2019-10-15,383.7972065628626,391.3100532515945,-7.5128466887319405,0
2019-10-16,390.0,390.0,383.0,386.0,0.26,15604.0,5995326.0,1,2019-10-16,384.23776525029007,390.75110027774247,-6.513335027452399,0
2019-10-17,387.0,387.0,384.0,386.0,0.0,10188.0,3924122.0,0,2019-10-17,384.5902122002321,390.25098445903274,-5.660772258800648,0
2019-10-20,393.0,400.0,382.0,382.0,-1.04,12661.0,4850201.0,-1,2019-10-20,384.0721697601857,389.38245977913454,-5.31029001894882,0
2019-10-21,382.0,389.0,382.0,384.0,0.52,6069.0,2330121.0,1,2019-10-21,384.0577358081486,388.81588506554147,-4.7581492573928585,0
2019-10-22,384.0,391.0,384.0,391.0,1.82,24454.0,9463846.0,1,2019-10-22,385.4461886465189,389.0457919007476,-3.5996032542286684,0
2019-10-23,392.0,401.0,390.0,398.0,1.79,37258.0,14693240.0,1,2019-10-23,387.9569509172152,389.98834012172154,-2.031389204506354,0
2019-10-24,400.0,414.0,400.0,411.0,3.27,84273.0,34542544.0,1,2019-10-24,392.56556073377214,392.20009379311927,0.36546694065287966,1
2019-10-31,416.0,418.0,408.0,408.0,-0.73,29033.0,11957266.0,-1,2019-10-31,395.6524485870178,393.86324181489624,1.7892067721215312,0
2019-11-03,408.0,408.0,402.0,405.0,-0.74,10405.0,4204941.0,-1,2019-11-03,397.52195886961425,395.03553215017035,2.486426719443898,0
2019-11-04,405.0,405.0,397.0,400.0,-1.23,10935.0,4371389.0,-1,2019-11-04,398.01756709569145,395.55810771331033,2.4594593823811124,0
2019-11-05,400.0,401.0,397.0,397.0,-0.75,13299.0,5303364.0,-1,2019-11-05,397.81405367655316,395.70988584875136,2.1041678278018026,0
2019-11-06,400.0,404.0,396.0,400.0,0.76,20215.0,8069098.0,1,2019-11-06,398.25124294124254,396.1614768120407,2.0897661292018483,0
2019-11-07,397.0,403.0,397.0,399.0,-0.25,10888.0,4332033.0,-1,2019-11-07,398.4009943529941,396.46026872656273,1.9407256264313446,0
2019-11-10,406.0,406.0,397.0,400.0,0.25,27061.0,10792086.0,1,2019-11-10,398.72079548239526,396.8328720185035,1.8879234638917524,0
2019-11-11,398.0,406.0,398.0,404.0,1.0,21981.0,8849692.0,1,2019-11-11,399.7766363859162,397.5873065428716,2.189329843044618,0
2019-11-12,404.0,404.0,398.0,398.0,-1.49,12817.0,5125024.0,-1,2019-11-12,399.421309108733,397.63074795941145,1.7905611493215474,0
2019-11-13,398.0,400.0,398.0,399.0,0.25,8746.0,3490485.0,1,2019-11-13,399.33704728698643,397.7748797531576,1.5621675338288128,0
2019-11-14,399.0,406.0,399.0,406.0,1.75,22377.0,9023197.0,1,2019-11-14,400.66963782958913,398.6406818844042,2.0289559451849186,0
2019-11-17,414.0,420.0,410.0,418.0,2.96,94663.0,39362152.0,1,2019-11-17,404.13571026367134,400.67850484394063,3.4572054197307125,0
2019-11-18,420.0,424.0,415.0,417.0,-0.24,33570.0,14013032.0,-1,2019-11-18,406.7085682109371,402.3965569656311,4.312011245305996,0
2019-11-19,419.0,419.0,410.0,411.0,-1.44,21424.0,8849797.0,-1,2019-11-19,407.56685456874965,403.3021825481962,4.264672020553462,0
2019-11-20,411.0,417.0,407.0,410.0,-0.24,20611.0,8495698.0,-1,2019-11-20,408.05348365499975,404.0072159641755,4.046267690824266,0
2019-11-21,410.0,413.0,400.0,404.0,-1.46,31833.0,12841487.0,-1,2019-11-21,407.24278692399986,404.00645638899914,3.236330535000718,0
2019-11-24,402.0,406.0,396.0,400.0,-0.99,21650.0,8624685.0,-1,2019-11-24,405.79422953919993,403.58472413752554,2.2095054016743916,0
2019-11-25,400.0,408.0,398.0,405.0,1.25,10402.0,4186013.0,1,2019-11-25,405.63538363135996,403.7337005441018,1.9016830872581636,0
2019-11-26,404.0,406.0,403.0,406.0,0.25,24891.0,10073543.0,1,2019-11-26,405.70830690508797,403.9722583815648,1.7360485235231522,0
2019-11-27,405.0,408.0,405.0,408.0,0.49,16628.0,6763101.0,1,2019-11-27,406.1666455240704,404.3962311835054,1.7704143405650257,0
2019-11-28,408.0,410.0,406.0,406.0,-0.49,19814.0,8084163.0,-1,2019-11-28,406.13331641925635,404.56504895366277,1.5682674655935784,0
2019-12-01,407.0,407.0,405.0,406.0,0.0,30520.0,12397298.0,0,2019-12-01,406.1066531354051,404.7160964322246,1.3905567031804935,0
2019-12-02,406.0,407.0,404.0,404.0,-0.49,26575.0,10783865.0,-1,2019-12-02,405.68532250832413,404.64071786041154,1.0446046479125926,0
2019-12-03,405.0,407.0,403.0,405.0,0.25,31452.0,12720791.0,1,2019-12-03,405.54825800665935,404.6785370329998,0.8697209736595255,0
2019-12-04,409.0,409.0,403.0,403.0,-0.49,47834.0,19360746.0,-1,2019-12-04,405.0386064053275,404.501848924263,0.5367574810645124,0
2019-12-05,405.0,408.0,405.0,407.0,0.99,24306.0,9879145.0,1,2019-12-05,405.4308851242621,404.76481219539323,0.6660729288688572,0
2019-12-08,407.0,409.0,404.0,405.0,-0.49,24612.0,9971612.0,-1,2019-12-08,405.3447080994097,404.7895688064045,0.5551392930051975,0
2019-12-09,405.0,410.0,405.0,410.0,1.23,17775.0,7262497.0,1,2019-12-09,406.27576647952776,405.33803524783553,0.9377312316922257,0
2019-12-10,414.0,415.0,409.0,410.0,0.0,20176.0,8266796.0,0,2019-12-10,407.02061318362223,405.8287683796423,1.1918448039799046,0
2019-12-11,410.0,415.0,410.0,414.0,0.98,13581.0,5595973.0,1,2019-12-11,408.4164905468978,406.6888980238905,1.7275925230073312,0
2019-12-12,412.0,418.0,412.0,414.0,0.0,17030.0,7038758.0,0,2019-12-12,409.53319243751827,407.4584877055862,2.0747047319320586,0
2019-12-15,415.0,424.0,414.0,421.0,1.69,62405.0,26149734.0,1,2019-12-15,411.8265539500146,408.8839100523666,2.942643897647997,0
2019-12-16,425.0,425.0,414.0,418.0,-0.71,46637.0,19507904.0,-1,2019-12-16,413.0612431600117,409.84349846790695,3.217744692104759,0
2019-12-17,415.0,418.0,413.0,414.0,-0.96,24206.0,10041469.0,-1,2019-12-17,413.2489945280094,410.2810249449694,2.9679695830400306,0
2019-12-18,420.0,420.0,414.0,416.0,0.48,17181.0,7123940.0,1,2019-12-18,413.7991956224075,410.8830223191831,2.9161733032244115,0
2019-12-19,418.0,418.0,413.0,413.0,-0.72,23427.0,9694900.0,-1,2019-12-19,413.6393564979261,411.10586207505855,2.533494422867534,0
2019-12-22,412.0,419.0,412.0,415.0,0.48,23136.0,9580029.0,1,2019-12-22,413.91148519834087,411.51577133031554,2.395713868025325,0
2019-12-23,421.0,421.0,414.0,415.0,0.0,46469.0,19283452.0,0,2019-12-23,414.1291881586727,411.8825322429139,2.246655915758822,0
2019-12-24,415.0,419.0,414.0,414.0,-0.24,34008.0,14136807.0,-1,2019-12-24,414.1033505269382,412.10542358576504,1.997926941173148,0
2019-12-25,414.0,416.0,413.0,413.0,-0.24,41239.0,17096840.0,-1,2019-12-25,413.8826804215506,412.19958952410553,1.6830908974450836,0
2019-12-26,414.0,414.0,412.0,412.0,-0.24,35827.0,14788174.0,-1,2019-12-26,413.50614433724047,412.1785801005155,1.3275642367249816,0
2019-12-29,415.0,415.0,406.0,408.0,-0.97,18417.0,7534681.0,-1,2019-12-29,412.4049154697924,411.73872956361913,0.6661859061732684,0
2019-12-30,407.0,408.0,405.0,405.0,-0.74,28616.0,11625887.0,-1,2019-12-30,410.92393237583394,411.02938960955396,-0.10545723372001703,-1
2019-12-31,413.0,414.0,407.0,408.0,0.74,28129.0,11503766.0,1,2019-12-31,410.3391459006672,410.7105064927588,-0.3713605920916052,0
2020-01-01,410.0,413.0,408.0,411.0,0.74,35563.0,14601163.0,1,2020-01-01,410.47131672053376,410.740979493521,-0.26966277298726027,0
2020-01-02,413.0,415.0,411.0,413.0,0.49,41445.0,17121498.0,1,2020-01-02,410.9770533764271,410.978771125782,-0.001717749354895659,0
2020-01-05,414.0,431.0,413.0,427.0,3.39,102503.0,43441128.0,1,2020-01-05,414.18164270114164,412.66521627043653,1.5164264307051099,1
2020-01-06,430.0,441.0,428.0,440.0,3.04,194558.0,84742032.0,1,2020-01-06,419.34531416091335,415.54256192618004,3.8027522347333047,0
2020-01-07,442.0,449.0,435.0,438.0,-0.45,146948.0,64800632.0,-1,2020-01-07,423.07625132873073,417.90650277605585,5.169748552674889,0
2020-01-08,439.0,442.0,432.0,434.0,-0.91,98321.0,42809668.0,-1,2020-01-08,425.26100106298463,419.6005551154184,5.660445947566245,0
2020-01-09,431.0,437.0,431.0,433.0,-0.23,33427.0,14527988.0,-1,2020-01-09,426.80880085038774,421.0110229980059,5.7977778523818415,0
2020-01-12,439.0,451.0,438.0,446.0,3.0,91556.0,40781112.0,1,2020-01-12,430.6470406803102,423.6414416297947,7.005599050515514,0
2020-01-13,453.0,459.0,445.0,450.0,0.9,123765.0,55759616.0,1,2020-01-13,434.5176325442482,426.41602672139527,8.101605822852946,0
2020-01-14,450.0,450.0,443.0,443.0,-1.56,64306.0,28696608.0,-1,2020-01-14,436.21410603539863,428.16170811914316,8.052397916255472,0
2020-01-15,446.0,474.0,446.0,472.0,6.55,160108.0,74074776.0,1,2020-01-15,443.37128482831895,432.77626515923333,10.595019669085616,0
2020-01-16,475.0,484.0,475.0,475.0,0.64,142355.0,68316816.0,1,2020-01-16,449.6970278626552,437.2208688266825,12.476159035972728,0
2020-01-19,484.0,489.0,475.0,477.0,0.42,131384.0,63023348.0,1,2020-01-19,455.1576222901242,441.4081457922949,13.749476497829335,0
2020-01-20,484.0,492.0,470.0,479.0,0.42,125366.0,59848904.0,1,2020-01-20,459.9260978320994,445.3651830773165,14.560914754782914,0
2020-01-21,488.0,493.0,480.0,482.0,0.63,195430.0,94612008.0,1,2020-01-21,464.3408782656795,449.22147959549375,15.119398670185774,0
2020-01-22,490.0,490.0,477.0,478.0,-0.83,61558.0,29577488.0,-1,2020-01-22,467.07270261254365,452.2507975328102,14.821905079733426,0
2020-01-23,485.0,485.0,470.0,472.0,-1.26,55322.0,26240792.0,-1,2020-01-23,468.0581620900349,454.32966095040916,13.728501139625735,0
2020-01-26,472.0,475.0,466.0,467.0,-1.06,63904.0,29986306.0,-1,2020-01-26,467.84652967202794,455.6633808503661,12.18314882166186,0
2020-01-27,465.0,474.0,464.0,471.0,0.86,57507.0,27049862.0,1,2020-01-27,468.47722373762235,457.2777618134854,11.199461924136926,0
2020-01-28,475.0,480.0,474.0,475.0,0.85,42456.0,20258112.0,1,2020-01-28,469.7817789900979,459.14326056996066,10.638518420137245,0
2020-01-29,478.0,478.0,469.0,470.0,-1.05,31065.0,14690851.0,-1,2020-01-29,469.82542319207835,460.2860752468069,9.539347945271459,0
2020-01-30,471.0,483.0,470.0,480.0,2.13,65696.0,31360788.0,1,2020-01-30,471.8603385536627,462.36122522082724,9.499113332835464,0
2020-02-02,484.0,493.0,482.0,492.0,2.5,128887.0,62995688.0,1,2020-02-02,475.8882708429302,465.48109625021385,10.40717459271633,0
2020-02-03,495.0,496.0,487.0,488.0,-0.81,71812.0,35184108.0,-1,2020-02-03,478.3106166743442,467.85150717124395,10.459109503100251,0
2020-02-04,488.0,489.0,481.0,481.0,-1.43,63839.0,31011132.0,-1,2020-02-04,478.8484933394754,469.2355590479551,9.612934291520276,0
2020-02-05,500.0,500.0,480.0,482.0,0.21,45781.0,22094590.0,1,2020-02-05,479.4787946715803,470.5791844113283,8.899610260252018,0
2020-02-06,483.0,485.0,479.0,481.0,-0.21,66736.0,32138168.0,-1,2020-02-06,479.78303573726424,471.6761123680306,8.106923369233641,0
2020-02-09,481.0,490.0,478.0,483.0,0.42,71613.0,34623532.0,1,2020-02-09,480.42642858981145,472.86810053981685,7.5583280499946,0
2020-02-10,483.0,489.0,482.0,488.0,1.04,73372.0,35573328.0,1,2020-02-10,481.9411428718492,474.4609320619414,7.480210809907817,0
2020-02-11,497.0,505.0,490.0,503.0,3.07,228218.0,113879472.0,1,2020-02-11,486.1529142974794,477.46504447647385,8.687869821005563,0
2020-02-12,505.0,510.0,504.0,508.0,0.99,123088.0,62453848.0,1,2020-02-12,490.52233143798355,480.6792503210555,9.843081116928033,0
2020-02-13,507.0,509.0,500.0,503.0,-0.98,99381.0,50136348.0,-1,2020-02-13,493.0178651503869,483.0288029188391,9.989062231547791,0
2020-02-16,503.0,511.0,502.0,511.0,1.59,78765.0,39781844.0,1,2020-02-16,496.6142921203095,485.97313945369814,10.64115266661139,0
2020-02-17,513.0,545.0,513.0,539.0,5.48,164128.0,87533288.0,1,2020-02-17,505.09143369624763,491.55491424804575,13.536519448201886,0
2020-02-18,544.0,558.0,540.0,548.0,1.67,194043.0,106515664.0,1,2020-02-18,513.6731469569982,497.49650222193566,16.176644735062496,0
2020-02-19,550.0,553.0,543.0,547.0,-0.18,109712.0,59966376.0,-1,2020-02-19,520.3385175655985,502.7073967248898,17.631120840708718,0
2020-02-20,548.0,554.0,548.0,554.0,1.28,106954.0,58865288.0,1,2020-02-20,527.0708140524789,508.1066181222698,18.964195930209087,0
2020-02-23,556.0,602.0,556.0,596.0,7.58,159238.0,92857400.0,1,2020-02-23,540.8566512419832,517.3585530567677,23.49809818521544,0
2020-02-24,607.0,619.0,590.0,594.0,-0.34,174260.0,104420808.0,-1,2020-02-24,551.4853209935866,525.4260737876343,26.05924720595226,0
2020-02-25,588.0,598.0,575.0,595.0,0.17,153538.0,90755856.0,1,2020-02-25,560.1882567948693,532.7496449678833,27.438611826985948,0
2020-02-26,603.0,615.0,595.0,610.0,2.52,166838.0,101202808.0,1,2020-02-26,570.1506054358954,540.8812612870535,29.269344148841924,0
2020-02-27,605.0,663.0,587.0,660.0,8.2,330732.0,205946512.0,1,2020-02-27,588.1204843487163,553.4200758884162,34.70040846030008,0
2020-03-01,670.0,680.0,636.0,639.0,-3.18,334054.0,218894992.0,-1,2020-03-01,598.2963874789731,562.4284889527935,35.8678985261796,0
2020-03-02,639.0,639.0,600.0,603.0,-5.63,236109.0,146152144.0,-1,2020-03-02,599.2371099831785,566.6991743261837,32.53793565699482,0
2020-03-03,591.0,621.0,579.0,608.0,0.83,305633.0,183699664.0,1,2020-03-03,600.9896879865428,571.0466296602696,29.943058326273217,0
2020-03-04,608.0,610.0,577.0,577.0,-5.1,220724.0,130103504.0,-1,2020-03-04,596.1917503892342,571.6733002223465,24.51845016688776,0
2020-03-05,588.0,589.0,560.0,575.0,-0.35,168687.0,96806016.0,-1,2020-03-05,591.9534003113874,572.02347914631,19.929921165077417,0
2020-03-10,564.0,564.0,526.0,526.0,-8.52,149878.0,82055112.0,-1,2020-03-10,578.76272024911,567.1789023940669,11.583817855043094,0
2020-03-11,520.0,569.0,520.0,567.0,7.79,265635.0,146653792.0,1,2020-03-11,576.410176199288,567.1600705631125,9.250105636175476,0
2020-03-12,564.0,569.0,545.0,550.0,-3.0,210135.0,116385680.0,-1,2020-03-12,571.1281409594304,565.3537473459428,5.774393613487632,0
2020-03-15,545.0,547.0,518.0,518.0,-5.82,215664.0,114696264.0,-1,2020-03-15,560.5025127675443,560.3691423621593,0.13337040538499423,0
2020-03-16,518.0,531.0,511.0,522.0,0.77,246391.0,128164968.0,1,2020-03-16,552.8020102140355,556.3302852714057,-3.5282750573702515,-1
2020-03-17,522.0,522.0,501.0,508.0,-2.68,197047.0,100701960.0,-1,2020-03-17,543.8416081712284,551.242886821784,-7.401278650555696,0
2020-03-18,511.0,518.0,491.0,502.0,-1.18,166700.0,83345064.0,-1,2020-03-18,535.4732865369828,546.05942505107,-10.586138514087224,0
2020-03-19,498.0,515.0,482.0,509.0,1.39,192055.0,96542560.0,1,2020-03-19,530.1786292295862,542.158432940431,-11.979803710844749,0
2020-03-22,500.0,510.0,488.0,496.0,-2.55,22489.0,11139985.0,-1,2020-03-22,523.3429033836691,537.2996505256488,-13.95674714197969,0
2020-05-12,487.0,487.0,482.0,482.0,-2.82,95.0,45840.0,-1,2020-05-12,515.0743227069353,531.4786346808436,-16.404311973908307,0
2020-05-13,473.0,473.0,468.0,468.0,-2.9,60.0,28130.0,-1,2020-05-13,505.65945816554824,524.7966731354917,-19.137214969943443,0
2020-06-29,459.0,459.0,422.0,469.0,-4.27,75742.0,32927742.0,-1,2020-06-29,498.32756653243865,518.9233391212294,-20.595772588790794,0
2020-06-30,462.0,510.0,462.0,506.0,7.89,10579.0,5219061.0,1,2020-06-30,499.86205322595094,517.5629876347842,-17.70093440883329,0
2020-07-01,514.0,534.0,514.0,525.0,3.75,33967.0,17874578.0,1,2020-07-01,504.8896425807608,518.345831041649,-13.456188460888256,0
2020-07-02,530.0,530.0,473.0,485.0,-7.62,44886.0,21832356.0,-1,2020-07-02,500.91171406460865,514.8357435635808,-13.924029498972118,0
2020-07-05,480.0,502.0,472.0,490.0,1.03,64804.0,31600816.0,1,2020-07-05,498.7293712516869,512.2214547674143,-13.492083515727415,0
2020-07-06,491.0,500.0,480.0,499.0,1.84,35198.0,17367168.0,1,2020-07-06,498.7834970013496,510.8297226866339,-12.046225685284298,0
2020-07-07,499.0,517.0,499.0,510.0,2.2,72828.0,37111024.0,1,2020-07-07,501.0267976010797,510.7423834564619,-9.715585855382187,0
2020-07-08,503.0,515.0,500.0,505.0,-0.98,35217.0,17868522.0,-1,2020-07-08,501.8214380808638,510.1379220399922,-8.31648395912839,0
2020-07-09,502.0,509.0,496.0,502.0,-0.59,69253.0,34828596.0,-1,2020-07-09,501.857150464691,509.2812986673614,-7.424148202670381,0
2020-07-12,511.0,515.0,506.0,510.0,1.59,88061.0,44875952.0,1,2020-07-12,503.48572037175285,509.3569514392181,-5.87123106746526,0
2020-07-13,510.0,518.0,509.0,516.0,1.18,91574.0,47152176.0,1,2020-07-13,505.9885762974023,510.0562197087741,-4.067643411371819,0
2020-07-14,541.0,541.0,518.0,533.0,3.29,90120.0,47642408.0,1,2020-07-14,511.39086103792187,512.4713544762716,-1.0804934383497198,0
2020-07-15,540.0,555.0,539.0,553.0,3.75,189465.0,104025576.0,1,2020-07-15,519.7126888303375,516.7375276892956,2.9751611410418946,1
2020-07-16,563.0,571.0,557.0,570.0,3.07,100312.0,56821672.0,1,2020-07-16,529.7701510642701,522.3441037220014,7.426047342268703,0
2020-07-19,581.0,627.0,581.0,627.0,10.0,1111.0,688541.0,1,2020-07-19,549.2161208514161,533.3605138565275,15.855606994888603,0
2020-07-20,658.0,671.0,584.0,595.0,-5.1,288033.0,174873312.0,-1,2020-07-20,558.3728966811329,539.8488808189983,18.52401586213466,0
2020-07-21,600.0,604.0,580.0,587.0,-1.34,193137.0,114425616.0,-1,2020-07-21,564.0983173449064,544.8121565222616,19.286160822644774,0
2020-07-22,587.0,600.0,578.0,580.0,-1.19,121795.0,71304520.0,-1,2020-07-22,567.2786538759251,548.5161400462341,18.762513829690988,0
2020-07-23,580.0,582.0,569.0,579.0,-0.17,102536.0,58964872.0,-1,2020-07-23,569.6229231007401,551.7249674097884,17.897955690951676,0
2020-07-26,585.0,598.0,580.0,594.0,2.59,146673.0,86186248.0,1,2020-07-26,574.4983384805921,556.174970840337,18.323367640255128,0
2020-07-27,600.0,605.0,586.0,588.0,-1.01,101036.0,60092796.0,-1,2020-07-27,577.1986707844737,559.5249739097752,17.67369687469852,0
2020-07-28,585.0,592.0,579.0,580.0,-1.36,96294.0,56270044.0,-1,2020-07-28,577.758936627579,561.6802398140094,16.07869681356965,0
2020-07-29,577.0,579.0,570.0,570.0,-1.72,155181.0,88824144.0,-1,2020-07-29,576.2071493020633,562.5560040441137,13.651145257949565,0
2020-07-30,570.0,577.0,565.0,570.0,0.0,89310.0,50944684.0,0,2020-07-30,574.9657194416507,563.339582565786,11.626136875864631,0
2020-08-02,566.0,566.0,552.0,552.0,-3.16,125621.0,69926352.0,-1,2020-08-02,570.3725755533205,562.1459422957033,8.226633257617209,0
2020-08-03,550.0,560.0,544.0,556.0,0.72,93087.0,51551768.0,1,2020-08-03,567.4980604426564,561.4990010014187,5.999059441237705,0
2020-08-05,549.0,553.0,542.0,550.0,-1.08,89373.0,48883304.0,-1,2020-08-05,563.9984483541252,560.2885798433747,3.709868510750539,0
2020-08-06,545.0,551.0,537.0,548.0,-0.36,73572.0,39961020.0,-1,2020-08-06,560.7987586833002,558.9950451230195,1.8037135602806984,0
2020-08-09,548.0,555.0,538.0,553.0,0.91,49047.0,26824170.0,1,2020-08-09,559.2390069466402,558.363987741649,0.8750192049911902,0
2020-08-10,556.0,576.0,550.0,574.0,3.8,128478.0,72588920.0,1,2020-08-10,562.1912055573122,560.0098837688438,2.181321788468381,0
2020-08-11,576.0,582.0,570.0,572.0,-0.35,74503.0,42842248.0,-1,2020-08-11,564.1529644458498,561.2720012668602,2.880963178989532,0
2020-08-12,580.0,580.0,564.0,574.0,0.35,67657.0,38750468.0,1,2020-08-12,566.1223715566798,562.6117906071908,3.5105809494890536,0
2020-08-13,570.0,583.0,570.0,577.0,0.52,120252.0,69327182.0,1,2020-08-13,568.2978972453438,564.1263389643285,4.171558281015336,0
2020-08-16,575.0,575.0,560.0,566.0,-1.91,71817.0,40710911.0,-1,2020-08-16,567.8383177962751,564.3235664417676,3.514751354507439,0
2020-08-17,569.0,569.0,562.0,566.0,0.0,37723.0,21324794.0,0,2020-08-17,567.4706542370201,564.5000331321079,2.9706211049121976,0
2020-08-18,566.0,570.0,562.0,565.0,-0.18,43780.0,24778667.0,-1,2020-08-18,566.9765233896161,564.552661223465,2.423862166151139,0
2020-08-19,555.0,563.0,553.0,554.0,-1.95,59039.0,32937891.0,-1,2020-08-19,564.3812187116929,563.4418547788897,0.9393639328031895,0
2020-08-20,554.0,564.0,554.0,560.0,1.08,15745.0,8802927.0,1,2020-08-20,563.5049749693544,563.0795542758486,0.42542069350577094,0
2020-08-23,558.0,571.0,557.0,565.0,0.89,23761.0,13355996.0,1,2020-08-23,563.8039799754836,563.2817064573383,0.5222735181453118,0
2020-08-24,570.0,579.0,568.0,574.0,1.59,99698.0,57114758.0,1,2020-08-24,565.8431839803868,564.4099478828816,1.433236097505187,0
2020-08-25,574.0,581.0,573.0,576.0,0.35,94522.0,54560311.0,1,2020-08-25,567.8745471843094,565.6299533688941,2.244593815415328,0
2020-08-26,579.0,600.0,577.0,590.0,2.43,176951.0,104096076.0,1,2020-08-26,572.2996377474476,568.1952214353263,4.104416312121316,0
2020-08-27,600.0,600.0,586.0,588.0,-0.34,140837.0,83147088.0,-1,2020-08-27,575.4397101979581,570.2799349684499,5.159775229508227,0
2020-08-30,584.0,587.0,579.0,581.0,-1.19,44108.0,25697993.0,-1,2020-08-30,576.5517681583665,571.4083628665078,5.1434052918586985,0
2020-08-31,590.0,600.0,581.0,589.0,1.38,169903.0,99948299.0,1,2020-08-31,579.0414145266932,573.2601141437175,5.781300382975701,0
2020-09-02,598.0,604.0,592.0,599.0,1.7,192770.0,115280845.0,1,2020-09-02,583.0331316213546,575.9695758127999,7.0635558085547245,0
2020-09-03,611.0,611.0,588.0,595.0,-0.67,68906.0,41055799.0,-1,2020-09-03,585.4265052970837,577.972778358821,7.4537269382627755,0
2020-09-06,624.0,624.0,582.0,588.0,-1.18,114541.0,68001260.0,-1,2020-09-06,585.941204237667,579.0282753736819,6.91292886398503,0
2020-09-07,591.0,592.0,576.0,577.0,-1.87,72833.0,42301810.0,-1,2020-09-07,584.1529633901336,578.814772702768,5.338190687365568,0
2020-09-08,575.0,582.0,570.0,579.0,0.35,49349.0,28420867.0,1,2020-09-08,583.1223707121069,578.8342703130029,4.288100399103996,0
2020-09-09,577.0,582.0,571.0,577.0,-0.35,62944.0,36211349.0,-1,2020-09-09,581.8978965696855,578.6411892274236,3.2567073422618478,0
2020-09-10,580.0,586.0,576.0,576.0,-0.17,48020.0,27784179.0,-1,2020-09-10,580.7183172557484,578.3631693087475,2.355147947000887,0
2020-09-13,576.0,587.0,574.0,587.0,1.91,93975.0,54454975.0,1,2020-09-13,581.9746538045987,579.2723093815109,2.702344423087766,0
2020-09-14,594.0,595.0,584.0,589.0,0.34,70052.0,41300654.0,1,2020-09-14,583.379723043679,580.2962768150361,3.083446228642856,0
2020-09-15,587.0,590.0,580.0,581.0,-1.36,46177.0,26935587.0,-1,2020-09-15,582.9037784349432,580.3703529397691,2.5334254951741286,0
2020-09-16,581.0,582.0,575.0,579.0,-0.34,43649.0,25294614.0,-1,2020-09-16,582.1230227479546,580.2261052618986,1.8969174860559406,0
2020-09-17,580.0,593.0,577.0,590.0,1.9,115847.0,67976260.0,1,2020-09-17,583.6984181983637,581.2549362869619,2.4434819114018183,0
2020-09-20,598.0,604.0,591.0,592.0,0.34,81497.0,48543911.0,1,2020-09-20,585.358734558691,582.3859956251764,2.97273893351462,0
2020-09-21,610.0,610.0,584.0,589.0,-0.51,54931.0,32330319.0,-1,2020-09-21,586.0869876469528,583.0822066119999,3.0047810349528845,0
2020-09-22,590.0,590.0,576.0,577.0,-2.04,72466.0,42030248.0,-1,2020-09-22,584.2695901175623,582.4419743370526,1.8276157805097455,0
2020-09-23,573.0,581.0,572.0,578.0,0.17,33384.0,19300947.0,1,2020-09-23,583.0156720940498,581.9743980910471,1.0412740030027408,0
2020-09-24,606.0,606.0,576.0,579.0,0.17,37060.0,21411162.0,1,2020-09-24,582.2125376752399,581.6613035551474,0.5512341200925448,0
2020-09-27,607.0,607.0,575.0,580.0,0.17,48614.0,28176460.0,1,2020-09-27,581.7700301401919,581.4864294967108,0.28360064348112246,0
2020-09-28,584.0,584.0,578.0,579.0,-0.17,46486.0,26926505.0,-1,2020-09-28,581.2160241121535,581.2247000760044,-0.008675963850919288,-1
2020-09-29,579.0,579.0,570.0,573.0,-1.04,58385.0,33567560.0,-1,2020-09-29,579.5728192897228,580.3589421732671,-0.7861228835442944,0
2020-09-30,601.0,601.0,569.0,571.0,-0.35,60813.0,34712402.0,-1,2020-09-30,577.8582554317783,579.3737903655548,-1.5155349337765074,0
2020-10-01,575.0,582.0,571.0,579.0,1.4,73645.0,42485200.0,1,2020-10-01,578.0866043454226,579.3344440112859,-1.2478396658632391,0
2020-10-04,579.0,588.0,579.0,580.0,0.17,66773.0,38908296.0,1,2020-10-04,578.4692834763382,579.4045025364137,-0.9352190600754966,0
2020-10-05,589.0,589.0,577.0,577.0,-0.52,54309.0,31460298.0,-1,2020-10-05,578.1754267810705,579.1513970062649,-0.9759702251943736,0
2020-10-06,580.0,580.0,574.0,574.0,-0.52,42913.0,24711183.0,-1,2020-10-06,577.3403414248564,578.609144689816,-1.2688032649596153,0
2020-10-07,576.0,577.0,572.0,575.0,0.17,66003.0,37901911.0,1,2020-10-07,576.8722731398852,578.2292347224669,-1.3569615825816754,0
2020-10-08,582.0,589.0,571.0,573.0,-0.35,52226.0,30106899.0,-1,2020-10-08,576.0978185119083,577.6787889622072,-1.5809704502989916,0
2020-10-11,575.0,582.0,571.0,574.0,0.17,73636.0,42495821.0,1,2020-10-11,575.6782548095266,577.291548018817,-1.6132932092904184,0
2020-10-12,580.0,587.0,575.0,580.0,1.05,87414.0,50811628.0,1,2020-10-12,576.5426038476213,577.5766482273626,-1.0340443797413172,0
2020-10-13,585.0,591.0,578.0,579.0,-0.17,49233.0,28571498.0,-1,2020-10-13,577.0340830780971,577.7264747297455,-0.6923916516484496,0
2020-10-14,587.0,587.0,575.0,579.0,0.0,32158.0,18576483.0,0,2020-10-14,577.4272664624777,577.8605300213512,-0.43326355887347745,0
2020-10-15,607.0,607.0,577.0,578.0,-0.17,40608.0,23500343.0,-1,2020-10-15,577.5418131699822,577.8752110717353,-0.3333979017530737,0
2020-10-18,585.0,585.0,572.0,572.0,-1.04,28061.0,16125361.0,-1,2020-10-18,576.4334505359858,577.2567678010263,-0.8233172650404867,0
2020-10-19,575.0,579.0,574.0,577.0,0.87,17751.0,10218697.0,1,2020-10-19,576.5467604287886,577.2297396114445,-0.6829791826559131,0
2020-10-20,580.0,582.0,575.0,581.0,0.69,35260.0,20398867.0,1,2020-10-20,577.4374083430309,577.6266091260293,-0.1892007829983413,0
2020-10-21,610.0,634.0,602.0,605.0,4.13,399513.0,242957807.0,1,2020-10-21,582.9499266744248,580.5080186917105,2.4419079827142696,1
2020-10-22,615.0,615.0,600.0,605.0,0.0,162894.0,98569835.0,0,2020-10-22,587.3599413395398,583.08612198732,4.273819352219789,0
2020-10-28,610.0,618.0,605.0,617.0,1.98,139393.0,85420572.0,1,2020-10-28,593.2879530716318,586.6560038833916,6.631949188240242,0
2020-10-29,625.0,629.0,617.0,620.0,0.49,190125.0,118199396.0,1,2020-10-29,598.6303624573054,590.1658982114557,8.46446424584974,0
2020-11-01,620.0,629.0,613.0,622.0,0.32,173339.0,107746680.0,1,2020-11-01,603.3042899658443,593.5168562944604,9.787433671383951,0
2020-11-02,618.0,624.0,617.0,618.0,-0.64,109064.0,67605201.0,-1,2020-11-02,606.2434319726755,596.0940293160961,10.149402656579355,0
2020-11-03,618.0,623.0,615.0,619.0,0.16,134689.0,83448967.0,1,2020-11-03,608.7947455781405,598.5051841249281,10.2895614532124,0
2020-11-04,620.0,621.0,615.0,619.0,0.0,61952.0,38399020.0,0,2020-11-04,610.8357964625125,600.6625331644093,10.173263298103166,0
2020-11-05,620.0,621.0,616.0,618.0,-0.16,86880.0,53670034.0,-1,2020-11-05,612.26863717001,602.4875296734189,9.781107496591176,0
2020-11-08,620.0,622.0,617.0,619.0,0.16,78936.0,48795948.0,1,2020-11-08,613.614909736008,604.2256844446379,9.389225291370167,0
2020-11-09,622.0,623.0,617.0,618.0,-0.16,66336.0,41074321.0,-1,2020-11-09,614.4919277888065,605.6756123978339,8.81631539097259,0
2020-11-10,620.0,624.0,617.0,619.0,0.16,95856.0,59488516.0,1,2020-11-10,615.3935422310452,607.0781795138514,8.315362717193807,0
2020-11-11,620.0,645.0,620.0,642.0,3.72,246848.0,156590427.0,1,2020-11-11,620.7148337848362,610.7541606176566,9.960673167179607,0
2020-11-12,650.0,650.0,635.0,644.0,0.31,212901.0,137176113.0,1,2020-11-12,625.371867027869,614.2537226579033,11.118144369965762,0
2020-11-18,649.0,675.0,644.0,670.0,4.04,274516.0,181227572.0,1,2020-11-18,634.2974936222952,620.1217518518082,14.17574177048698,0
2020-11-19,675.0,683.0,664.0,670.0,0.0,232275.0,156080501.0,0,2020-11-19,641.4379948978362,625.3720937621441,16.065901135692116,0
2020-11-22,674.0,694.0,671.0,691.0,3.13,259501.0,178025620.0,1,2020-11-22,651.3503959182691,632.2802944187605,19.07010149950861,0
2020-11-23,695.0,699.0,686.0,687.0,-0.58,214571.0,147975808.0,-1,2020-11-23,658.4803167346153,638.040263427312,20.440053307303288,0
2020-11-24,720.0,720.0,687.0,697.0,1.46,538774.0,373386505.0,1,2020-11-24,666.1842533876923,644.246551487595,21.937701900097295,0
2020-11-25,610.0,640.0,605.0,634.0,8.91,309672.0,192996761.0,1,2020-11-25,659.7474027101539,643.1679671204797,16.579435589674176,0
2020-11-26,648.0,650.0,623.0,624.0,-1.58,235735.0,149333909.0,-1,2020-11-26,652.5979221681232,641.1502863709554,11.447635797167777,0
2020-11-29,638.0,678.0,626.0,660.0,5.77,311229.0,200999777.0,1,2020-11-29,654.0783377344986,643.1344667529602,10.943870981538453,0
2020-11-30,680.0,692.0,644.0,647.0,-1.97,193860.0,128146664.0,-1,2020-11-30,652.6626701875989,643.5413649894906,9.121305198108303,0
2020-12-01,646.0,655.0,630.0,632.0,-2.32,170189.0,108430082.0,-1,2020-12-01,648.5301361500791,642.3264844642811,6.203651685798036,0
2020-12-02,635.0,688.0,630.0,653.0,3.32,199988.0,129755038.0,1,2020-12-02,649.4241089200633,643.4500124154093,5.974096504653971,0
2020-12-03,660.0,660.0,637.0,644.0,-1.38,141764.0,91700630.0,-1,2020-12-03,648.3392871360506,643.5079058453663,4.831381290684362,0
2020-12-06,632.0,644.0,623.0,623.0,-3.26,158242.0,100157792.0,-1,2020-12-06,643.2714297088405,641.3491789142751,1.922250794565457,0
2020-12-07,623.0,636.0,620.0,633.0,1.61,148276.0,93158756.0,1,2020-12-07,641.2171437670725,640.4703179759304,0.7468257911421006,0
2020-12-08,664.0,664.0,625.0,626.0,-1.11,128039.0,80747408.0,-1,2020-12-08,638.173715013658,638.9471266100429,-0.7734115963849035,-1
2020-12-09,625.0,626.0,611.0,612.0,-2.24,127221.0,78568575.0,-1,2020-12-09,632.9389720109265,636.1105869668805,-3.1716149559540554,0
2020-12-10,612.0,621.0,608.0,616.0,0.65,104431.0,64388391.0,1,2020-12-10,629.5511776087412,633.99368307563,-4.442505466888747,0
2020-12-13,620.0,652.0,620.0,650.0,5.52,236248.0,151067309.0,1,2020-12-13,633.6409420869929,635.6785585413531,-2.0376164543602044,0
2020-12-14,663.0,673.0,648.0,667.0,2.62,337934.0,223504525.0,1,2020-12-14,640.3127536695944,638.9755523791055,1.3372012904889061,1
2020-12-15,680.0,680.0,667.0,672.0,0.75,284988.0,191974002.0,1,2020-12-15,646.6502029356755,642.4518100234101,4.198392912265376,0
2020-12-16,700.0,700.0,665.0,669.0,-0.45,170003.0,113945815.0,-1,2020-12-16,651.1201623485404,645.2463563367354,5.873806011804959,0
2020-12-17,665.0,699.0,665.0,690.0,3.14,349388.0,238611164.0,1,2020-12-17,658.8961298788323,649.9572661960265,8.938863682805845,0
2020-12-20,690.0,749.0,671.0,707.0,2.46,674434.0,479739945.0,1,2020-12-20,668.5169039030659,655.9617644911816,12.555139411884284,0
2020-12-21,707.0,777.0,699.0,777.0,9.9,605883.0,448081210.0,1,2020-12-21,690.2135231224527,668.7026313868467,21.510891735605924,0
2020-12-22,815.0,854.0,814.0,854.0,9.91,555811.0,468134172.0,1,2020-12-22,722.9708184979622,688.2076175566524,34.76320094130983,0
2020-12-23,896.0,920.0,825.0,852.0,-0.23,381481.0,330372542.0,-1,2020-12-23,748.7766547983698,705.4489209717417,43.327733826628105,0
2020-12-24,863.0,863.0,813.0,827.0,-2.93,390680.0,322553517.0,-1,2020-12-24,764.4213238386958,718.2437713957689,46.17755244292687,0
2020-12-27,827.0,836.0,805.0,810.0,-2.06,329040.0,268546584.0,-1,2020-12-27,773.5370590709566,727.9023217751617,45.634737295794935,0
2020-12-28,809.0,854.0,801.0,854.0,5.43,359860.0,300668927.0,1,2020-12-28,789.6296472567653,741.1757615883025,48.45388566846282,0
2020-12-29,854.0,863.0,840.0,842.0,-1.41,176925.0,150659167.0,-1,2020-12-29,800.1037178054123,751.7888393158496,48.314878489562716,0
2020-12-30,842.0,881.0,835.0,870.0,3.33,370286.0,322365443.0,1,2020-12-30,814.0829742443299,764.2321193878654,49.85085485646448,0
2020-12-31,875.0,898.0,870.0,882.0,1.38,304296.0,270011444.0,1,2020-12-31,827.6663793954639,776.628738399669,51.037640995794845,0
2021-01-03,895.0,908.0,892.0,899.0,1.93,304366.0,273796779.0,1,2021-01-03,841.9331035163711,789.5099238312829,52.42317968508826,0
2021-01-04,908.0,913.0,885.0,892.0,-0.78,234042.0,210570290.0,-1,2021-01-04,851.946482813097,800.2983529016742,51.64812991142276,0
2021-01-05,890.0,899.0,880.0,883.0,-1.01,184653.0,163977774.0,-1,2021-01-05,858.1571862504776,809.00378943834,49.153396812137544,0
2021-01-06,898.0,899.0,882.0,892.0,1.02,110605.0,98268937.0,1,2021-01-06,864.9257490003821,817.740232655357,47.18551634502512,0
2021-01-07,893.0,916.0,890.0,908.0,1.79,250027.0,226100607.0,1,2021-01-07,873.5405992003058,827.2412607968984,46.29933840340743,0
2021-01-10,910.0,935.0,910.0,927.0,2.09,194033.0,179425191.0,1,2021-01-10,884.2324793602446,837.7421807130144,46.49029864723025,0
2021-01-11,945.0,963.0,912.0,915.0,-1.29,176512.0,163009521.0,-1,2021-01-11,890.3859834881957,845.8745827432233,44.511400744972434,0
2021-01-12,930.0,950.0,907.0,918.0,0.33,135414.0,123833420.0,1,2021-01-12,895.9087867905566,853.4667319281472,42.442054862409464,0
2021-01-13,925.0,936.0,907.0,912.0,-0.65,174132.0,159386980.0,-1,2021-01-13,899.1270294324453,859.6281285672895,39.49890086515575,0
2021-01-17,925.0,925.0,896.0,901.0,-1.21,254035.0,229024879.0,-1,2021-01-17,899.5016235459564,863.9830624023117,35.51856114364466,0
2021-01-18,902.0,935.0,896.0,906.0,0.55,223189.0,202442747.0,1,2021-01-18,900.8012988367652,868.4058979389105,32.395400897854756,0
2021-01-19,951.0,951.0,895.0,900.0,-0.66,223860.0,202001414.0,-1,2021-01-19,900.6410390694123,871.7315928927094,28.909446176702886,0
2021-01-20,905.0,905.0,885.0,889.0,-1.22,205128.0,182867884.0,-1,2021-01-20,898.3128312555298,873.5493199566347,24.763511298895082,0
2021-01-21,890.0,901.0,885.0,887.0,-0.22,181625.0,161635844.0,-1,2021-01-21,896.0502650044239,874.965181013831,21.085083990592807,0
2021-01-24,899.0,905.0,880.0,885.0,-0.23,234231.0,208206323.0,-1,2021-01-24,893.8402120035391,876.0214777492173,17.81873425432184,0
2021-01-25,929.0,929.0,880.0,907.0,2.49,330776.0,297641533.0,1,2021-01-25,896.4721696028313,879.2823748282472,17.18979477458413,0
2021-01-26,909.0,915.0,897.0,900.0,-0.77,154147.0,139252770.0,-1,2021-01-26,897.177735682265,881.4631774779053,15.714558204359719,0
2021-01-27,902.0,902.0,888.0,893.0,-0.78,158020.0,141476515.0,-1,2021-01-27,896.3421885458121,882.6775798486522,13.664608697159906,0
2021-01-28,892.0,895.0,868.0,875.0,-2.02,325484.0,286009671.0,-1,2021-01-28,892.0737508366497,881.869413548794,10.204337287855651,0
2021-01-31,875.0,880.0,858.0,860.0,-1.71,356920.0,308720078.0,-1,2021-01-31,885.6590006693198,879.567370017342,6.091630651977766,0
2021-02-01,877.0,877.0,855.0,857.0,-0.35,206175.0,177559080.0,-1,2021-02-01,879.9272005354559,877.1918573839376,2.7353431515182365,0
2021-02-02,899.0,899.0,861.0,888.0,3.62,188825.0,165623996.0,1,2021-02-02,881.5417604283648,878.3295566066811,3.2122038216837154,0
2021-02-03,850.0,915.0,850.0,882.0,-0.68,157512.0,139831827.0,-1,2021-02-03,881.6334083426918,878.7159190691357,2.917489273556157,0
2021-02-04,882.0,882.0,870.0,877.0,-0.57,139753.0,122179919.0,-1,2021-02-04,880.7067266741535,878.5352960092266,2.171430664926902,0
2021-02-07,877.0,880.0,869.0,874.0,-0.34,124789.0,109051358.0,-1,2021-02-07,879.3653813393228,878.057896429308,1.3074849100147503,0
2021-02-08,880.0,899.0,874.0,889.0,1.72,230184.0,204897108.0,1,2021-02-08,881.2923050714583,879.2096968051703,2.0826082662879344,0
2021-02-09,900.0,905.0,880.0,888.0,-0.11,256674.0,229162568.0,-1,2021-02-09,882.6338440571667,880.1349918783103,2.4988521788563958,0
2021-02-10,888.0,895.0,878.0,884.0,-0.45,108250.0,95773858.0,-1,2021-02-10,882.9070752457335,880.5418348384882,2.3652404072453237,0
2021-02-11,888.0,920.0,880.0,889.0,0.57,230138.0,206767415.0,1,2021-02-11,884.1256601965868,881.4321680133842,2.6934921832025793,0
2021-02-14,900.0,900.0,875.0,877.0,-1.35,171612.0,152198279.0,-1,2021-02-14,882.7005281572694,880.9656240119753,1.7349041452941947,0
2021-02-15,890.0,921.0,886.0,917.0,4.56,448841.0,406903392.0,1,2021-02-15,889.5604225258156,884.758716221241,4.801706304574623,0
2021-02-16,930.0,940.0,911.0,924.0,0.76,363939.0,336765156.0,1,2021-02-16,896.4483380206525,888.8893776716367,7.55896034901582,0
2021-02-17,930.0,935.0,911.0,923.0,-0.11,205348.0,189119982.0,-1,2021-02-17,901.758670416522,892.4799694956749,9.278700920847086,0
2021-02-18,923.0,983.0,923.0,963.0,4.33,587795.0,560108357.0,1,2021-02-18,914.0069363332177,899.9031306013934,14.103805731824309,0
2021-02-21,1000.0,1000.0,944.0,955.0,-0.83,320881.0,306677360.0,-1,2021-02-21,922.2055490665742,905.7028010644046,16.502748002169596,0
2021-02-22,951.0,951.0,914.0,918.0,-3.87,410509.0,382475253.0,-1,2021-02-22,921.3644392532594,906.9972430576253,14.367196195634165,0
2021-02-23,920.0,925.0,893.0,925.0,0.76,361039.0,328050381.0,1,2021-02-23,922.0915514026076,908.892270104191,13.199281298416622,0
2021-02-24,940.0,955.0,915.0,920.0,-0.54,220278.0,204754832.0,-1,2021-02-24,921.6732411220861,910.0615048300656,11.61173629202051,0
2021-02-25,966.0,966.0,900.0,905.0,-1.63,224463.0,204046702.0,-1,2021-02-25,918.338592897669,909.5287148479534,8.809878049715508,0
2021-02-28,900.0,900.0,878.0,883.0,-2.43,277409.0,246009545.0,-1,2021-02-28,911.2708743181353,906.7362185481688,4.5346557699664345,0
2021-03-01,927.0,927.0,861.0,892.0,1.02,202862.0,180548802.0,1,2021-03-01,907.4166994545083,905.1850376483617,2.231661806146576,0
2021-03-02,909.0,909.0,862.0,880.0,-1.35,203295.0,177935664.0,-1,2021-03-02,901.9333595636067,902.5339810537973,-0.6006214901906333,-1
2021-03-03,866.0,876.0,853.0,870.0,-1.14,247185.0,213430515.0,-1,2021-03-03,895.5466876508854,899.1093514691871,-3.5626638183017576,0
2021-03-04,913.0,913.0,870.0,893.0,2.64,177944.0,158489261.0,1,2021-03-04,895.0373501207083,898.4662618408516,-3.428911720143333,0
2021-03-07,910.0,910.0,875.0,878.0,-1.68,101323.0,89260873.0,-1,2021-03-07,891.6298800965667,896.3119184891831,-4.682038392616391,0
2021-03-09,880.0,880.0,866.0,869.0,-1.03,80802.0,70327704.0,-1,2021-03-09,887.1039040772534,893.436979700848,-6.3330756235945955,0
2021-03-10,912.0,912.0,861.0,866.0,-0.35,54313.0,47028820.0,-1,2021-03-10,882.8831232618029,890.5488765744429,-7.665753312640049,0
2021-03-14,875.0,875.0,843.0,859.0,-0.81,135716.0,116011509.0,-1,2021-03-14,878.1064986094423,887.2279421981858,-9.121443588743546,0
2021-03-15,901.0,901.0,840.0,855.0,-0.47,147770.0,125772248.0,-1,2021-03-15,873.4851988875539,883.8355272299557,-10.350328342401781,0
2021-03-16,842.0,867.0,842.0,860.0,0.58,102391.0,87796892.0,1,2021-03-16,870.7881591100431,881.3265243636446,-10.538365253601455,0
2021-03-17,865.0,874.0,854.0,865.0,0.58,66842.0,57867774.0,1,2021-03-17,869.6305272880345,879.6079428516821,-9.977415563647583,0
2021-03-18,861.0,879.0,860.0,872.0,0.81,84339.0,73674975.0,1,2021-03-18,870.1044218304277,878.8071067620314,-8.702684931603699,0
2021-03-21,878.0,894.0,870.0,893.0,2.41,116839.0,103370221.0,1,2021-03-21,874.6835374643422,880.3010955239228,-5.617558059580574,0
2021-03-22,909.0,909.0,876.0,881.0,-1.34,69309.0,61288960.0,-1,2021-03-22,875.9468299714738,880.3746644161414,-4.42783444466761,0
2021-03-23,872.0,880.0,872.0,877.0,-0.45,48299.0,42370753.0,-1,2021-03-23,876.1574639771791,880.0194365828634,-3.8619726056842865,0
2021-03-24,880.0,886.0,877.0,879.0,0.23,60092.0,52898335.0,1,2021-03-24,876.7259711817433,879.9121274688777,-3.186156287134395,0
2021-03-25,890.0,890.0,870.0,872.0,-0.8,50778.0,44507443.0,-1,2021-03-25,875.7807769453947,879.079271945838,-3.2984950004432676,0
2021-03-29,871.0,880.0,867.0,872.0,0.0,36653.0,31975515.0,0,2021-03-29,875.0246215563158,878.3340854252234,-3.309463868907642,0
2021-03-30,875.0,875.0,870.0,872.0,0.0,100427.0,87598993.0,0,2021-03-30,874.4196972450526,877.6673395909894,-3.2476423459368107,0
2021-03-31,900.0,910.0,875.0,903.0,3.56,154542.0,139026138.0,1,2021-03-31,880.1357577960422,880.3339354235169,-0.19817762747470624,0
2021-04-01,910.0,910.0,899.0,907.0,0.44,168392.0,152513129.0,1,2021-04-01,885.5086062368338,883.1408895894625,2.367716647371253,1
2021-04-04,920.0,929.0,912.0,921.0,1.54,206169.0,189858846.0,1,2021-04-04,892.6068849894671,887.1260591063611,5.480825883105922,0
2021-04-05,954.0,954.0,914.0,914.0,-0.76,163192.0,150161129.0,-1,2021-04-05,896.8855079915736,889.9548949899021,6.9306130016715315,0
2021-04-06,959.0,959.0,901.0,918.0,0.44,111261.0,102128590.0,1,2021-04-06,901.108406393259,892.9070113067545,8.201395086504476,0
2021-04-07,936.0,936.0,912.0,920.0,0.22,132663.0,122144915.0,1,2021-04-07,904.8867251146072,895.758904853412,9.127820261195211,0
2021-04-08,938.0,938.0,907.0,918.0,-0.22,99242.0,91263678.0,-1,2021-04-08,907.5093800916858,898.1000727635792,9.409307328106593,0
2021-04-12,921.0,949.0,915.0,949.0,3.38,267210.0,250718476.0,1,2021-04-12,915.8075040733486,903.4579598410971,12.349544232251446,0
2021-04-13,960.0,971.0,948.0,970.0,2.21,254036.0,243579795.0,1,2021-04-13,926.6460032586789,910.4623851209816,16.183618137697295,0
2021-04-15,979.0,998.0,970.0,979.0,0.93,331555.0,326280944.0,1,2021-04-15,937.1168026069431,917.6768708977204,19.43993170922272,0
2021-04-18,1027.0,1027.0,960.0,963.0,-1.63,272250.0,263897730.0,-1,2021-04-18,942.2934420855546,922.4477265926972,19.84571549285738,0
2021-04-19,960.0,963.0,935.0,948.0,-1.56,201971.0,191837906.0,-1,2021-04-19,943.4347536684437,925.1374395829396,18.297314085504127,0
2021-04-20,943.0,959.0,930.0,940.0,-0.84,120526.0,113834379.0,-1,2021-04-20,942.747802934755,926.7019196268407,16.045883307914323,0
2021-04-21,943.0,943.0,920.0,921.0,-2.02,130573.0,121185556.0,-1,2021-04-21,938.3982423478041,926.1017175608574,12.296524786946634,0
2021-04-22,934.0,934.0,907.0,922.0,0.11,121770.0,112193022.0,1,2021-04-22,935.1185938782432,925.6699578176093,9.44863606063393,0
2021-04-25,925.0,925.0,900.0,908.0,-1.52,226128.0,205630372.0,-1,2021-04-25,929.6948751025947,923.809962257861,5.8849128447336625,0
2021-04-26,953.0,953.0,874.0,892.0,-1.76,181784.0,163235297.0,-1,2021-04-26,922.1559000820757,920.4615451780862,1.694354903989506,0
2021-04-27,848.0,916.0,848.0,913.0,2.35,127941.0,116258142.0,1,2021-04-27,920.3247200656607,919.6761193698666,0.6486006957941299,0
2021-04-28,930.0,930.0,896.0,899.0,-1.53,125316.0,113313943.0,-1,2021-04-28,916.0597760525286,917.4996857519859,-1.4399096994573028,-1
2021-04-29,943.0,943.0,895.0,897.0,-0.22,82739.0,74459623.0,-1,2021-04-29,912.2478208420229,915.3418240938821,-3.094003251859249,0
2021-05-02,900.0,909.0,895.0,904.0,0.78,110099.0,99232668.0,1,2021-05-02,910.5982566736184,914.1479478734734,-3.549691199855033,0
2021-05-03,910.0,914.0,897.0,898.0,-0.66,100965.0,91164993.0,-1,2021-05-03,908.0786053388948,912.4481638867919,-4.3695585478971,0
2021-05-04,900.0,900.0,890.0,890.0,-0.89,73877.0,66004723.0,-1,2021-05-04,904.4628842711159,910.0851992671296,-5.622314996013756,0
2021-05-05,869.0,900.0,869.0,887.0,-0.34,72643.0,64604836.0,-1,2021-05-05,900.9703074168928,907.6551782916423,-6.684870874749549,0
2021-05-06,890.0,891.0,882.0,886.0,-0.11,60231.0,53348096.0,-1,2021-05-06,897.9762459335143,905.3756858398905,-7.3994399063761875,0
2021-05-09,886.0,893.0,877.0,884.0,-0.23,65133.0,57681275.0,-1,2021-05-09,895.1809967468114,903.1256136462179,-7.944616899406469,0
2021-05-10,880.0,895.0,880.0,892.0,0.9,44848.0,39881086.0,1,2021-05-10,894.5447973974491,901.9544964203003,-7.409699022851214,0
2021-05-11,892.0,901.0,891.0,892.0,0.0,68098.0,60953762.0,0,2021-05-11,894.0358379179593,900.9066546918477,-6.870816773888464,0
2021-05-12,936.0,936.0,885.0,887.0,-0.56,53176.0,47311457.0,-1,2021-05-12,892.6286703343675,899.4427963032322,-6.814125968864687,0
2021-05-13,925.0,925.0,887.0,889.0,0.23,40349.0,35862308.0,1,2021-05-13,891.9029362674939,898.3435545871025,-6.440618319608575,0
2021-05-16,900.0,904.0,895.0,903.0,1.57,72541.0,65268190.0,1,2021-05-16,894.1223490139952,898.8337067358286,-4.711357721833451,0
2021-05-17,909.0,913.0,900.0,907.0,0.44,82122.0,74465621.0,1,2021-05-17,896.6978792111962,899.6933165531099,-2.9954373419136573,0
2021-05-18,890.0,908.0,890.0,905.0,-0.22,78733.0,71038099.0,-1,2021-05-18,898.358303368957,900.2519148106772,-1.8936114417202816,0
2021-05-19,919.0,919.0,900.0,905.0,0.0,91053.0,82870378.0,0,2021-05-19,899.6866426951656,900.7517132516587,-1.0650705564930831,0
2021-05-20,906.0,918.0,905.0,906.0,0.11,58888.0,53585386.0,1,2021-05-20,900.9493141561326,901.3041644883261,-0.3548503321935641,0
2021-05-23,906.0,948.0,895.0,948.0,4.64,160448.0,145256184.0,1,2021-05-23,910.3594513249061,906.2195155948182,4.139935730087927,1
2021-05-24,940.0,950.0,918.0,923.0,-2.64,194943.0,181575354.0,-1,2021-05-24,912.8875610599249,907.985882374311,4.901678685613888,0
2021-05-25,925.0,925.0,906.0,910.0,-1.41,115162.0,105172902.0,-1,2021-05-25,912.3100488479399,908.1978947559625,4.112154091977459,0
2021-05-27,895.0,912.0,893.0,905.0,-0.55,137867.0,124546859.0,-1,2021-05-27,910.848039078352,907.8612742553349,2.986764823017097,0
2021-05-30,950.0,950.0,890.0,907.0,0.22,121910.0,110808732.0,1,2021-05-30,910.0784312626816,907.770613807405,2.307817455276677,0
2021-05-31,913.0,929.0,902.0,902.0,-0.55,169234.0,154299294.0,-1,2021-05-31,908.4627450101453,907.1631807750465,1.299564235098842,0
2021-06-01,900.0,907.0,895.0,904.0,0.22,118739.0,106971145.0,1,2021-06-01,907.5701960081162,906.8302143776732,0.739981630443026,0
2021-06-02,905.0,905.0,896.0,900.0,-0.44,86849.0,78267565.0,-1,2021-06-02,906.056156806493,906.1112444431812,-0.05508763668819938,-1
2021-06-03,905.0,935.0,905.0,918.0,2.0,246324.0,226675641.0,1,2021-06-03,908.4449254451945,907.3626923965306,1.082233048663852,1
2021-06-06,925.0,950.0,921.0,928.0,1.09,250508.0,234188122.0,1,2021-06-06,912.3559403561557,909.5350405653169,2.82089979083878,0
2021-06-07,945.0,945.0,904.0,908.0,-2.16,257985.0,236395807.0,-1,2021-06-07,911.4847522849246,909.3734573479151,2.111294937009575,0
2021-06-08,920.0,928.0,902.0,916.0,0.88,214151.0,195694484.0,1,2021-06-08,912.3878018279398,910.0709881533977,2.316813674542118,0
2021-06-09,925.0,932.0,913.0,914.0,-0.22,147331.0,135524828.0,-1,2021-06-09,912.7102414623519,910.4845683477769,2.225673114574988,0
2021-06-10,900.0,920.0,900.0,907.0,-0.77,151038.0,136763715.0,-1,2021-06-10,911.5681931698815,910.1177716795899,1.4504214902916601,0
2021-06-13,912.0,912.0,897.0,902.0,-0.55,203447.0,183443473.0,-1,2021-06-13,909.6545545359053,909.2632693975278,0.3912851383774978,0
2021-06-14,910.0,935.0,901.0,910.0,0.89,203503.0,186173923.0,1,2021-06-14,909.7236436287243,909.3408199872617,0.38282364146255077,0
2021-06-15,920.0,921.0,901.0,905.0,-0.55,153136.0,139272494.0,-1,2021-06-15,908.7789149029795,908.88389156755,-0.10497666457047217,-1
2021-06-16,906.0,922.0,899.0,900.0,-0.55,84534.0,76497524.0,-1,2021-06-16,907.0231319223836,907.9487450867553,-0.9256131643716117,0
2021-06-17,900.0,907.0,898.0,901.0,0.11,139278.0,125408845.0,1,2021-06-17,905.818505537907,907.2172982355179,-1.3987926976109293,0
2021-06-20,901.0,910.0,890.0,893.0,-0.89,135627.0,121627138.0,-1,2021-06-20,903.2548044303256,905.720740526516,-2.465936096190376,0
2021-06-21,894.0,898.0,882.0,883.0,-1.12,145331.0,128703294.0,-1,2021-06-21,899.2038435442606,903.329083628988,-4.125240084727352,0
2021-06-22,885.0,907.0,881.0,905.0,2.49,176117.0,157474375.0,1,2021-06-22,900.3630748354085,903.5049695627788,-3.1418947273702997,0
2021-06-23,905.0,905.0,892.0,893.0,-1.33,120895.0,108290298.0,-1,2021-06-23,898.8904598683268,902.3991832930126,-3.5087234246857406,0
2021-06-24,893.0,907.0,890.0,896.0,0.34,144591.0,129767398.0,1,2021-06-24,898.3123678946615,901.7255850516428,-3.413217156981318,0
2021-06-27,940.0,940.0,882.0,916.0,2.23,212905.0,194071091.0,1,2021-06-27,901.8498943157293,903.2281550462068,-1.3782607304774501,0
2021-06-28,921.0,952.0,915.0,935.0,2.07,536806.0,502517613.0,1,2021-06-28,908.4799154525836,906.572559778185,1.9073556743985591,1
2021-06-29,945.0,945.0,914.0,915.0,-2.14,137194.0,126569590.0,-1,2021-06-29,909.7839323620669,907.4596587489024,2.3242736131645643,0
2021-06-30,910.0,918.0,903.0,915.0,0.0,85224.0,77500440.0,0,2021-06-30,910.8271458896536,908.2533788805969,2.5737670090567235,0
2021-07-01,915.0,918.0,908.0,911.0,-0.44,116472.0,106188661.0,-1,2021-07-01,910.8617167117229,908.5424968931657,2.319219818557258,0
2021-07-04,911.0,925.0,910.0,918.0,0.77,132415.0,121094668.0,1,2021-07-04,912.2893733693784,909.5380235359903,2.751349833388076,0
2021-07-05,920.0,920.0,910.0,910.0,-0.87,91023.0,83011752.0,-1,2021-07-05,911.8314986955028,909.586652637465,2.2448460580377514,0
2021-07-06,913.0,920.0,910.0,916.0,0.66,69482.0,63552091.0,1,2021-07-06,912.6651989564023,910.2617418335213,2.4034571228809227,0
2021-07-07,925.0,925.0,914.0,916.0,0.0,113264.0,104038872.0,0,2021-07-07,913.3321591651219,910.8657690089402,2.46639015618166,0
2021-07-08,920.0,935.0,914.0,926.0,1.09,181363.0,167964515.0,1,2021-07-08,915.8657273320975,912.4588459553676,3.4068813767299844,0
2021-07-11,935.0,975.0,930.0,964.0,4.1,419084.0,399611595.0,1,2021-07-11,925.4925818656782,917.8842305916447,7.608351274033453,0
2021-07-12,970.0,981.0,952.0,956.0,-0.83,361409.0,349159930.0,-1,2021-07-12,931.5940654925427,921.8964168451558,9.697648647386814,0
2021-07-13,960.0,977.0,954.0,973.0,1.78,205796.0,199519891.0,1,2021-07-13,939.8752523940342,927.2757413877711,12.599511006263128,0
2021-07-14,975.0,980.0,959.0,975.0,0.21,127034.0,122843689.0,1,2021-07-14,946.9002019152274,932.2993475574795,14.600854357747949,0
2021-07-15,980.0,999.0,970.0,994.0,1.95,334226.0,331144206.0,1,2021-07-15,956.320161532182,938.7941530777448,17.52600845443726,0
2021-07-18,1007.0,1070.0,1001.0,1065.0,7.14,342114.0,353582977.8,1,2021-07-18,978.0561292257457,952.0789790695611,25.97715015618462,0
2021-07-19,1080.0,1083.0,1036.0,1045.0,-1.88,335938.0,354166044.7,-1,2021-07-19,991.4449033805967,961.8601391675021,29.58476421309456,0
2021-07-20,1060.0,1060.0,1030.0,1031.6,-1.28,226606.0,234969913.7,-1,2021-07-20,999.4759227044774,969.2011771498702,30.274745554607193,0
2021-07-22,1032.0,1045.0,1011.0,1034.0,0.23,349971.0,360448446.4,1,2021-07-22,1006.380738163582,976.0221058709366,30.35863229264544,0
2021-07-25,1040.0,1085.0,1040.0,1073.0,3.77,316583.0,338045351.1,1,2021-07-25,1019.7045905308656,986.2303052529433,33.47428527792238,0
2021-07-26,1080.0,1085.0,1046.0,1053.0,-1.86,316542.0,334165575.0,-1,2021-07-26,1026.3636724246926,993.2586941736861,33.104978251006514,0
2021-07-27,1032.0,1071.0,1012.0,1054.0,0.09,474075.0,491550755.1,1,2021-07-27,1031.8909379397542,999.6525158396138,32.23842210014038,0
2021-07-28,1060.0,1072.0,1041.0,1042.0,-1.14,99689.0,104483617.1,-1,2021-07-28,1033.9127503518034,1004.1101457512334,29.80260460057002,0
2021-07-29,1022.0,1054.0,1022.0,1036.0,-0.58,124985.0,129674876.8,-1,2021-07-29,1034.3302002814428,1007.4669725142616,26.86322776718123,0
2021-08-01,1045.0,1048.0,1026.2,1029.9,-0.59,113061.0,116551286.2,-1,2021-08-01,1033.4441602251543,1009.8283438285499,23.615816396604373,0
2021-08-02,1040.0,1040.0,1020.0,1026.0,-0.38,113315.0,116624601.5,-1,2021-08-02,1031.9553281801234,1011.5306234255447,20.42470475457867,0
2021-08-03,1027.0,1035.0,1023.0,1027.7,0.17,84712.0,87034798.3,1,2021-08-03,1031.1042625440987,1013.2326630649611,17.871599479137558,0
2021-08-04,1048.0,1048.0,1024.0,1025.7,-0.19,119270.0,122494607.0,-1,2021-08-04,1030.023410035279,1014.545014321281,15.478395713998111,0
2021-08-05,1026.0,1035.0,1025.0,1026.0,0.03,87494.0,89952537.9,1,2021-08-05,1029.2187280282233,1015.750802287462,13.467925740761302,0
2021-08-08,1039.0,1039.0,1026.0,1028.0,0.19,66300.0,68170084.5,1,2021-08-08,1028.9749824225787,1017.0401915203607,11.93479090221797,0
2021-08-09,1035.0,1035.0,1017.0,1018.0,-0.97,102873.0,105236548.7,-1,2021-08-09,1026.779985938063,1017.1412239919017,9.638761946161253,0
2021-08-10,1020.0,1067.9,1017.0,1047.0,2.85,147195.0,152817399.3,1,2021-08-10,1030.8239887504506,1020.2842530453858,10.5397357050648,0
2021-08-11,1051.0,1066.0,1027.5,1032.0,-1.43,89806.0,93133837.8,-1,2021-08-11,1031.0591910003604,1021.5174895669242,9.541701433436288,0
2021-08-12,1032.0,1040.0,1028.0,1034.0,0.19,143592.0,148639893.1,1,2021-08-12,1031.6473528002884,1022.8314380335637,8.815914766724745,0
2021-08-15,1013.4,1030.0,980.0,1004.0,-2.9,336814.0,338783637.5,-1,2021-08-15,1026.1178822402308,1020.8491813984517,5.268700841779037,0
2021-08-16,1004.0,1004.0,986.0,988.0,-1.59,363653.0,360524556.3,-1,2021-08-16,1018.4943057921847,1017.3913728301936,1.1029329619910868,0
2021-08-17,988.5,991.0,970.1,973.0,-1.52,206972.0,202285744.2,-1,2021-08-17,1009.3954446337478,1012.7185967428048,-3.3231521090569913,-1
2021-08-18,988.0,998.5,960.0,995.0,2.26,223612.0,218317865.9,1,2021-08-18,1006.5163557069983,1010.8534812961938,-4.337125589195466,0
2021-08-19,1004.0,1004.0,966.0,969.0,-2.61,266456.0,259187103.7,-1,2021-08-19,999.0130845655988,1006.4478516860681,-7.43476712046936,0
2021-08-24,985.0,986.0,950.0,951.0,-1.86,141517.0,135903157.3,-1,2021-08-24,989.4104676524792,1000.6112357191136,-11.200768066634396,0
2021-08-25,970.0,970.0,935.0,940.0,-1.16,158222.0,149460937.0,-1,2021-08-25,979.5283741219833,994.2311056434173,-14.702731521433975,0
2021-08-26,957.0,958.0,933.0,936.9,-0.33,173201.0,162590883.2,-1,2021-08-26,971.0026992975867,988.1962524177944,-17.193553120207753,0
2021-08-29,955.0,955.0,918.0,920.0,-1.8,136304.0,126170905.0,-1,2021-08-29,960.8021594380693,981.0176995317108,-20.215540093641494,0
2021-08-31,938.0,938.0,903.0,914.0,-0.65,159777.0,145836118.5,-1,2021-08-31,951.4417275504554,973.9632048441623,-22.52147729370688,0
2021-09-01,920.0,927.0,905.1,912.0,-0.22,104201.0,95293840.6,-1,2021-09-01,943.5533820403643,967.4407622289873,-23.887380188622956,0
2021-09-02,912.0,918.0,898.0,905.5,-0.71,127440.0,115410920.2,-1,2021-09-02,935.9427056322916,960.920681994357,-24.97797636206542,0
2021-09-05,905.6,905.6,876.0,893.0,-1.38,130256.0,115898506.1,-1,2021-09-05,927.3541645058333,953.7711365212667,-26.41697201543343,0
2021-09-06,880.0,937.0,880.0,929.0,4.03,218544.0,198134536.8,1,2021-09-06,927.6833316046666,951.1636484663966,-23.48031686172999,0
2021-09-07,939.0,939.0,895.0,907.0,-2.37,97523.0,88439398.2,-1,2021-09-07,923.5466652837333,946.5148433646707,-22.968178080937378,0
2021-09-08,907.0,907.0,885.0,895.0,-1.32,104324.0,92806736.7,-1,2021-09-08,917.8373322269867,941.0922282736527,-23.254896046665976,0
2021-09-09,900.0,901.0,885.0,891.0,-0.45,93559.0,83509331.1,-1,2021-09-09,912.4698657815895,935.819362139584,-23.34949635799444,0
2021-09-12,900.0,907.0,880.2,906.0,1.68,130358.0,116607909.6,1,2021-09-12,911.1758926252717,932.6804819143646,-21.504589289092905,0
2021-09-13,923.0,955.0,907.0,927.0,2.32,299759.0,277871504.6,1,2021-09-13,914.3407141002174,932.0825364496947,-17.741822349477275,0
2021-09-14,943.0,943.0,918.3,919.1,-0.85,168837.0,157326567.2,-1,2021-09-14,915.292571280174,930.7159536655163,-15.42338238534228,0
2021-09-15,920.0,924.0,903.0,912.0,-0.77,96697.0,88062455.2,-1,2021-09-15,914.6340570241392,928.7458532796725,-14.11179625553325,0
2021-09-16,930.2,930.2,890.1,897.0,-1.64,161004.0,144001114.9,-1,2021-09-16,911.1072456193114,925.4041845133912,-14.296938894079858,0
2021-09-20,897.1,897.1,875.0,875.1,-2.44,171670.0,151067766.3,-1,2021-09-20,903.9057964954491,920.1090071961921,-16.203210700743057,0
2021-09-21,858.0,887.0,850.0,870.0,-0.58,173627.0,151015955.1,-1,2021-09-21,897.1246371963593,914.8343748597508,-17.70973766339148,0
2021-09-22,887.0,899.0,881.0,890.0,2.3,72519.0,64485530.5,1,2021-09-22,895.6997097570875,912.2202301376717,-16.52052038058423,0
2021-09-23,907.8,915.0,887.0,902.0,1.35,218766.0,196539332.0,1,2021-09-23,896.95976780567,911.1444164389694,-14.184648633299389,0
2021-09-26,920.0,920.0,882.0,884.0,-2.0,93082.0,82935286.8,-1,2021-09-26,894.367814244536,908.2871094453938,-13.919295200857732,0
2021-09-27,884.0,890.0,866.0,870.0,-1.58,66203.0,57630425.7,-1,2021-09-27,889.4942513956289,904.2568873985102,-14.762636002881322,0
2021-09-28,865.0,880.0,851.0,859.0,-1.26,169341.0,145471114.6,-1,2021-09-28,883.3954011165031,899.4930045144565,-16.097603397953435,0
2021-09-29,872.1,872.1,845.0,865.0,0.7,89368.0,76406583.0,1,2021-09-29,879.7163208932025,895.8621619339874,-16.145841040784944,0
2021-09-30,865.0,872.1,848.0,862.9,-0.24,82748.0,70901318.7,-1,2021-09-30,876.3530567145621,892.3924606777782,-16.03940396321616,0
2021-10-03,850.1,860.0,844.0,849.1,-1.6,88933.0,75541858.0,-1,2021-10-03,870.9024453716497,887.8353595538015,-16.932914182151762,0
2021-10-04,849.1,858.0,833.0,850.0,0.11,94801.0,80190532.4,1,2021-10-04,866.7219562973198,883.8526901270856,-17.130733829765745,0
2021-10-05,850.0,854.9,842.0,850.0,0.0,39369.0,33449585.5,0,2021-10-05,863.3775650378559,880.2892490610766,-16.911684023220687,0
2021-10-06,855.0,865.0,848.0,858.0,0.94,54341.0,46570040.5,1,2021-10-06,862.3020520302848,877.9430123178054,-15.640960287520556,0
2021-10-10,873.0,873.0,845.2,850.0,-0.93,55797.0,47629038.7,-1,2021-10-10,859.8416416242279,875.0016426001417,-15.160000975913817,0
2021-10-11,850.0,850.0,833.5,840.0,-1.18,40240.0,33709578.6,-1,2021-10-11,855.8733132993824,871.3172591685479,-15.443945869165532,0
2021-10-17,845.0,850.0,830.5,849.0,1.07,34196.0,28794111.3,1,2021-10-17,854.498650639506,868.9680739929113,-14.469423353405318,0
2021-10-18,849.0,849.0,816.0,830.0,-2.24,62559.0,51815862.8,-1,2021-10-18,849.5989205116048,864.8661714673417,-15.267250955736927,0
2021-10-19,818.0,819.0,785.0,791.0,-4.7,110546.0,88183538.7,-1,2021-10-19,837.8791364092839,857.0907849970953,-19.211648587811396,0
2021-10-20,806.0,821.0,795.0,802.0,1.39,58775.0,47229004.6,1,2021-10-20,830.7033091274271,851.2917549974011,-20.588445869973953,0
2021-10-21,795.0,809.8,794.1,808.0,0.75,61630.0,49396317.2,1,2021-10-21,826.1626473019418,846.7347281555694,-20.572080853627654,0
2021-10-24,800.0,835.0,799.0,830.0,2.72,113978.0,93518834.0,1,2021-10-24,826.9301178415535,844.9731778234042,-18.04305998185066,0
2021-10-25,832.0,841.0,820.0,836.0,0.72,70258.0,58460911.0,1,2021-10-25,828.7440942732429,844.0286327893616,-15.284538516118687,0
2021-10-26,819.3,841.5,790.0,837.0,0.12,299356.0,245515360.9,1,2021-10-26,830.3952754185943,843.2887767062708,-12.893501287676486,0
2021-10-27,830.0,873.2,826.0,870.0,3.94,230090.0,196152010.9,1,2021-10-27,838.3162203348755,846.1004844214002,-7.784264086524672,0
2021-10-28,870.0,876.0,855.0,871.0,0.11,199592.0,172354595.5,1,2021-10-28,844.8529762679005,848.7214860612528,-3.8685097933522457,0
2021-10-31,871.0,902.1,856.0,893.0,2.53,222689.0,197009125.6,1,2021-10-31,854.4823810143205,853.3823822653314,1.0999987489890373,1
2021-11-01,910.0,910.0,870.0,874.0,-2.13,133727.0,118720635.4,-1,2021-11-01,858.3859048114564,855.5526578163492,2.8332469951071744,0
2021-11-02,890.0,890.0,865.0,869.0,-0.57,62963.0,54933045.2,-1,2021-11-02,860.5087238491651,856.9681675198915,3.5405563292736133,0
2021-11-03,886.0,886.0,866.0,869.9,0.1,62379.0,54281106.6,1,2021-11-03,862.3869790793321,858.3294130441135,4.057566035218656,0
2021-11-08,860.0,880.0,856.0,856.0,-1.6,53173.0,46062799.0,-1,2021-11-08,861.1095832634658,858.0842116710488,3.0253715924169455,0
2021-11-09,860.0,860.0,830.0,839.0,-1.99,100951.0,84606433.9,-1,2021-11-09,856.6876666107726,856.0753472846226,0.6123193261499864,0
2021-11-11,825.1,841.5,824.0,824.0,-1.79,60792.0,50322602.8,-1,2021-11-11,850.150133288618,852.6989949388728,-2.548861650254821,-1
2021-11-14,825.0,835.0,813.1,825.5,0.18,40711.0,33613694.6,1,2021-11-14,845.2201066308945,849.835942840044,-4.615836209149506,0
2021-11-15,817.0,833.0,817.0,824.9,-0.07,46501.0,38379665.7,-1,2021-11-15,841.1560853047157,847.2111067516183,-6.055021446902629,0
2021-11-16,825.0,870.0,820.0,870.0,5.47,104559.0,88602632.6,1,2021-11-16,846.9248682437726,849.609937619869,-2.6850693760964077,0
2021-11-17,880.0,897.0,862.0,875.0,0.57,143618.0,125718149.7,1,2021-11-17,852.5398945950182,852.2825757651459,0.2573188298722471,1
2021-11-18,874.0,874.0,845.9,854.0,-2.4,86241.0,73799771.5,-1,2021-11-18,852.8319156760147,852.4633572635516,0.3685584124630168,0
2021-11-21,870.0,870.0,836.0,840.0,-1.64,51751.0,43475291.1,-1,2021-11-21,850.2655325408118,851.15142492002,-0.8858923792081441,-1
2021-11-22,855.0,860.0,832.1,850.0,1.19,38185.0,32333813.5,1,2021-11-22,850.2124260326495,851.03022229686,-0.8177962642104148,0
2021-11-23,850.0,856.0,825.0,836.0,-1.65,64274.0,53372258.0,-1,2021-11-23,847.3699408261198,849.4480936340326,-2.0781528079128293,0
2021-11-24,836.0,836.0,821.7,831.0,-0.6,96252.0,79467348.9,-1,2021-11-24,844.0959526608959,847.5061890409766,-3.410236380080619,0
2021-11-25,825.0,843.0,825.0,842.0,1.32,81644.0,68455000.1,1,2021-11-25,843.6767621287167,846.926590194558,-3.249828065841257,0
2021-11-28,835.0,835.0,813.0,817.0,-2.97,66398.0,54348808.4,-1,2021-11-28,838.3414097029735,843.7764228056571,-5.435013102683683,0
2021-11-29,824.0,825.0,797.0,800.0,-2.08,73172.0,59002359.8,-1,2021-11-29,830.6731277623788,839.1683782997985,-8.495250537419679,0
2021-11-30,813.8,813.8,790.0,810.0,1.25,94516.0,75387304.7,1,2021-11-30,826.5385022099031,836.0980226892934,-9.559520479390358,0
2021-12-01,800.0,822.0,800.0,804.8,-0.64,25231.0,20342583.8,-1,2021-12-01,822.1908017679225,832.8034939851573,-10.61269221723478,0
2021-12-02,805.0,805.0,780.0,788.0,-2.09,114952.0,90738112.7,-1,2021-12-02,815.3526414143381,828.0873367235617,-12.734695309223639,0
2021-12-05,785.0,785.0,758.6,765.0,-2.92,73387.0,56446886.2,-1,2021-12-05,805.2821131314705,821.446564436871,-16.164451305400462,0
2021-12-06,760.0,787.0,745.0,787.0,2.88,68582.0,52360864.2,1,2021-12-06,801.6256905051764,817.8206102856215,-16.194919780445048,0
2021-12-07,790.0,795.2,765.0,766.0,-2.67,48358.0,37532023.9,-1,2021-12-07,794.5005524041412,812.3658092029245,-17.86525679878332,0
2021-12-08,760.0,760.0,742.0,749.0,-2.22,45768.0,34233274.4,-1,2021-12-08,785.4004419233131,805.6957240236693,-20.29528210035619,0
2021-12-09,746.0,756.0,740.0,742.6,-0.85,50635.0,37739128.1,-1,2021-12-09,776.8403535386506,799.054068863283,-22.213715324632403,0
2021-12-12,748.0,748.0,722.0,725.0,-2.37,53496.0,38970096.6,-1,2021-12-12,766.4722828309204,791.2589037197795,-24.786620888859034,0
2021-12-13,712.0,722.0,701.0,709.0,-2.21,70526.0,50097353.6,-1,2021-12-13,754.9778262647364,782.6000717492764,-27.622245484539917,0
2021-12-14,723.0,739.5,716.0,739.5,4.3,18561.0,13500800.4,1,2021-12-14,751.8822610117892,778.0632220914579,-26.18096107966869,0
2021-12-15,754.0,767.0,725.0,732.0,-1.01,69145.0,50800581.5,-1,2021-12-15,747.9058088094314,773.2144618713045,-25.308653061873088,0
2021-12-16,736.5,736.5,721.0,734.0,0.27,28600.0,20773760.7,1,2021-12-16,745.1246470475451,769.0866237795883,-23.96197673204324,0
2021-12-20,748.6,748.6,720.0,722.0,-1.63,50222.0,36349240.5,-1,2021-12-20,740.499717638036,764.1301370659475,-23.63041942791142,0
2021-12-21,735.0,736.0,722.0,731.2,1.27,30657.0,22326546.5,1,2021-12-21,738.6397741104289,760.6638068484793,-22.024032738050437,0
2021-12-22,745.0,756.0,735.0,752.0,2.84,54868.0,41121360.3,1,2021-12-22,741.3118192883431,759.7518271802184,-18.44000789187521,0
2021-12-23,767.0,767.0,749.0,760.0,1.06,53583.0,40522914.0,1,2021-12-23,745.0494554306746,759.7779506349323,-14.728495204257683,0
2021-12-26,765.0,775.0,760.0,769.9,1.3,70760.0,54269788.7,1,2021-12-26,750.0195643445397,760.8434295154657,-10.823865170925956,0
2021-12-27,770.0,774.0,744.0,744.0,-3.36,65018.0,49019615.4,-1,2021-12-27,748.8156514756317,759.0704369348903,-10.254785459258528,0
2021-12-28,740.0,747.0,730.0,738.0,-0.81,43607.0,32180061.8,-1,2021-12-28,746.6525211805055,756.8524962049019,-10.199975024396394,0
2021-12-29,726.1,744.0,725.0,740.0,0.27,77201.0,56817535.0,1,2021-12-29,745.3220169444044,755.0785492359648,-9.756532291560461,0
2022-01-02,754.8,773.0,730.0,769.0,3.92,73533.0,55902252.3,1,2022-01-02,750.0576135555236,756.5439651058632,-6.486351550339577,0
2022-01-03,769.0,788.4,765.0,784.0,1.95,78276.0,61074703.9,1,2022-01-03,756.846090844419,759.4340740420881,-2.587983197669132,0
2022-01-04,790.0,813.7,772.0,807.8,3.04,79587.0,63193949.7,1,2022-01-04,767.0368726755353,764.5252241429209,2.5116485326143447,1
2022-01-05,819.9,819.9,792.0,795.0,-1.58,78208.0,62536250.3,-1,2022-01-05,772.6294981404283,767.7330952857715,4.896402854656799,0
2022-01-06,782.0,839.0,782.0,838.0,5.41,178781.0,145219148.4,1,2022-01-06,785.7035985123426,775.1296115714797,10.573986940862937,0
2022-01-09,854.7,871.0,850.0,867.1,3.47,162594.0,139935027.2,1,2022-01-09,801.9828788098741,784.8107050902713,17.172173719602824,0
2022-01-10,870.0,879.0,852.0,860.0,-0.82,160045.0,138215461.9,-1,2022-01-10,813.5863030478994,792.725367712348,20.860935335551403,0
2022-01-11,870.0,872.0,855.0,864.5,0.52,83864.0,72545031.1,1,2022-01-11,823.7690424383195,800.2805921636798,23.488450274639717,0
2022-01-12,870.0,889.5,863.0,866.0,0.17,170915.0,149127990.5,1,2022-01-12,832.2152339506557,807.1984245675029,25.016809383152804,0
2022-01-13,868.0,890.0,861.0,880.5,1.67,94487.0,83119715.4,1,2022-01-13,841.8721871605246,814.9143798761868,26.957807284337832,0
2022-01-16,895.0,912.0,882.0,900.0,2.21,137916.0,123808949.3,1,2022-01-16,853.4977497284198,823.8707609418514,29.626988786568404,0
2022-01-17,918.0,918.0,893.0,898.0,-0.22,111345.0,100031851.4,-1,2022-01-17,862.3981997827359,831.6738387374459,30.72436104529004,0
2022-01-18,900.0,927.0,899.0,914.0,1.78,207182.0,190108363.6,1,2022-01-18,872.7185598261888,840.3397504492937,32.378809376895106,0
2022-01-19,932.2,932.2,910.0,912.0,-0.22,145505.0,133370636.5,-1,2022-01-19,880.5748478609511,847.8829346125259,32.69191324842518,0
2022-01-20,912.0,920.0,901.6,917.0,0.55,116652.0,106404141.5,1,2022-01-20,887.8598782887609,855.1584151796284,32.70146310913253,0
2022-01-23,935.0,935.3,899.0,903.0,-1.53,191997.0,175263196.5,-1,2022-01-23,890.8879026310088,860.1943714765097,30.69353115449917,0
2022-01-24,900.0,900.0,866.0,866.2,-4.08,419335.0,367364527.5,-1,2022-01-24,885.9503221048071,860.826542900035,25.123779204772177,0
2022-01-25,850.0,883.0,845.2,867.0,0.09,227148.0,196874184.1,1,2022-01-25,882.1602576838458,861.476380489505,20.683877194340766,0
2022-01-26,868.0,873.0,856.0,860.0,-0.81,109049.0,93917145.7,-1,2022-01-26,877.7282061470767,861.3209720169255,16.40723413015121,0
2022-01-27,861.0,869.9,856.0,859.6,-0.05,56260.0,48363360.9,-1,2022-01-27,874.1025649176613,861.1398170677754,12.962747849885886,0
2022-01-30,876.7,888.0,872.0,883.0,2.72,99204.0,87055768.7,1,2022-01-30,875.8820519341291,863.440888955378,12.441162978751095,0
2022-01-31,890.0,890.0,870.1,872.0,-1.25,65157.0,57041932.3,-1,2022-01-31,875.1056415473033,864.3418480127066,10.763793534596743,0
2022-02-01,875.0,883.0,865.0,870.0,-0.23,58118.0,50707160.6,-1,2022-02-01,874.0845132378427,864.9374429587375,9.14707027910515,0
2022-02-03,870.0,877.0,860.0,860.4,-1.1,150826.0,130653042.5,-1,2022-02-03,871.3476105902743,864.4598173841335,6.887793206140714,0
2022-02-06,856.0,860.0,845.0,853.0,-0.86,72123.0,61459588.4,-1,2022-02-06,867.6780884722194,863.2535208173827,4.424567654836778,0
2022-02-07,853.0,858.0,839.0,843.0,-1.17,59770.0,50503450.3,-1,2022-02-07,862.7424707777756,861.1215712576582,1.6208995201174048,0
2022-02-08,855.0,872.0,826.0,837.0,-0.71,86778.0,72856295.0,-1,2022-02-08,857.5939766222205,858.582458493694,-0.9884818714735957,-1
2022-02-09,840.0,840.0,821.0,828.0,-1.08,87317.0,72331456.2,-1,2022-02-09,851.6751812977765,855.3632523364631,-3.688071038686644,0
2022-02-10,830.0,839.0,814.0,818.0,-1.21,95660.0,78333501.4,-1,2022-02-10,844.9401450382212,851.4302784063091,-6.490133368087868,0
2022-02-13,802.0,811.0,789.0,807.0,-1.34,180844.0,144338091.7,-1,2022-02-13,837.352116030577,846.7534069951187,-9.401290964541658,0
2022-02-14,811.0,814.0,798.0,805.0,-0.25,65371.0,52459382.0,-1,2022-02-14,830.8816928244617,842.3583115219483,-11.476618697486629,0
2022-02-15,805.0,810.0,802.0,805.0,0.0,45673.0,36821646.3,0,2022-02-15,825.7053542595694,838.4258576775327,-12.7205034179633,0
2022-02-16,806.0,815.0,803.0,807.0,0.25,43171.0,34835752.9,1,2022-02-16,821.9642834076556,835.117872658845,-13.153589251189487,0
2022-02-17,805.0,816.0,804.0,816.0,1.12,55936.0,45273568.4,1,2022-02-17,820.7714267261246,833.1054650105455,-12.334038284420899,0
2022-02-20,799.7,812.0,790.0,803.1,-1.58,58816.0,47104309.4,-1,2022-02-20,817.2371413808997,829.9469950094355,-12.709853628535711,0
2022-02-21,808.0,810.0,798.0,806.1,0.37,30102.0,24132081.9,-1,2022-02-21,815.0097131047198,827.4367850084423,-12.427071903722435,0
2022-02-22,806.0,815.0,802.0,808.0,0.24,37501.0,30314745.8,1,2022-02-22,813.6077704837759,825.3908076391326,-11.783037155356737,0
2022-02-23,810.0,810.0,801.0,804.0,-0.5,26347.0,21165563.7,-1,2022-02-23,811.6862163870207,823.1391436771187,-11.452927290097932,0
2022-02-24,804.0,804.0,785.0,790.0,-1.74,62153.0,49201909.5,-1,2022-02-24,807.3489731096166,819.6508127637378,-12.301839654121181,0
2022-02-27,790.0,800.0,777.7,783.0,-0.89,94586.0,74506582.6,-1,2022-02-27,802.4791784876934,815.7928324728181,-13.313653985124688,0
2022-02-28,798.0,798.0,771.0,773.0,-1.28,55256.0,42992657.9,-1,2022-02-28,796.5833427901548,811.2883237914688,-14.704981001313968,0
2022-03-02,770.0,775.0,760.0,762.0,-1.42,76482.0,58353262.4,-1,2022-03-02,789.6666742321239,806.1000791818404,-16.433404949716532,0
2022-03-06,777.2,785.0,755.0,768.0,0.79,36346.0,27808137.4,-1,2022-03-06,785.3333393856992,802.0895445311204,-16.756205145421177,0
2022-03-07,770.0,774.9,747.0,774.0,0.78,138577.0,105027582.7,1,2022-03-07,783.0666715085595,799.1327503699499,-16.06607886139045,0
2022-03-09,785.0,785.0,750.0,760.0,-1.81,138776.0,104851922.1,-1,2022-03-09,778.4533372068477,795.0135134889026,-16.560176282054954,0
2022-03-10,760.0,762.0,747.0,758.0,-0.26,165638.0,124611575.7,-1,2022-03-10,774.3626697654782,791.1173541742813,-16.754684408803087,0
2022-03-13,769.0,790.0,758.0,782.0,3.17,93422.0,72246417.7,1,2022-03-13,775.8901358123826,790.1576326822517,-14.267496869869092,0
2022-03-14,785.0,789.0,770.0,778.0,-0.51,29363.0,22858634.1,-1,2022-03-14,776.3121086499061,788.8778818735937,-12.565773223687529,0
2022-03-15,780.0,781.0,770.0,772.0,-0.77,50282.0,38972617.4,-1,2022-03-15,775.4496869199249,787.1012627290049,-11.651575809079986,0
2022-03-16,772.0,778.0,765.0,768.0,-0.52,46676.0,35928971.2,-1,2022-03-16,773.95974953594,785.0906034943729,-11.130853958432908,0
2022-03-20,776.0,776.0,764.0,770.0,0.26,42001.0,32221338.6,-1,2022-03-20,773.167799628752,783.5021189160179,-10.334319287265885,0
2022-03-21,775.0,780.0,762.0,773.0,0.39,47286.0,36280037.9,-1,2022-03-21,773.1342397030018,782.3966327143319,-9.262393011330118,0
2022-03-22,770.0,785.0,770.0,779.9,0.89,41446.0,32251559.7,1,2022-03-22,774.4873917624014,782.133829270718,-7.6464375083165805,0
2022-03-23,780.0,785.0,773.0,785.0,0.65,108697.0,84194639.2,1,2022-03-23,776.5899134099212,782.4355314527477,-5.845618042826459,0
2022-03-24,780.0,790.0,769.3,780.0,-0.64,67523.0,52208122.2,0,2022-03-24,777.271930727937,782.1791597208795,-4.907228992942464,0
2022-03-27,780.0,790.0,766.0,766.0,-1.79,67429.0,52056815.8,-1,2022-03-27,775.0175445823497,780.4760902765764,-5.4585456942267,0
2022-03-28,761.0,765.0,755.0,759.9,-0.8,37146.0,28229612.7,-1,2022-03-28,771.9940356658799,778.3101860369369,-6.316150371057006,0
2022-03-29,756.0,765.0,754.0,757.0,-0.38,40516.0,30680927.4,1,2022-03-29,768.9952285327039,776.0670085593647,-7.071780026660804,0
2022-03-30,758.0,770.0,757.0,767.0,1.32,29760.0,22669073.0,1,2022-03-30,768.5961828261632,775.1125866057473,-6.516403779584152,0
2022-03-31,772.0,772.0,755.0,764.0,-0.39,39695.0,30287300.6,-1,2022-03-31,767.6769462609307,773.9428406472476,-6.2658943863169725,0
2022-04-03,770.0,778.0,756.2,761.9,-0.27,18189.0,13822827.5,-1,2022-04-03,766.5215570087446,772.6751732106952,-6.153616201950626,0
2022-04-04,777.1,777.1,757.0,762.0,0.01,19152.0,14559554.3,-1,2022-04-04,765.6172456069957,771.5514707674641,-5.934225160468486,0
2022-04-05,777.2,777.2,748.0,751.2,-1.42,69542.0,52271776.4,-1,2022-04-05,762.7337964855966,769.4092106866784,-6.675414201081821,0
2022-04-06,750.0,750.0,739.0,741.9,-1.24,52534.0,38947897.1,-1,2022-04-06,758.5670371884773,766.513504298607,-7.946467110129674,0
2022-04-07,750.0,765.0,746.0,765.0,3.11,51777.0,38907678.0,1,2022-04-07,759.8536297507819,766.3541880566484,-6.500558305866434,0
2022-04-11,765.0,774.0,740.0,763.0,-0.26,91552.0,68688419.0,-1,2022-04-11,760.4829038006255,766.0011156296327,-5.518211829007214,0
2022-04-12,775.0,775.0,745.0,752.0,-1.44,44168.0,33165629.3,-1,2022-04-12,758.7863230405004,764.5273139844082,-5.740990943907832,0
2022-04-13,748.0,760.0,745.0,757.0,0.66,51266.0,38575069.9,1,2022-04-13,758.4290584324003,763.7349651439442,-5.305906711543912,0
2022-04-17,772.1,772.1,746.0,751.0,-0.79,38725.0,29155508.4,-1,2022-04-17,756.9432467459203,762.3944424972133,-5.451195751292971,0
2022-04-18,756.0,756.0,745.0,747.5,-0.47,32922.0,24680590.6,-1,2022-04-18,755.0545973967363,760.8266064448751,-5.772009048138784,0
2022-04-19,750.0,764.8,746.0,760.0,1.67,28688.0,21693263.2,1,2022-04-19,756.0436779173891,760.7395952401514,-4.695917322762284,0
2022-04-20,775.0,775.0,750.8,755.0,-0.66,66139.0,50256923.2,-1,2022-04-20,755.8349423339113,760.1354273201355,-4.300484986224205,0
2022-04-21,770.1,770.1,740.0,765.0,1.32,55724.0,42064704.4,-1,2022-04-21,757.6679538671291,760.6474876022264,-2.979533735097334,0
2022-04-24,780.0,800.0,765.0,796.0,4.05,62866.0,49168270.5,1,2022-04-24,765.3343630937034,764.368804696729,0.9655583969744157,1
2022-04-25,800.0,800.0,776.0,776.0,-2.51,68468.0,53867663.6,-1,2022-04-25,767.4674904749628,765.5931410444416,1.8743494305211925,0
2022-04-26,785.0,791.0,773.0,784.4,1.08,35741.0,27903335.3,-1,2022-04-26,770.8539923799702,767.5728104081846,3.2811819717855997,0
2022-04-27,773.0,781.8,770.1,781.8,-0.33,37180.0,28839572.6,1,2022-04-27,773.0431939039762,769.0704093125863,3.972784591389882,0
2022-04-28,780.0,790.0,779.0,782.0,0.03,44865.0,35146477.2,1,2022-04-28,774.834555123181,770.4314188586299,4.403136264551108,0
2022-05-02,780.0,780.0,767.0,773.5,-1.09,33499.0,25833871.4,-1,2022-05-02,774.5676440985449,770.7544273998267,3.813216698718179,0
2022-05-04,770.0,773.0,765.1,771.5,-0.26,23016.0,17693150.4,1,2022-05-04,773.9541152788358,770.8329087261608,3.121206552675062,0
2022-05-05,762.0,770.0,747.5,764.0,-0.97,89146.0,67361636.7,1,2022-05-05,771.9632922230687,770.1136551760386,1.8496370470301144,0
2022-05-08,751.0,765.0,750.0,765.0,0.13,48636.0,36790867.7,1,2022-05-08,770.570633778455,769.575375683824,0.9952580946310263,0
2022-05-09,780.3,780.3,750.0,774.0,1.18,65468.0,50489591.3,-1,2022-05-09,771.256507022764,770.0411256118425,1.215381410921509,0
2022-05-10,777.0,785.0,770.0,785.0,1.42,25257.0,19672533.2,1,2022-05-10,774.0052056182112,771.6157439684907,2.389461649720488,0
2022-05-11,794.0,800.0,785.0,792.0,0.89,60355.0,47844200.8,-1,2022-05-11,777.604164494569,773.7614551297022,3.842709364866778,0
2022-05-12,800.0,819.0,790.1,808.0,2.02,69720.0,55972819.3,1,2022-05-12,783.6833315956552,777.3655124844704,6.317819111184804,0
2022-05-17,808.0,814.0,775.0,775.0,-4.08,64901.0,51032588.1,-1,2022-05-17,781.9466652765242,777.1165111703156,4.830154106208624,0
2022-05-18,780.0,789.0,771.0,786.0,1.42,27047.0,21033118.7,1,2022-05-18,782.7573322212195,778.0516152576507,4.7057169635687615,0
2022-05-19,794.0,794.0,777.0,781.0,-0.64,29672.0,23247547.3,-1,2022-05-19,782.4058657769757,778.3619715463191,4.043894230656633,0
2022-05-20,780.0,785.0,776.0,780.0,-0.13,14791.0,11542676.6,0,2022-05-20,781.9246926215806,778.5343955940749,3.390297027505653,0
2022-05-23,785.0,785.0,760.0,764.2,-2.03,38586.0,29522285.1,-1,2022-05-23,778.3797540972645,777.0255118473302,1.3542422499342592,0
2022-05-24,760.0,773.0,750.0,768.0,0.5,22335.0,17093132.1,1,2022-05-24,776.3038032778117,776.075457968664,0.22834530914769857,0
2022-05-25,783.0,783.0,770.0,775.0,0.91,20264.0,15717649.5,-1,2022-05-25,776.0430426222493,775.9622518666994,0.08079075554996962,0
2022-05-26,790.5,790.5,774.0,781.5,0.84,22046.0,17182885.5,-1,2022-05-26,777.1344340977996,776.5451727228364,0.5892613749632574,0
2022-05-27,785.0,785.0,770.0,772.0,-1.22,35663.0,27567460.2,-1,2022-05-27,776.1075472782397,776.0667334888536,0.04081378938610669,0
2022-05-30,787.4,787.4,750.0,760.0,-1.55,53026.0,40208618.1,-1,2022-05-30,772.8860378225918,774.3754983847638,-1.4894605621719847,-1
2022-05-31,770.0,770.0,748.0,752.7,-0.96,71623.0,53798800.7,-1,2022-05-31,768.8488302580736,772.0938669758414,-3.245036717767789,0
2022-06-01,750.0,763.0,748.0,759.9,0.96,42503.0,32041704.8,1,2022-06-01,767.059064206459,770.810302031016,-3.7512378245570517,0
2022-06-02,760.0,760.0,741.0,744.5,-2.03,87718.0,65460889.8,-1,2022-06-02,762.5472513651672,768.0407965540669,-5.493545188899702,0
2022-06-03,745.0,757.0,728.1,739.0,-0.74,84842.0,62355688.0,-1,2022-06-03,757.8378010921338,764.9838706010072,-7.146069508873438,0
2022-06-06,744.0,746.0,724.0,727.0,-1.62,92806.0,67694641.6,-1,2022-06-06,751.670240873707,760.9855684324801,-9.315327558773106,0
2022-06-07,728.0,729.0,700.0,708.9,-2.49,86403.0,61188683.2,-1,2022-06-07,743.1161926989656,755.5028770185348,-12.386684319569213,0
2022-06-08,700.0,732.0,700.0,723.0,1.99,58996.0,42387230.9,1,2022-06-08,739.0929541591726,752.0815215428995,-12.988567383726945,0
2022-06-09,720.0,731.7,715.0,716.0,-0.97,43462.0,31458526.3,-1,2022-06-09,734.4743633273381,748.2834666436469,-13.809103316308779,0
2022-06-10,730.3,730.3,700.0,716.0,0.0,42734.0,30241773.5,-1,2022-06-10,730.7794906618706,744.8852069969472,-14.105716335076636,0
2022-06-13,716.0,716.0,705.0,709.5,-0.91,34498.0,24507678.3,-1,2022-06-13,726.5235925294965,741.1604483656895,-14.636855836193035,0
2022-06-14,706.0,710.0,701.0,703.2,-0.89,33384.0,23532141.3,-1,2022-06-14,721.8588740235972,737.1646116956169,-15.305737672019745,0
2022-06-15,717.2,717.2,691.9,704.0,0.11,63277.0,44133477.1,-1,2022-06-15,718.2870992188778,733.6735999381835,-15.386500719305786,0
2022-06-16,704.0,707.9,690.0,697.4,-0.94,51244.0,35723383.7,-1,2022-06-16,714.1096793751022,729.8553262604801,-15.745646885377823,0
2022-06-17,700.0,705.0,690.0,695.0,-0.34,32624.0,22622428.4,-1,2022-06-17,710.2877435000818,726.1863445488506,-15.898601048768796,0
2022-06-19,699.0,699.0,680.2,682.0,-1.87,47112.0,32414390.4,-1,2022-06-19,704.6301948000654,721.5351503858137,-16.904955585748326,0
2022-06-20,680.0,680.0,671.1,674.4,-1.11,64703.0,43573844.6,-1,2022-06-20,698.5841558400523,716.5735556083597,-17.989399768307408,0
2022-06-21,680.0,693.6,670.3,685.0,1.57,46893.0,31847791.5,1,2022-06-21,695.8673246720418,713.2500234390586,-17.38269876701679,0
2022-06-22,685.0,685.0,669.5,670.0,-2.19,36984.0,24938602.3,-1,2022-06-22,690.6938597376335,708.6973893928418,-18.003529655208354,0
2022-06-23,670.0,670.0,646.5,652.9,-2.55,63783.0,41559492.7,-1,2022-06-23,683.1350877901068,702.8239799830691,-19.68889219296227,0
2022-06-24,648.0,670.0,634.0,659.0,0.93,31888.0,20757296.4,1,2022-06-24,678.3080702320856,698.2109294585355,-19.90285922644989,0
2022-06-26,672.0,686.0,662.0,686.0,4.1,75516.0,50874300.2,1,2022-06-26,679.8464561856686,696.9255684629002,-17.079112277231616,0
2022-06-27,691.0,693.0,676.0,678.0,-1.17,46048.0,31489836.4,-1,2022-06-27,679.4771649485349,694.9334033615422,-15.456238413007327,0
2022-06-28,665.1,679.0,665.1,672.5,-0.81,15590.0,10475976.6,1,2022-06-28,678.081731958828,692.5719924813799,-14.490260522551921,0
2022-06-29,675.0,680.0,664.0,679.0,0.97,21950.0,14830151.4,1,2022-06-29,678.2653855670624,691.1433616938663,-12.877976126803901,0
2022-06-30,682.0,698.7,680.0,698.7,2.9,51903.0,35835390.9,1,2022-06-30,682.3523084536499,691.9387973050383,-9.586488851388367,0
2022-07-01,701.0,705.0,687.0,689.9,-1.26,65273.0,45132655.0,-1,2022-07-01,683.86184676292,691.7241870624027,-7.862340299482753,0
2022-07-03,690.0,718.0,680.0,718.0,4.07,99723.0,68908574.2,1,2022-07-03,690.689477410336,694.4900621084656,-3.800584698129569,0
2022-07-04,720.0,734.0,699.0,704.0,-1.95,140168.0,100647859.2,-1,2022-07-04,693.3515819282688,695.4911082023114,-2.1395262740425096,0
2022-07-05,704.0,713.0,690.0,690.0,-1.99,50002.0,34827117.6,-1,2022-07-05,692.681265542615,694.9130968125944,-2.2318312699793523,0
2022-07-06,690.0,693.0,676.2,689.0,-0.14,42283.0,29025276.9,-1,2022-07-06,691.9450124340922,694.2906655691634,-2.3456531350711884,0
2022-07-07,702.0,710.0,680.0,685.0,-0.58,38738.0,26611172.3,-1,2022-07-07,690.5560099472738,693.3127007724092,-2.756690825135479,0
2022-07-08,685.0,687.0,664.3,668.0,-2.48,45733.0,30725228.8,-1,2022-07-08,686.0448079578191,690.6482059542609,-4.6033979964417995,0
2022-07-11,662.0,662.0,640.0,648.0,-2.99,134434.0,87145321.7,-1,2022-07-11,678.4358463662553,686.1589211169703,-7.723074750715,0
2022-07-12,648.0,660.0,646.0,657.0,1.39,53503.0,35028276.3,1,2022-07-12,674.1486770930043,683.0895609993945,-8.94088390639024,0
2022-07-13,657.0,680.0,657.0,680.0,3.5,124370.0,83391813.9,1,2022-07-13,675.3189416744034,682.7643440520898,-7.445402377686378,0
2022-07-14,670.0,697.8,667.1,694.0,2.06,448553.0,301886738.5,1,2022-07-14,679.0551533395228,683.9470446781856,-4.891891338662845,0
2022-07-15,694.0,704.0,688.0,696.0,0.29,44293.0,30796694.2,1,2022-07-15,682.4441226716183,685.215776817324,-2.7716541457057247,0
2022-07-17,709.9,709.9,691.0,703.0,1.01,64978.0,45630844.1,-1,2022-07-17,686.5552981372947,687.0878003102373,-0.5325021729425998,0
2022-07-18,703.0,704.0,695.0,703.0,0.0,48670.0,34068291.0,0,2022-07-18,689.8442385098358,688.7627686986334,1.0814698112023962,1
2022-07-19,709.0,718.0,704.1,713.0,1.42,96528.0,68800235.5,1,2022-07-19,694.4753908078687,691.3140562040404,3.1613346038283225,0
2022-07-20,710.0,720.0,709.0,716.0,0.42,64499.0,46187074.6,1,2022-07-20,698.7803126462951,693.9125766036151,4.867736042680008,0
2022-07-21,730.0,735.0,719.0,722.0,0.84,155068.0,112262850.6,-1,2022-07-21,703.4242501170361,696.869147487445,6.555102629591033,0
2022-07-22,724.0,724.9,712.0,713.0,-1.25,47223.0,33795047.5,-1,2022-07-22,705.3394000936289,698.5671319624508,6.772268131178066,0
2022-07-24,713.0,724.9,706.0,724.0,1.54,86801.0,62181450.4,1,2022-07-24,709.0715200749032,701.2442759664034,7.827244108499826,0
2022-07-25,733.0,734.5,728.0,731.0,0.97,101736.0,74412150.5,-1,2022-07-25,713.4572160599226,704.3764574436241,9.080758616298567,0
2022-07-26,731.1,731.1,708.0,709.0,-3.01,102412.0,73394457.6,-1,2022-07-26,712.5657728479382,704.863146133769,7.7026267141692415,0
2022-07-27,709.0,714.9,701.0,711.0,0.28,54808.0,38840191.1,1,2022-07-27,712.2526182783506,705.509130751267,6.74348752708363,0
2022-07-28,719.9,719.9,705.1,709.0,-0.28,75111.0,53398498.3,-1,2022-07-28,711.6020946226806,705.8765906721862,5.725503950494385,0
2022-07-29,712.0,715.0,706.0,707.9,-0.16,30305.0,21491560.1,-1,2022-07-29,710.8616756981446,706.0895811277455,4.7720945703990765,0
2022-07-31,710.0,731.0,707.0,725.0,2.42,87775.0,63352657.3,1,2022-07-31,713.6893405585157,708.0801515353512,5.609189023164504,0
2022-08-01,730.0,730.0,721.0,722.0,-0.41,60754.0,44154399.8,-1,2022-08-01,715.3514724468125,709.5453987421563,5.806073704656228,0
2022-08-02,730.0,730.0,720.2,720.2,-0.25,44090.0,31879757.1,-1,2022-08-02,716.3211779574501,710.6669357166662,5.654242240783901,0
2022-08-03,720.2,725.0,715.0,715.0,-0.72,50858.0,36562734.2,-1,2022-08-03,716.0569423659601,711.1230477464909,4.933894619469243,0
2022-08-04,719.9,719.9,705.0,706.0,-1.26,58366.0,41331887.3,-1,2022-08-04,714.0455538927682,710.5837795626497,3.4617743301184873,0
2022-08-05,700.0,704.8,695.0,695.5,-1.49,33014.0,23041620.0,-1,2022-08-05,710.3364431142146,708.9960132928971,1.340429821317457,0
2022-08-07,700.0,706.0,695.0,699.0,0.5,41323.0,28874081.3,-1,2022-08-07,708.0691544913718,707.943801367329,0.1253531240428174,0
2022-08-08,712.9,712.9,686.0,694.0,-0.72,47484.0,33054044.9,-1,2022-08-08,705.2553235930975,706.476032802347,-1.2207092092495486,-1
2022-08-09,694.0,695.0,681.0,687.0,-1.01,47705.0,32747308.5,-1,2022-08-09,701.604258874478,704.4259240863105,-2.82166521183251,0
2022-08-10,680.1,683.0,665.1,674.0,-1.89,61587.0,41625686.1,-1,2022-08-10,696.0834070995825,701.2231952351199,-5.139788135537401,0
2022-08-11,665.0,677.0,665.0,669.0,-0.74,44403.0,29792160.9,1,2022-08-11,690.6667256796661,697.8312799472126,-7.164554267546464,0
2022-08-14,669.0,669.0,657.0,660.5,-1.27,49791.0,32910480.1,-1,2022-08-14,684.633380543733,693.9016715317165,-9.268290987983505,0
2022-08-15,650.0,666.5,648.0,666.5,0.91,66185.0,43502319.7,1,2022-08-15,681.0067044349864,691.0172850546937,-10.010580619707298,0
2022-08-16,679.8,679.8,663.1,664.1,-0.36,59039.0,39346149.3,-1,2022-08-16,677.6253635479892,688.1838866278839,-10.558523079894712,0
2022-08-17,665.0,665.0,657.0,660.0,-0.62,39009.0,25753896.0,-1,2022-08-17,674.1002908383914,685.2171617196857,-11.11687088129429,0
2022-08-18,661.0,673.0,658.0,668.0,1.21,29374.0,19552327.1,1,2022-08-18,672.8802326707132,683.4048289070871,-10.524596236373895,0
2022-08-21,669.9,675.0,665.0,667.0,-0.15,23208.0,15532671.9,-1,2022-08-21,671.7041861365706,681.6780048116043,-9.973818675033726,0
2022-08-22,665.0,665.0,655.0,663.0,-0.6,29684.0,19656947.9,-1,2022-08-22,669.9633489092565,679.7118990419617,-9.74855013270519,0
2022-08-23,667.9,667.9,661.0,662.0,-0.15,13142.0,8705774.5,-1,2022-08-23,668.3706791274052,677.847488616492,-9.476809489086804,0
2022-08-24,670.0,670.0,661.6,664.0,0.3,22672.0,15045337.9,-1,2022-08-24,667.4965433019242,676.3898582358086,-8.893314933884312,0
2022-08-25,665.0,665.7,659.0,659.0,-0.75,33612.0,22244267.1,-1,2022-08-25,665.7972346415395,674.5593468425656,-8.76211220102607,0
2022-08-26,657.0,660.0,652.0,655.0,-0.61,18693.0,12237204.0,-1,2022-08-26,663.6377877132317,672.5004682275586,-8.86268051432694,0
2022-08-28,651.0,655.0,645.1,646.1,-1.36,45482.0,29472789.8,-1,2022-08-28,660.1302301705854,669.7214715720261,-9.591241401440698,0
2022-08-29,645.0,650.0,644.1,649.0,0.45,13292.0,8596725.9,1,2022-08-29,657.9041841364683,667.5402640381285,-9.636079901660196,0
2022-08-30,657.0,658.0,645.3,645.3,-0.57,16576.0,10752450.1,-1,2022-08-30,655.3833473091747,665.1991836130624,-9.815836303887636,0
2022-08-31,650.0,650.0,638.1,638.3,-1.08,27446.0,17631602.2,-1,2022-08-31,651.9666778473397,662.367690601161,-10.401012753821306,0
2022-09-01,638.0,651.0,637.0,641.5,0.5,20303.0,13073432.1,1,2022-09-01,649.8733422778719,660.1710915905124,-10.297749312640576,0
2022-09-02,649.9,650.0,642.0,645.0,0.55,4993.0,3227492.8,-1,2022-09-02,648.8986738222975,658.5741345809847,-9.675460758687223,0
2022-09-04,645.1,652.0,644.5,648.0,0.47,21391.0,13843247.0,1,2022-09-04,648.718939057838,657.4610677829863,-8.74212872514829,0
2022-09-05,639.0,650.0,639.0,647.0,-0.15,19888.0,12865527.2,1,2022-09-05,648.3751512462704,656.3599027531984,-7.984751506927978,0
2022-09-06,647.0,647.5,638.0,642.9,-0.63,10623.0,6821301.4,-1,2022-09-06,647.2801209970164,654.9430708844407,-7.662949887424247,0
2022-09-07,642.0,654.8,630.0,635.0,-1.23,37836.0,23985156.5,-1,2022-09-07,644.8240967976132,652.8438002650258,-8.019703467412683,0
2022-09-08,640.0,641.0,626.0,630.9,-0.65,29046.0,18308336.6,-1,2022-09-08,642.0392774380905,650.5339265529178,-8.494649114827325,0
2022-09-11,627.0,634.9,627.0,630.0,-0.14,17208.0,10836637.3,1,2022-09-11,639.6314219504724,648.372460599979,-8.741038649506663,0
2022-09-12,627.0,630.0,626.0,627.1,-0.46,19410.0,12162069.6,1,2022-09-12,637.1251375603779,646.1332542210339,-9.008116660656015,0
2022-09-13,635.0,635.0,631.0,633.0,0.94,21945.0,13895104.8,-1,2022-09-13,636.3001100483024,644.7508064082936,-8.450696359991184,0
2022-09-14,635.0,650.0,635.0,650.0,2.69,18053.0,11666105.0,1,2022-09-14,639.0400880386419,645.3033531021574,-6.263265063515519,0
2022-09-15,653.0,653.0,628.1,630.0,-3.08,41415.0,26266552.5,-1,2022-09-15,637.2320704309136,643.6924738282461,-6.46040339733247,0
2022-09-16,621.0,629.9,618.0,627.0,-0.48,19072.0,11919312.7,1,2022-09-16,635.1856563447309,641.9353713200096,-6.749714975278721,0
2022-09-18,620.1,626.9,617.0,617.1,-1.58,38395.0,23846911.9,-1,2022-09-18,631.5685250757847,639.3211217073771,-7.752596631592382,0
2022-09-20,620.0,620.0,602.0,603.1,-2.27,34869.0,21139720.02,-1,2022-09-20,625.8748200606278,635.508372053969,-9.633551993341143,0
2022-09-21,615.0,615.0,605.0,610.0,1.14,23401.0,14328316.2,-1,2022-09-21,622.6998560485023,632.8232802588144,-10.123424210312123,0
2022-09-22,620.8,620.8,609.0,613.9,0.64,7862.0,4806343.7,-1,2022-09-22,620.9398848388018,630.8313560210445,-9.89147118224264,0
2022-09-25,618.0,620.0,600.3,604.3,-1.56,30846.0,18688918.1,-1,2022-09-25,617.6119078710415,628.0385817030398,-10.4266738319983,0
2022-09-27,610.0,618.0,605.1,609.0,0.78,19390.0,11844853.5,-1,2022-09-27,615.8895262968332,626.0345204711409,-10.144994174307726,0
2022-09-28,609.0,617.0,608.0,612.0,0.49,16060.0,9834718.5,1,2022-09-28,615.1116210374665,624.5572025268103,-9.445581489343795,0
2022-09-29,612.0,623.0,605.2,618.3,1.03,26572.0,16300959.1,1,2022-09-29,615.7492968299732,623.8985496292514,-8.149252799278202,0
2022-10-09,629.0,632.0,614.0,632.0,2.22,24888.0,15454855.3,1,2022-10-09,618.9994374639786,624.7513338788038,-5.751896414825296,0
2022-10-10,633.7,633.7,613.0,621.4,-1.68,18776.0,11636983.0,-1,2022-10-10,619.4795499711829,624.3985618915613,-4.919011920378352,0
2022-10-11,620.0,621.0,608.6,609.0,-2.0,19681.0,12006407.8,-1,2022-10-11,617.3836399769464,622.7776606398179,-5.394020662871526,0
2022-10-12,610.0,617.7,607.3,612.5,0.57,17812.0,10873156.7,1,2022-10-12,616.4069119815572,621.6958016251002,-5.28888964354303,0
2022-10-13,610.0,615.0,606.0,612.0,-0.08,25259.0,15411972.3,1,2022-10-13,615.5255295852457,620.6751909277212,-5.149661342475497,0
2022-10-16,620.0,620.0,608.0,609.9,-0.34,14547.0,8864682.3,-1,2022-10-16,614.4004236681966,619.5409603037506,-5.140536635553985,0
2022-10-17,612.0,614.0,610.0,610.0,0.02,9862.0,6030662.8,-1,2022-10-17,613.5203389345572,618.5366486928294,-5.0163097582722,0
2022-10-19,615.0,618.0,610.0,615.1,0.84,23531.0,14412154.2,1,2022-10-19,613.8362711476458,618.1748961988475,-4.338625051201689,0
2022-10-20,615.0,620.0,612.5,615.9,0.13,21739.0,13388024.9,1,2022-10-20,614.2490169181167,617.935433441074,-3.686416522957302,0
2022-10-23,617.0,624.9,616.0,618.0,0.34,9212.0,5690098.1,1,2022-10-23,614.9992135344934,617.9422299209609,-2.943016386467548,0
2022-10-31,629.9,664.0,629.9,660.0,6.8,95003.0,61721232.6,1,2022-10-31,623.9993708275947,622.3693636134914,1.6300072141033297,1
2022-11-01,665.0,702.0,661.0,695.0,5.3,97337.0,66560215.4,1,2022-11-01,638.1994966620757,630.0146937594396,8.18480290263608,0
2022-11-02,700.0,702.0,684.0,693.6,-0.2,52344.0,36410432.7,-1,2022-11-02,649.2795973296606,636.707883890025,12.571713439635687,0
2022-11-03,690.0,691.0,678.0,684.0,-1.38,46344.0,31716708.7,-1,2022-11-03,656.2236778637287,641.6860013752855,14.53767648844314,0
2022-11-06,690.0,693.0,678.1,689.0,0.73,45183.0,31016389.0,-1,2022-11-06,662.778942290983,646.6664222831502,16.112520007832813,0
2022-11-07,698.0,698.0,678.0,678.0,-1.6,50047.0,34318453.5,-1,2022-11-07,665.8231538327864,649.964693621766,15.858460211020429,0
2022-11-08,676.0,680.0,674.0,676.1,-0.28,29430.0,19926154.9,1,2022-11-08,667.8785230662291,652.7157785036852,15.162744562543935,0
2022-11-09,685.0,685.0,669.1,670.0,-0.9,24540.0,16520119.3,-1,2022-11-09,668.3028184529834,654.5351702401393,13.767648212844051,0
2022-11-10,672.0,675.0,660.0,660.1,-1.48,38406.0,25559451.9,-1,2022-11-10,666.6622547623867,655.1209417938089,11.541312968577813,0
2022-11-13,660.1,667.9,650.0,660.0,-0.02,19746.0,13026486.6,-1,2022-11-13,665.3298038099094,655.6345268681449,9.695276941764519,0
2022-11-14,660.0,671.0,657.0,669.0,1.36,30779.0,20337336.0,1,2022-11-14,666.0638430479275,657.0414187767612,9.022424271166301,0
2022-11-15,680.0,680.0,661.0,665.0,-0.6,23607.0,15778546.2,-1,2022-11-15,665.851074438342,657.8791641686811,7.9719102696609525,0
2022-11-16,666.0,685.0,665.0,680.0,2.26,23582.0,16001360.9,1,2022-11-16,668.6808595506736,660.2076732035567,8.473186347116894,0
2022-11-17,692.0,692.0,685.0,688.0,1.18,30365.0,20906729.1,-1,2022-11-17,672.544687640539,663.1331812873929,9.411506353146137,0
2022-11-22,699.7,700.0,686.0,686.0,-0.29,22019.0,15249797.9,-1,2022-11-22,675.2357501124312,665.5402148360884,9.695535276342866,0
2022-11-23,686.0,690.0,681.2,683.0,-0.44,11745.0,8039715.2,-1,2022-11-23,676.788600089945,667.3780869586053,9.410513131339712,0
2022-11-24,685.0,690.0,680.0,690.0,1.02,42892.0,29306669.2,1,2022-11-24,679.430880071956,669.7593409629627,9.67153910899333,0
2022-11-27,695.0,700.0,685.2,699.0,1.3,33586.0,23326120.4,1,2022-11-27,683.344704057565,672.8373050721245,10.507398985440432,0
2022-11-28,700.0,705.8,686.5,689.0,-1.43,52802.0,36603806.7,-1,2022-11-28,684.4757632460521,674.5386413803219,9.937121865730205,0
2022-11-29,680.0,694.0,678.0,688.2,-0.12,24057.0,16536991.1,1,2022-11-29,685.2206105968417,675.9766791297618,9.243931467079847,0
2022-11-30,684.0,699.0,684.0,697.0,1.28,24065.0,16724531.8,1,2022-11-30,687.5764884774733,678.1896602739974,9.38682820347583,0
2022-12-01,695.0,723.0,693.1,711.5,2.08,57322.0,40652219.1,1,2022-12-01,692.3611907819786,681.6960118241029,10.665178957875696,0
2022-12-04,711.5,720.0,710.0,712.9,0.2,46294.0,33160505.5,1,2022-12-04,696.4689526255829,684.9806421584078,11.488310467175097,0
2022-12-05,712.0,712.0,697.8,698.0,-2.09,35135.0,24771426.2,-1,2022-12-05,696.7751621004663,686.3511008785755,10.424061221890838,0
2022-12-06,700.0,705.0,692.0,693.0,-0.72,50730.0,35345246.9,-1,2022-12-06,696.0201296803731,687.0509849966202,8.969144683752916,0
2022-12-07,686.0,699.0,686.0,688.3,-0.68,36633.0,25243646.5,1,2022-12-07,694.4761037442985,687.1824602601339,7.2936434841645905,0
2022-12-11,675.0,685.0,670.1,670.1,-2.64,57943.0,39248832.9,-1,2022-12-11,689.6008829954388,685.3843065485408,4.216576446897989,0
2022-12-12,666.0,679.9,660.0,679.0,1.33,61536.0,41279677.3,1,2022-12-12,687.480706396351,684.7122742802734,2.7684321160776335,0
2022-12-13,679.0,688.0,674.0,676.3,-0.4,26409.0,17928323.4,-1,2022-12-13,685.2445651170808,683.8267717244552,1.41779339262564,0
2022-12-14,672.0,717.0,672.0,675.1,-0.18,16910.0,11514877.6,1,2022-12-14,683.2156520936646,682.9081641745125,0.30748791915209495,0
2022-12-15,672.0,678.9,670.1,672.0,-0.46,15343.0,10340985.7,0,2022-12-15,680.9725216749317,681.7599363666691,-0.7874146917373537,-1
2022-12-18,665.0,670.0,661.1,665.0,-1.04,25597.0,16977284.8,0,2022-12-18,677.7780173399454,679.9957325385986,-2.2177151986531953,0
2022-12-19,665.0,670.0,661.3,665.2,0.03,11080.0,7382941.0,1,2022-12-19,675.2624138719564,678.4382870082198,-3.1758731362634762,0
2022-12-20,667.0,680.0,666.0,673.0,1.17,14011.0,9456005.9,1,2022-12-20,674.8099310975651,677.8658357441967,-3.055904646631575,0
2022-12-21,660.0,682.0,660.0,667.3,-0.85,175719.0,118246001.1,1,2022-12-21,673.3079448780521,676.7536425079655,-3.445697629913411,0
2022-12-22,654.0,666.0,654.0,665.2,-0.31,86046.0,56965324.5,1,2022-12-22,671.6863559024418,675.5374696123903,-3.851113709948436,0
2022-12-26,673.0,695.0,670.2,694.0,4.33,100520.0,68723509.4,1,2022-12-26,676.1490847219536,677.4808938637177,-1.3318091417640971,0
2022-12-27,700.0,710.0,696.0,700.1,0.88,143766.0,101220431.0,1,2022-12-27,680.9392677775629,679.861852404379,1.0774153731839533,1
2022-12-28,702.0,706.0,689.0,689.0,-1.59,79579.0,55485563.9,-1,2022-12-28,682.5514142220504,680.8237626776022,1.7276515444482357,0
2022-12-29,702.0,726.0,689.0,722.2,4.82,135700.0,96658165.2,1,2022-12-29,690.4811313776404,685.1791560799599,5.301975297680542,0
2023-01-01,727.0,750.0,723.0,738.0,2.19,136249.0,100383387.4,1,2023-01-01,699.9849051021124,690.7392449136482,9.245660188464171,0
2023-01-02,738.0,772.8,725.0,765.0,3.66,146722.0,111455088.3,1,2023-01-02,712.9879240816899,698.5561665016852,14.431757580004728,0
2023-01-03,775.0,775.0,755.0,767.9,0.38,125746.0,96695094.8,-1,2023-01-03,723.970339265352,705.8555173962446,18.114821869107345,0
2023-01-04,760.0,797.0,760.0,784.0,2.1,100499.0,77942870.9,1,2023-01-04,735.9762714122817,714.0812524071662,21.8950190051155,0
2023-01-05,799.6,805.0,778.0,790.0,0.77,150073.0,118444306.0,-1,2023-01-05,746.7810171298254,722.0726995222013,24.708317607624053,0
2023-01-08,789.0,803.0,784.0,790.1,0.01,100573.0,80126145.2,1,2023-01-08,755.4448137038603,729.2334679935486,26.21134571031166,0
2023-01-09,790.0,821.0,781.0,804.0,1.76,208228.0,167866818.1,1,2023-01-09,765.1558509630884,737.1036292573856,28.052221705702777,0
2023-01-10,811.0,835.0,796.0,805.0,0.12,205989.0,167243233.8,-1,2023-01-10,773.1246807704707,744.250615651345,28.874065119125703,0
2023-01-12,821.1,828.0,801.1,803.0,-0.25,157664.0,127827710.0,-1,2023-01-12,779.0997446163766,750.434761372256,28.66498324412055,0
2023-01-17,819.0,820.0,796.1,816.3,1.66,99350.0,80485774.6,-1,2023-01-17,786.5397956931013,757.3679443857027,29.171851307398583,0
2023-01-18,820.0,825.0,804.0,811.0,-0.65,94624.0,77149905.9,-1,2023-01-18,791.4318365544812,763.0134239240498,28.418412630431362,0
2023-01-19,811.0,850.0,804.1,845.0,4.19,216337.0,180444653.5,1,2023-01-19,802.145469243585,771.6435898267814,30.501879416803604,0
2023-01-23,861.9,861.9,831.0,835.0,-1.18,151120.0,127577972.5,-1,2023-01-23,808.716375394868,778.3126856344886,30.403689760379393,0
2023-01-24,849.5,850.0,825.1,832.0,-0.36,90781.0,75309260.2,-1,2023-01-24,813.3731003158945,783.9639818834899,29.409118432404625,0
2023-01-25,844.9,844.9,823.0,825.0,-0.84,72897.0,60387897.7,-1,2023-01-25,815.6984802527156,788.2835627378594,27.414917514856256,0
2023-01-26,832.0,833.5,818.0,824.0,-0.12,76729.0,63437273.0,-1,2023-01-26,817.3587842021725,792.0431877128215,25.315596489351037,0
2023-01-29,823.0,833.6,820.0,826.0,0.24,86314.0,71318301.1,1,2023-01-29,819.0870273617381,795.6175890062086,23.46943835552952,0
2023-01-30,820.0,830.0,810.5,811.9,-1.71,92484.0,75752768.3,-1,2023-01-30,817.6496218893906,797.331527005555,20.318094883835556,0
2023-01-31,815.0,820.0,803.6,808.5,-0.42,87591.0,71083403.6,-1,2023-01-31,815.8196975115126,798.5071557418123,17.31254176970026,0
2023-02-01,802.0,823.0,802.0,815.1,0.82,58462.0,47607453.9,1,2023-02-01,815.6757580092101,800.2537709268846,15.421987082325472,0
2023-02-02,815.1,825.0,802.0,810.4,-0.58,67366.0,55040183.5,-1,2023-02-02,814.6206064073682,801.3217950398441,13.298811367524081,0
2023-02-05,811.0,825.0,811.0,817.0,0.81,71506.0,58516096.4,1,2023-02-05,815.0964851258946,802.9721324040711,12.12435272182347,0
2023-02-06,805.1,831.0,805.1,828.0,1.35,78309.0,64573061.2,1,2023-02-06,817.6771881007157,805.6066447825899,12.070543318125829,0
2023-02-07,815.1,839.5,815.1,835.0,0.85,154737.0,129242726.9,1,2023-02-07,821.1417504805727,808.7006821738962,12.44106830667647,0
2023-02-08,848.6,852.0,834.0,835.0,0.0,97610.0,81880515.4,-1,2023-02-08,823.9134003844582,811.4690314187492,12.444368965709032,0
2023-02-09,834.0,841.8,830.0,840.0,0.6,49992.0,41759853.3,1,2023-02-09,827.1307203075667,814.4722912694072,12.658429038159511,0
2023-02-12,825.0,835.0,817.0,820.9,-2.27,93577.0,77125437.0,-1,2023-02-12,825.8845762460535,815.148892188417,10.73568405763649,0
2023-02-14,817.1,821.0,810.2,815.5,-0.66,84726.0,69070448.3,-1,2023-02-14,823.8076609968429,815.1858509054258,8.621810091417046,0
2023-02-15,810.1,821.0,810.1,817.0,0.18,57530.0,46905929.6,1,2023-02-15,822.4461287974743,815.3768139680126,7.069314829461746,0
2023-02-16,810.0,818.0,810.0,811.5,-0.67,45965.0,37384423.4,1,2023-02-16,820.2569030379796,814.9687282871691,5.288174750810413,0
2023-02-20,809.0,819.9,798.0,815.0,0.43,68598.0,55591201.5,1,2023-02-20,819.2055224303837,814.9720200464145,4.233502383969153,0
2023-02-22,821.0,821.0,808.0,818.0,0.37,55398.0,45217636.9,-1,2023-02-22,818.964417944307,815.2907547783708,3.6736631659362047,0
2023-02-23,808.0,815.0,803.4,814.0,-0.49,98136.0,79641532.0,1,2023-02-23,817.9715343554456,815.1548858543317,2.816648501113832,0
2023-02-26,810.1,815.0,793.8,810.0,-0.49,98067.0,78667922.7,-1,2023-02-26,816.3772274843565,814.6122662907179,1.7649611936385554,0
2023-02-27,810.0,820.0,801.1,812.0,0.25,62896.0,50828934.7,1,2023-02-27,815.5017819874852,814.337290891695,1.1644910957901402,0
2023-02-28,801.0,815.5,801.0,811.5,-0.06,37309.0,30300347.2,1,2023-02-28,814.7014255899883,814.0386286925692,0.6627968974190708,0
2023-03-01,805.1,815.0,804.1,806.0,-0.68,40211.0,32483338.3,1,2023-03-01,812.9611404719907,813.1924572512462,-0.23131677925550775,-1
2023-03-02,806.0,806.0,798.1,800.0,-0.74,54595.0,43729649.1,-1,2023-03-02,810.3689123775926,811.8037775405887,-1.434865162996175,0
2023-03-05,813.0,813.0,792.2,794.0,-0.75,32917.0,26192401.9,-1,2023-03-05,807.0951299020742,809.929695694211,-2.8345657921368,0
2023-03-07,795.0,801.0,788.0,796.0,0.25,38109.0,30219184.5,1,2023-03-07,804.8761039216595,808.4634119369256,-3.587308015266103,0
2023-03-09,791.0,810.0,791.0,808.0,1.51,28688.0,23110049.9,1,2023-03-09,805.5008831373276,808.4146317330387,-2.9137485957111267,0
2023-03-12,820.0,822.0,797.0,798.0,-1.24,31706.0,25407342.8,-1,2023-03-12,804.0007065098622,807.3183547085083,-3.3176481986461113,0
2023-03-13,800.0,813.0,776.9,777.0,-2.63,79814.0,62456745.3,-1,2023-03-13,798.6005652078898,804.126948949718,-5.5263837418282264,0
2023-03-14,782.8,790.0,757.0,764.0,-1.67,136733.0,104824125.2,-1,2023-03-14,791.6804521663119,799.9030595865898,-8.222607420277996,0
2023-03-15,772.0,772.0,739.0,748.0,-2.09,138593.0,103522033.1,-1,2023-03-15,782.9443617330495,794.4395796301067,-11.49521789705716,0
2023-03-16,755.0,755.0,736.1,750.0,0.27,66560.0,49492619.8,-1,2023-03-16,776.3554893864397,789.761729142727,-13.406239756287277,0
2023-03-19,755.0,755.0,739.0,742.0,-1.07,53939.0,40084482.0,-1,2023-03-19,769.4843915091518,784.7341787066504,-15.249787197498563,0
2023-03-20,749.0,749.0,731.1,738.0,-0.54,84134.0,61995922.8,-1,2023-03-20,763.1875132073216,779.8147914743713,-16.627278267049746,0
2023-03-22,740.1,740.1,721.0,723.0,-2.03,113311.0,82495494.5,-1,2023-03-22,755.1500105658573,773.8342871086479,-18.6842765427906,0
2023-03-23,729.0,729.0,666.5,686.0,-5.12,314524.0,217464868.1,-1,2023-03-23,741.3200084526859,764.5885726761587,-23.268564223472822,0
2023-03-26,686.0,697.9,680.0,687.0,0.15,115245.0,79519557.9,1,2023-03-26,730.4560067621487,756.4213544997209,-25.965347737572188,0
2023-03-27,680.0,695.0,675.3,695.0,1.16,57816.0,39597344.5,1,2023-03-27,723.364805409719,749.9559487629082,-26.59114335318918,0
2023-03-28,708.0,708.0,688.0,689.0,-0.86,62508.0,43673517.3,-1,2023-03-28,716.4918443277752,743.5395331036547,-27.047688775879465,0
2023-03-29,690.0,694.0,687.0,689.0,0.0,51749.0,35695866.1,-1,2023-03-29,710.9934754622202,737.7985296190594,-26.80505415683922,0
2023-03-30,700.0,700.0,689.0,690.8,0.26,30902.0,21357616.1,-1,2023-03-30,706.9547803697761,732.851315974948,-25.896535605171835,0
2023-04-02,703.0,719.1,689.0,692.0,0.17,72783.0,50562485.3,-1,2023-04-02,703.9638242958209,728.5511774512693,-24.58735315544834,0
2023-04-03,704.9,704.9,686.0,690.0,-0.29,42504.0,29319710.1,-1,2023-04-03,701.1710594366567,724.4931587721883,-23.32209933553156,0
2023-04-04,700.0,700.0,685.0,696.6,0.96,47314.0,32814535.8,-1,2023-04-04,700.2568475493255,721.5570367961685,-21.300189246843047,0
2023-04-05,699.0,700.0,691.0,696.2,-0.06,26748.0,18613374.6,-1,2023-04-05,699.4454780394605,718.8878750281507,-19.442396988690234,0
2023-04-06,705.0,705.0,693.0,697.0,0.11,30695.0,21392697.0,-1,2023-04-06,698.9563824315684,716.5838881830822,-17.62750575151381,0
2023-04-09,697.0,698.0,690.0,693.0,-0.57,35930.0,24855264.0,-1,2023-04-09,697.7651059452547,714.1013736374946,-16.336267692239858,0
2023-04-10,688.0,695.9,688.0,693.0,0.0,39095.0,27027964.7,1,2023-04-10,696.8120847562038,711.8801764124952,-15.068091656291358,0
2023-04-11,700.0,704.0,692.3,697.5,0.65,24498.0,17102421.1,-1,2023-04-11,696.949667804963,710.3664736322326,-13.416805827269513,0
2023-04-12,704.0,735.0,704.0,730.0,4.66,87390.0,62950442.3,1,2023-04-12,703.5597342439704,712.4331606183134,-8.873426374343012,0
2023-04-13,735.0,740.0,719.0,722.0,-1.1,73696.0,53516887.5,-1,2023-04-13,707.2477873951764,713.4401963427015,-6.192408947525109,0
2023-04-16,730.0,766.0,721.0,733.0,1.52,50033.0,36498750.7,1,2023-04-16,712.3982299161412,715.4991230434697,-3.1008931273285043,0
2023-04-17,730.0,738.0,727.4,728.0,-0.68,42664.0,31156743.4,-1,2023-04-17,715.518583932913,716.8150048283676,-1.2964208954546166,0
2023-04-18,726.0,739.0,722.1,735.0,0.96,36250.0,26578451.9,1,2023-04-18,719.4148671463304,718.7292148464342,0.6856522998962191,1
2023-04-19,741.8,742.0,731.0,740.7,0.78,43290.0,31856534.8,-1,2023-04-19,723.6718937170643,721.0419290731253,2.629964643939047,0
2023-04-20,755.5,755.5,729.0,734.0,-0.9,78369.0,57543425.2,-1,2023-04-20,725.7375149736515,722.4059365391122,3.331578434539324,0
2023-04-23,735.0,736.0,722.2,723.0,-1.5,32862.0,23896535.1,-1,2023-04-23,725.1900119789212,722.468469534995,2.7215424439261824,0
2023-04-24,724.0,724.0,717.0,717.0,-0.83,26276.0,18900536.4,-1,2023-04-24,723.552009583137,721.8928411628904,1.6591684202466013,0
2023-04-25,724.9,735.0,718.0,735.0,2.51,23019.0,16694990.5,1,2023-04-25,725.8416076665096,723.2725420931124,2.5690655733972108,0
2023-04-26,735.0,736.0,724.0,724.0,-1.5,32344.0,23689485.5,-1,2023-04-26,725.4732861332077,723.3491166096269,2.124169523580804,0
2023-04-27,725.0,726.5,720.0,725.0,0.14,19375.0,13995842.8,0,2023-04-27,725.3786289065662,723.5228938086135,1.8557350979526746,0
2023-04-30,726.0,736.6,717.1,720.0,-0.69,15050.0,10875452.7,-1,2023-04-30,724.302903125253,723.152062881391,1.150840243862035,0
2023-05-02,729.0,729.0,714.0,714.0,-0.83,18441.0,13206469.3,-1,2023-05-02,722.2423225002024,722.1886878412446,0.05363465895777608,0
2023-05-03,715.0,715.0,710.1,712.6,-0.2,14729.0,10489802.8,-1,2023-05-03,720.3138580001619,721.1793522790083,-0.8654942788464268,-1
2023-05-04,720.0,723.0,707.0,717.0,0.62,22581.0,16085319.3,-1,2023-05-04,719.6510864001295,720.7394204601653,-1.088334060035777,0
2023-05-07,717.0,723.0,709.2,714.9,-0.29,21718.0,15470632.2,-1,2023-05-07,718.7008691201037,720.1247446222532,-1.4238755021494853,0
2023-05-08,712.0,719.0,706.5,708.0,-0.97,27837.0,19722203.9,-1,2023-05-08,716.5606952960829,718.8484557146476,-2.2877604185646305,0
2023-05-09,708.2,720.0,700.1,711.9,0.55,20728.0,14742185.0,1,2023-05-09,715.6285562368664,718.1170393236321,-2.4884830867656547,0
2023-05-10,719.0,719.0,709.0,709.0,-0.41,17826.0,12671947.4,-1,2023-05-10,714.3028449894932,717.157350973776,-2.8545059842828095,0
2023-05-11,709.9,711.9,707.0,709.0,0.0,22977.0,16283908.3,-1,2023-05-11,713.2422759915946,716.2986824502207,-3.056406458626043,0
2023-05-14,717.0,717.0,699.0,699.0,-1.41,65044.0,45754704.9,-1,2023-05-14,710.3938207932758,714.4777685080921,-4.083947714816304,0
2023-05-15,699.1,706.0,693.1,694.6,-0.63,43687.0,30467469.3,-1,2023-05-15,707.2350566346206,712.3853718230298,-5.150315188409195,0
2023-05-16,695.3,704.0,689.3,690.0,-0.66,72505.0,50146361.2,-1,2023-05-16,703.7880453076965,710.0290168942898,-6.240971586593332,0
2023-05-17,690.0,704.5,690.0,700.0,1.45,68132.0,47417924.5,1,2023-05-17,703.0304362461573,708.9733309054172,-5.942894659259991,0
2023-05-18,700.0,709.5,698.1,708.5,1.21,96034.0,67671776.8,1,2023-05-18,704.1243489969258,708.9235065995838,-4.799157602657942,0
2023-05-21,712.0,715.0,705.0,708.0,-0.07,48741.0,34569973.3,-1,2023-05-21,704.8994791975407,708.826295378575,-3.926816181034269,0
2023-05-22,708.0,709.9,700.0,705.9,-0.3,68416.0,48339819.3,-1,2023-05-22,705.0995833580325,708.5182642860934,-3.418680928060894,0
2023-05-23,712.0,724.0,710.0,721.0,2.14,100970.0,72361213.4,1,2023-05-23,708.2796666864261,709.8321312033468,-1.5524645169206224,0
2023-05-24,725.0,759.0,717.1,733.5,1.73,37135.0,27137295.2,1,2023-05-24,713.323733349141,712.3234858135208,1.000247535620133,1
2023-05-28,735.0,747.0,723.0,725.2,-1.13,57567.0,42269480.0,-1,2023-05-28,715.6989866793128,713.678908359466,2.020078319846789,0
2023-05-30,721.7,725.0,700.0,715.0,-1.41,66387.0,47329158.1,-1,2023-05-30,715.5591893434503,713.817970637417,1.7412187060332371,0
2023-05-31,710.0,717.0,698.0,703.0,-1.68,86240.0,60669893.6,-1,2023-05-31,713.0473514747603,712.67923688611,0.36811458865031454,0
2023-06-01,710.0,716.0,698.5,713.5,1.49,64360.0,45575460.4,1,2023-06-01,713.1378811798082,712.7656330033615,0.3722481764467602,0
2023-06-04,710.0,735.0,710.0,712.6,-0.13,85849.0,62185019.0,1,2023-06-04,713.0303049438465,712.748197950376,0.2821069934705065,0
2023-06-05,724.9,724.9,712.0,712.1,-0.07,51968.0,37186706.1,-1,2023-06-05,712.8442439550772,712.6799665871786,0.16427736789864866,0
2023-06-06,716.0,720.0,713.1,716.0,0.55,20101.0,14378676.1,0,2023-06-06,713.4753951640619,713.0294437885282,0.4459513755336957,0
2023-06-07,716.0,724.0,715.1,716.5,0.07,35488.0,25567987.7,1,2023-06-07,714.0803161312494,713.3947654949989,0.6855506362505821,0
2023-06-08,715.0,721.9,714.5,719.0,0.35,28350.0,20355617.2,1,2023-06-08,715.0642529049996,713.9847901797359,1.0794627252637383,0
2023-06-11,721.0,735.0,716.2,731.0,1.67,97299.0,70586246.3,1,2023-06-11,718.2514023239997,715.7758648976584,2.4755374263413614,0
2023-06-12,733.0,746.0,733.0,739.0,1.09,57704.0,42661573.5,1,2023-06-12,722.4011218591997,718.2205106979048,4.180611161294905,0
2023-06-13,753.7,753.7,733.0,750.0,1.49,87057.0,65051043.2,-1,2023-06-13,727.9208974873599,721.5657200981253,6.355177389234541,0
2023-06-14,735.0,784.0,735.0,775.0,3.33,142091.0,109270745.6,1,2023-06-14,737.3367179898879,727.1903811404279,10.146336849459999,0
2023-06-15,775.0,778.0,760.0,778.0,0.39,54223.0,41639999.2,1,2023-06-15,745.4693743919104,732.5387620730144,12.93061231889601,0
2023-06-18,785.0,786.0,769.0,778.0,0.0,44461.0,34656631.5,-1,2023-06-18,751.9754995135283,737.324155539013,14.651343974515385,0
2023-06-19,779.0,780.0,767.0,768.2,-1.26,54506.0,42092586.0,-1,2023-06-19,755.2203996108227,740.5742444296432,14.646155181179552,0
2023-06-20,775.0,778.0,755.0,759.0,-1.2,34384.0,26281730.4,-1,2023-06-20,755.9763196886581,742.5137976475755,13.462522041082593,0
2023-06-21,764.0,771.0,750.0,750.0,-1.19,52004.0,39215589.4,-1,2023-06-21,754.7810557509265,743.3018189478307,11.479236803095773,0
2023-06-22,755.0,760.0,743.0,750.0,0.0,63239.0,47486343.6,-1,2023-06-22,753.8248446007412,744.0068906375327,9.817953963208538,0
2023-06-25,750.0,770.0,740.0,769.0,2.53,89107.0,67460152.6,1,2023-06-25,756.859875680593,746.6377442546345,10.222131425958423,0
2023-06-26,782.8,793.0,775.0,787.0,2.34,104175.0,81795086.9,1,2023-06-26,762.8879005444744,750.8864027541467,12.001497790327676,0
2023-06-27,800.0,803.4,785.0,800.3,1.69,74430.0,59353368.7,1,2023-06-27,770.3703204355795,756.0878340431839,14.28248639239564,0
2023-06-28,809.0,814.0,782.0,785.5,-1.85,100750.0,79687806.3,-1,2023-06-28,773.3962563484637,759.1838515123225,14.212404836141218,0
2023-07-02,780.0,795.4,766.0,768.5,-2.16,85825.0,66570866.6,-1,2023-07-02,772.417005078771,760.1644987215516,12.252506357219431,0
2023-07-03,768.5,774.0,761.0,766.0,-0.33,37583.0,28834740.2,-1,2023-07-03,771.133604063017,760.7787620140199,10.354842048997057,0
2023-07-04,770.0,779.0,761.0,770.0,0.52,48521.0,37274891.6,0,2023-07-04,770.9068832504136,761.7494186441231,9.157464606290432,0
2023-07-05,770.1,780.0,766.0,769.4,-0.08,56329.0,43406162.9,-1,2023-07-05,770.6055066003308,762.5547429973734,8.050763602957431,0
2023-07-06,778.9,778.9,761.0,766.0,-0.44,37975.0,29212184.8,-1,2023-07-06,769.6844052802647,762.9174016292288,6.767003651035907,0
2023-07-09,778.9,789.9,772.3,789.0,3.0,43972.0,34319755.9,1,2023-07-09,773.5475242242119,765.6629382998364,7.8845859243755285,0
2023-07-10,794.0,797.0,785.0,788.9,-0.01,61999.0,48997684.0,-1,2023-07-10,776.6180193793696,768.1089447945903,8.509074584779228,0
2023-07-11,790.0,793.9,781.0,783.0,-0.75,37571.0,29557847.0,-1,2023-07-11,777.8944155034957,769.6764242898967,8.21799121359902,0
2023-07-12,790.0,793.5,775.0,780.0,-0.38,49480.0,38696668.2,-1,2023-07-12,778.3155324027966,770.7631164699075,7.552415932889176,0
2023-07-13,790.0,790.0,779.2,781.9,0.24,40669.0,31822025.3,-1,2023-07-13,779.0324259222374,771.9354199993909,7.097005922846506,0
2023-07-16,790.0,796.0,782.0,793.8,1.52,48967.0,38720419.3,1,2023-07-16,781.98594073779,774.2369547362971,7.748986001492881,0
2023-07-17,798.0,807.0,789.0,803.0,1.16,55849.0,44687582.3,1,2023-07-17,786.1887525902321,777.2646437114237,8.924108878808397,0
2023-07-18,809.6,818.0,803.0,810.0,0.87,83521.0,67924379.1,1,2023-07-18,790.9510020721857,780.7104706891686,10.240531383017128,0
2023-07-19,810.0,817.0,800.0,810.0,0.0,181640.0,147082958.6,0,2023-07-19,794.7608016577486,783.7935790376772,10.967222620071425,0
2023-07-20,817.0,818.0,806.2,811.0,0.12,67669.0,54854937.0,-1,2023-07-20,798.008641326199,786.6574128231848,11.351228503014227,0
2023-07-23,820.0,825.1,808.0,822.0,1.36,136053.0,111285459.6,1,2023-07-23,802.8069130609592,790.3776851575864,12.429227903372862,0
2023-07-24,825.0,825.0,806.1,810.0,-1.46,89524.0,72811500.2,-1,2023-07-24,804.2455304487675,792.4431919831036,11.802338465663865,0
2023-07-25,809.9,815.0,793.0,794.5,-1.91,86821.0,69480231.7,-1,2023-07-25,802.2964243590139,792.6596980901453,9.636726268868642,0
2023-07-26,800.0,805.0,788.0,790.1,-0.55,68079.0,54116753.8,-1,2023-07-26,799.8571394872112,792.3902561859195,7.466883301291659,0
2023-07-27,774.3,802.0,774.3,784.0,-0.77,61909.0,48818485.6,1,2023-07-27,796.685711589769,791.5070713242437,5.178640265525246,0
2023-07-30,798.0,798.0,774.1,777.0,-0.89,74894.0,58389290.0,-1,2023-07-30,792.7485692718152,789.9800111848497,2.768558086965527,0
2023-07-31,786.0,800.0,770.3,785.0,1.03,51397.0,40303176.7,-1,2023-07-31,791.1988554174523,789.4557994811813,1.7430559362709346,0
2023-08-01,770.0,794.0,770.0,778.0,-0.89,48045.0,37540129.8,1,2023-08-01,788.5590843339619,788.2499258515834,0.30915848237850696,0
2023-08-02,790.0,790.0,774.2,779.0,0.13,34169.0,26611018.4,-1,2023-08-02,786.6472674671695,787.2762494461535,-0.6289819789840294,-1
2023-08-03,790.0,793.1,782.1,789.0,1.28,42059.0,33107873.6,-1,2023-08-03,787.1178139737356,787.4576968728743,-0.33988289913872904,0
2023-08-06,800.0,812.0,774.0,778.0,-1.39,141442.0,111288329.7,-1,2023-08-06,785.2942511789885,786.4621498336244,-1.1678986546359056,0
2023-08-07,770.0,786.0,770.0,775.0,-0.39,52929.0,41153680.4,1,2023-08-07,783.2354009431908,785.2556077458744,-2.0202068026835605,0
2023-08-08,775.0,784.0,770.1,770.1,-0.63,30614.0,23695943.8,-1,2023-08-08,780.6083207545527,783.6602806147297,-3.0519598601770213,0
2023-08-09,771.0,785.9,770.0,785.9,2.05,32720.0,25402527.8,1,2023-08-09,781.6666566036422,783.8960405500213,-2.22938394637913,0
2023-08-10,786.0,790.0,772.3,787.0,0.14,65038.0,50827014.5,1,2023-08-10,782.7333252829138,784.2227731237033,-1.4894478407894667,0
2023-08-13,789.0,800.0,782.0,798.0,1.4,51617.0,41059338.7,1,2023-08-13,785.7866602263312,785.6730075317346,0.11365269459656702,1
2023-08-14,798.0,806.0,796.0,798.0,0.0,69704.0,55757861.2,0,2023-08-14,788.229328181065,786.9705856862888,1.2587424947761292,0
2023-08-15,799.0,799.0,784.1,785.0,-1.63,29917.0,23639455.5,-1,2023-08-15,787.583462544852,786.763155614048,0.8203069308040085,0
2023-08-16,785.0,785.0,773.0,785.0,0.0,31107.0,24231455.7,0,2023-08-16,787.0667700358816,786.5775602862534,0.4892097496282304,0
2023-08-17,785.0,797.0,778.0,781.9,-0.39,27752.0,21774315.3,-1,2023-08-17,786.0334160287053,786.0851855192793,-0.05176949057397451,-1
2023-08-20,776.1,790.0,776.1,780.0,-0.24,34292.0,26785787.9,1,2023-08-20,784.8267328229643,785.4446396751446,-0.6179068521802265,0
2023-08-21,772.0,790.0,772.0,779.0,-0.13,26580.0,20708405.0,1,2023-08-21,783.6613862583715,784.7662565514452,-1.1048702930736454,0
2023-08-22,778.5,787.0,777.1,782.0,0.39,11727.0,9157323.3,1,2023-08-22,783.3291090066972,784.475071651293,-1.1459626445957838,0
2023-08-23,780.1,805.8,780.0,800.0,2.3,48779.0,38794288.5,1,2023-08-23,786.6632872053578,786.1092746353675,0.5540125699903911,1
2023-08-24,800.0,807.1,794.0,794.5,-0.69,64412.0,51581791.7,-1,2023-08-24,788.2306297642863,786.9925088842762,1.2381208800101149,0
2023-08-27,789.0,794.0,782.5,790.0,-0.57,22697.0,17912807.9,1,2023-08-27,788.584503811429,787.3090868964576,1.2754169149714016,0
2023-08-28,805.0,805.0,788.0,789.0,-0.13,23084.0,18245309.9,-1,2023-08-28,788.6676030491433,787.4870777494622,1.1805252996811078,0
2023-08-29,790.0,795.9,786.0,787.5,-0.19,18161.0,14329578.7,-1,2023-08-29,788.4340824393147,787.4884379863609,0.945644452953843,0
2023-08-30,792.0,799.0,787.2,788.1,0.08,33034.0,26070853.2,-1,2023-08-30,788.3672659514518,787.552812935165,0.8144530162868477,0
2023-09-03,788.0,790.0,781.5,783.0,-0.65,23300.0,18276510.6,-1,2023-09-03,787.2938127611616,787.0735694683055,0.22024329285602562,0
2023-09-04,783.1,787.2,775.0,783.0,0.0,34063.0,26480999.3,-1,2023-09-04,786.4350502089293,786.6447726821682,-0.20972247323891224,-1
2023-09-05,785.0,785.0,778.0,778.8,-0.54,14746.0,11498146.9,-1,2023-09-05,784.9080401671434,785.8190071366768,-0.9109669695333196,0
2023-09-07,779.0,779.0,773.1,775.0,-0.49,29986.0,23246769.9,-1,2023-09-07,782.9264321337148,784.6801642801845,-1.7537321464697015,0
2023-09-10,780.0,790.0,775.0,780.0,0.65,27417.0,21349718.3,0,2023-09-10,782.3411457069719,784.1875154085861,-1.8463697016142078,0
2023-09-11,780.0,805.0,778.0,798.1,2.32,49803.0,39696687.3,1,2023-09-11,785.4929165655776,785.6519874708401,-0.15907090526252432,0
2023-09-12,800.0,804.0,792.0,792.5,-0.7,22370.0,17822263.0,-1,2023-09-12,786.8943332524622,786.3728308949622,0.5215023574999123,1
2023-09-13,802.0,824.0,797.9,819.0,3.34,97903.0,79325347.5,1,2023-09-13,793.3154666019698,789.8072697481241,3.508196853845675,0
2023-09-17,835.3,852.0,803.1,814.0,-0.61,337149.0,275473072.9,-1,2023-09-17,797.4523732815758,792.3538729325321,5.098500349043661,0
2023-09-18,818.0,818.0,799.0,805.9,-1.0,53973.0,43403027.7,-1,2023-09-18,799.1418986252606,793.7797810448972,5.362117580363474,0
2023-09-19,806.0,806.0,796.6,805.0,-0.11,48207.0,38554693.3,-1,2023-09-19,800.3135189002086,794.9608567243816,5.352662175826936,0
2023-09-21,819.0,819.0,799.0,800.0,-0.62,118792.0,95659559.0,-1,2023-09-21,800.2508151201669,795.4912928586573,4.759522261509574,0
2023-09-24,807.0,813.0,795.0,797.0,-0.38,109470.0,87551009.0,-1,2023-09-24,799.6006520961336,795.6501041366935,3.9505479594400867,0
2023-09-25,800.0,807.8,791.0,792.0,-0.63,58347.0,46348829.4,-1,2023-09-25,798.0805216769069,795.2658826486205,2.814639028286365,0
2023-09-26,800.0,800.0,782.0,788.6,-0.43,106020.0,83466224.5,-1,2023-09-26,796.1844173415255,794.5642107908709,1.6202065506546433,0
2023-09-27,800.0,800.0,769.3,777.4,-1.42,79635.0,61930826.8,-1,2023-09-27,792.4275338732205,792.7574517602528,-0.3299178870323658,-1
2023-10-01,780.0,790.0,758.6,765.0,-1.6,122313.0,93553851.3,-1,2023-10-01,786.9420270985764,789.8356147328577,-2.893587634281289,0
2023-10-02,765.0,766.0,756.0,761.5,-0.46,285352.0,216809141.3,-1,2023-10-02,781.8536216788611,786.8529184451885,-4.9992967663273475,0
2023-10-03,600.0,601.0,573.0,573.0,-2.93,91760.0,53028691.0,-1,2023-10-03,740.082897343089,764.3420849246423,-24.259187581553306,0
2023-10-04,573.0,573.0,566.1,568.0,-0.87,55162.0,31343038.8,-1,2023-10-04,705.6663178744712,743.6744970378379,-38.00817916336666,0
2023-10-05,567.0,567.0,559.0,562.0,-1.06,38826.0,21871719.5,-1,2023-10-05,676.933054299577,724.5508657706971,-47.61781147112015,0
2023-10-08,562.0,573.0,548.1,549.0,-2.31,81362.0,44984256.5,-1,2023-10-08,651.3464434396617,706.0718272685184,-54.72538382885671,0
2023-10-09,555.0,558.0,541.0,541.9,-1.29,40407.0,21981800.3,-1,2023-10-09,629.4571547517294,688.7905822928849,-59.333427541155515,0
2023-10-10,542.9,544.0,535.3,536.0,-1.09,56229.0,30299574.8,-1,2023-10-10,610.7657238013835,672.7073631041602,-61.94163930277671,0
2023-10-11,536.3,542.9,531.0,535.0,-0.19,66243.0,35453588.7,-1,2023-10-11,595.6125790411068,658.211851198459,-62.59927215735229,0
2023-10-12,538.0,538.0,529.0,531.0,-0.75,47891.0,25427259.2,-1,2023-10-12,582.6900632328854,644.8211300196738,-62.131066786788324,0
2023-10-16,536.0,541.0,510.0,515.0,-3.01,66053.0,34335641.9,-1,2023-10-16,569.1520505863084,631.1557479123397,-62.00369732603133,0
2023-10-17,516.0,528.0,515.0,517.2,0.43,57459.0,29814554.8,1,2023-10-17,558.7616404690468,619.1604060268303,-60.39876555778346,0
2023-10-18,520.0,539.0,520.0,538.0,4.02,31104.0,16537236.3,1,2023-10-18,554.6093123752374,610.6172053924271,-56.007893017189645,0
2023-10-19,538.0,546.0,532.0,542.5,0.84,45018.0,24315475.1,1,2023-10-19,552.1874499001899,603.4469732458558,-51.25952334566591,0
2023-10-29,541.0,542.0,531.1,533.6,-1.64,28904.0,15451365.2,-1,2023-10-29,548.469959920152,596.0946602726079,-47.62470035245599,0
2023-10-30,543.9,543.9,530.2,536.2,0.49,16196.0,8647938.5,-1,2023-10-30,546.0159679361216,589.7899591912808,-43.77399125515922,0
2023-10-31,535.1,543.0,529.0,530.0,-1.16,21230.0,11297586.6,-1,2023-10-31,542.8127743488973,583.4962792764092,-40.683504927511876,0
2023-11-01,539.7,539.7,527.0,530.0,0.0,14536.0,7690633.8,-1,2023-11-01,540.2502194791178,577.8650919841556,-37.61487250503774,0
2023-11-02,527.0,530.0,519.3,519.4,-2.0,26372.0,13755258.7,-1,2023-11-02,536.0801755832942,571.710871775297,-35.6306961920028,0
2023-11-05,520.0,520.0,499.9,501.0,-3.54,60499.0,30380210.8,-1,2023-11-05,529.0641404666354,564.2676221147394,-35.203481648104,0
2023-11-06,504.0,505.9,497.6,498.0,-0.6,42864.0,21460342.3,-1,2023-11-06,522.8513123733084,557.2920829447669,-34.44077057145853,0
2023-11-06,504.0,505.9,497.6,498.0,-0.6,42864.0,21460342.3,-1,2023-11-06,517.8810498986467,551.0508110558441,-33.1697611571974,0
2023-11-07,499.9,505.5,499.0,505.5,1.51,28094.0,14091561.7,1,2023-11-07,515.4048399189173,546.2559888394394,-30.851148920522064,0
2023-11-07,499.9,505.5,499.0,505.5,1.51,28094.0,14091561.7,1,2023-11-07,513.4238719351339,541.9658847510773,-28.542012815943394,0
2023-11-08,505.0,509.8,502.0,502.5,-0.59,15773.0,7951356.1,-1,2023-11-08,511.2390975481071,537.8115810930692,-26.572483544962097,0
2023-11-09,512.5,512.5,498.0,499.3,-0.64,23830.0,11917008.5,-1,2023-11-09,508.8512780384857,533.7577304516935,-24.90645241320783,0
2023-11-20,508.0,508.0,499.0,500.0,0.14,23771.0,11908204.4,-1,2023-11-20,507.0810224307886,530.204285140989,-23.12326271020038,0
2023-11-21,501.0,501.0,495.0,495.0,-1.0,13252.0,6577144.5,-1,2023-11-21,504.6648179446309,526.4985709156217,-21.833752970990815,0
2023-11-22,496.0,499.9,490.1,498.0,0.61,11581.0,5733566.1,1,2023-11-22,503.33185435570476,523.4987213455563,-20.166866989851542,0
2023-11-23,498.0,505.0,498.0,504.0,1.2,25084.0,12547218.2,1,2023-11-23,503.46548348456383,521.4462243618135,-17.980740877249673,0
2023-11-26,506.0,518.0,502.0,518.0,2.78,31405.0,16095060.1,1,2023-11-26,506.3723867876511,521.0834639026752,-14.711077115024125,0
2023-11-27,520.0,527.8,510.0,513.0,-0.97,19627.0,10126142.2,-1,2023-11-27,507.69790943012094,520.2325729655515,-12.534663535430582,0
2023-11-28,508.1,514.0,508.1,511.0,-0.39,8467.0,4319655.4,1,2023-11-28,508.35832754409677,519.260723179704,-10.902395635607206,0
2023-11-29,514.0,514.0,508.0,508.0,-0.59,8435.0,4293812.8,-1,2023-11-29,508.28666203527746,518.0753838976299,-9.788721862352418,0
2023-11-30,516.0,516.2,499.0,500.0,-1.57,42251.0,21304627.1,-1,2023-11-30,506.62932962822197,516.1727119084056,-9.543382280183664,0
2023-12-03,500.0,505.0,491.5,498.0,-0.4,16859.0,8404941.4,-1,2023-12-03,504.9034637025776,514.2597948654155,-9.356331162837932,0
2023-12-04,495.1,502.0,495.1,497.0,-0.2,15691.0,7826379.8,1,2023-12-04,503.3227709620621,512.4429743532665,-9.120203391204427,0
2023-12-05,497.0,500.1,495.0,498.9,0.38,19564.0,9725129.4,1,2023-12-05,502.43821676964967,511.01739810555426,-8.579181335904593,0
2023-12-06,497.0,500.0,495.0,495.6,-0.66,12300.0,6101174.9,-1,2023-12-06,501.07057341571976,509.3945140944433,-8.323940678723545,0
2023-12-07,505.0,505.0,491.0,497.5,0.38,22557.0,11192020.7,-1,2023-12-07,500.35645873257585,508.1424599792387,-7.786001246662863,0
2023-12-10,505.0,530.0,505.0,524.0,5.33,6616.0,3473867.0,1,2023-12-10,505.0851669860607,509.8116747182662,-4.726507732205505,0
2023-12-11,525.0,529.9,505.0,509.9,-2.69,93195.0,47730487.2,-1,2023-12-11,506.0481335888486,509.8209721163434,-3.772838527494798,0
2023-12-12,509.0,517.8,504.0,510.0,0.02,62527.0,31934610.9,1,2023-12-12,506.8385068710789,509.8398171567283,-3.0013102856494243,0
2023-12-13,514.0,520.0,505.1,510.0,0.0,57588.0,29458286.65,-1,2023-12-13,507.47080549686314,509.85667850865167,-2.385873011788533,0
2023-12-14,508.0,511.8,501.6,506.9,-0.61,40832.0,20698886.8,-1,2023-12-14,507.3566443974905,509.54544919195143,-2.188804794460907,0
2023-12-17,500.0,507.0,497.0,501.0,-1.16,76166.0,38290459.2,1,2023-12-17,506.08531551799246,508.6459282243776,-2.560612706385143,0
2023-12-18,504.5,519.0,501.0,515.0,2.79,139478.0,71178255.1,1,2023-12-18,507.86825241439396,509.31477788496943,-1.446525470575466,0
2023-12-19,524.0,532.0,518.0,530.0,2.91,107626.0,56310040.0,1,2023-12-19,512.2946019315152,511.4921696865516,0.8024322449635974,1
2023-12-20,532.0,549.8,532.0,545.0,2.83,99290.0,54004935.1,1,2023-12-20,518.8356815452122,515.0193097195462,3.8163718256660104,0
2023-12-21,545.0,555.0,530.0,532.0,-2.39,96029.0,51611930.1,-1,2023-12-21,521.4685452361698,516.8067508016992,4.6617944344706075,0
2023-12-24,530.0,540.0,521.5,528.0,-0.75,75142.0,39931658.0,-1,2023-12-24,522.7748361889359,517.9849875594151,4.789848629520748,0
2023-12-27,523.0,530.0,519.0,520.0,-1.52,90557.0,47371343.7,-1,2023-12-27,522.2198689511488,518.1970941321083,4.022774819040478,0
2023-12-28,520.0,525.0,511.0,512.0,-1.54,66034.0,34134473.0,-1,2023-12-28,520.175895160919,517.5447684339916,2.6311267269273912,0
2024-01-01,515.0,524.9,512.0,513.9,0.37,32342.0,16709614.5,-1,2024-01-01,518.9207161287352,517.1611085988346,1.7596075299005633,0
2024-01-02,520.0,520.0,509.0,509.9,-0.78,42542.0,21750362.8,-1,2024-01-02,517.1165729029882,516.3967813779046,0.7197915250835649,0
2024-01-03,511.0,515.0,509.0,514.1,0.82,30658.0,15717610.5,1,2024-01-03,516.5132583223906,516.1550149170725,0.358243405318035,0
2024-01-04,512.3,517.0,509.0,510.9,-0.62,51626.0,26478137.7,-1,2024-01-04,515.3906066579125,515.6018554521175,-0.21124879420506204,-1
2024-01-07,510.0,510.0,498.0,499.0,-2.33,111777.0,56156302.0,-1,2024-01-07,512.11248532633,513.8542917203157,-1.741806393985712,0
2024-01-08,499.5,505.0,494.2,504.0,1.0,94978.0,47425121.1,1,2024-01-08,510.489988261064,512.8169978550193,-2.3270095939552675,0
2024-01-09,514.0,514.0,506.0,507.0,0.6,69070.0,35187049.5,-1,2024-01-09,509.7919906088513,512.204682291333,-2.41269168248175,0
2024-01-10,509.0,523.0,509.0,518.0,2.17,112076.0,57936546.7,1,2024-01-10,511.43359248708106,512.8147157343506,-1.3811232472694996,0
2024-01-11,522.7,522.7,510.0,512.9,-0.98,50497.0,25965667.0,-1,2024-01-11,511.72687398966485,512.8236930254716,-1.0968190358067318,0
2024-01-14,515.0,517.8,510.0,511.2,-0.33,53006.0,27223492.0,-1,2024-01-14,511.6214991917319,512.6527779701588,-1.0312787784268949,0
2024-01-16,515.0,515.0,508.0,514.0,0.55,209619.0,107008018.6,-1,2024-01-16,512.0971993533856,512.7945908154052,-0.6973914620195956,0
2024-01-17,516.0,525.0,507.0,512.0,-0.39,114163.0,59062600.1,-1,2024-01-17,512.0777594827085,512.7109496769415,-0.6331901942329523,0
2024-01-18,510.0,515.0,505.0,509.0,-0.59,82751.0,42028157.5,-1,2024-01-18,511.46220758616687,512.3203233951582,-0.8581158089913288,0
2024-01-21,509.0,509.0,495.0,496.1,-2.53,169221.0,84277298.7,-1,2024-01-21,508.38976606893357,510.61292093251,-2.2231548635764398,0
2024-01-22,495.0,498.0,488.0,489.0,-1.43,108014.0,53075943.3,-1,2024-01-22,504.5118128551469,508.33787662382474,-3.826063768677841,0
2024-01-23,495.0,496.0,477.0,478.6,-2.13,138735.0,66771684.6,-1,2024-01-23,499.32945028411757,505.2075738213169,-5.878123537199315,0
2024-01-24,469.1,494.4,469.1,477.3,-0.27,67640.0,32524761.3,1,2024-01-24,494.92356022729405,502.2699344717046,-7.346374244410526,0
2024-01-25,486.8,486.8,476.0,480.0,0.57,85602.0,40975897.5,-1,2024-01-25,491.9388481818353,499.92573084310413,-7.986882661268851,0
2024-01-28,489.0,489.0,480.0,481.0,0.21,55234.0,26580086.4,-1,2024-01-28,489.75107854546826,497.9335486490932,-8.18247010362495,0
2024-01-29,482.0,483.9,478.0,479.7,-0.27,50577.0,24306624.2,-1,2024-01-29,487.7408628363746,496.0142277386624,-8.273364902287767,0
2024-01-30,480.0,487.0,478.5,479.0,-0.15,46693.0,22396973.5,-1,2024-01-30,485.99269026909974,494.22325639775056,-8.230566128650821,0
2024-01-31,481.0,481.9,474.0,475.0,-0.84,64290.0,30617801.9,-1,2024-01-31,483.79415221527984,492.19975572430315,-8.405603509023308,0
2024-02-01,475.5,475.5,463.1,466.0,-1.89,96457.0,45061712.9,-1,2024-02-01,480.23532177222387,489.44188670069224,-9.206564928468367,0
2024-02-04,466.0,470.0,459.0,468.5,0.54,71555.0,33251425.4,1,2024-02-04,477.88825741777913,487.23747757430357,-9.349220156524439,0
2024-02-05,471.0,476.1,469.0,474.9,1.37,46778.0,22138782.5,1,2024-02-05,477.2906059342233,485.93879572437686,-8.648189790153538,0
2024-02-06,474.9,482.9,474.9,477.8,0.61,58942.0,28072802.2,1,2024-02-06,477.39248474737866,485.0820803849687,-7.68959563759006,0
2024-02-07,487.3,487.3,478.6,479.0,0.25,52013.0,24972754.9,-1,2024-02-07,477.713987797903,484.4418613970773,-6.727873599174302,0
2024-02-08,488.5,488.5,470.0,474.6,-0.92,49857.0,23655321.5,-1,2024-02-08,477.09119023832244,483.40587598685863,-6.314685748536192,0
2024-02-11,465.2,471.0,450.8,455.1,-4.11,182831.0,84204332.1,-1,2024-02-11,472.69295219065793,480.4263100935051,-7.73335790284716,0
2024-02-12,450.0,455.0,439.0,450.1,-1.1,309656.0,137747398.3,1,2024-02-12,468.17436175252635,477.2340669257677,-9.059705173241355,0
2024-02-13,450.1,454.0,440.1,441.9,-1.82,174782.0,77475942.3,-1,2024-02-13,462.9194894020211,473.51469145989745,-10.59520205787635,0
2024-02-14,433.1,448.0,433.1,443.0,0.25,83609.0,36997108.2,1,2024-02-14,458.9355915216169,470.3026186746451,-11.367027153028175,0
2024-02-15,434.2,440.0,430.0,433.0,-2.26,200617.0,87023180.3,-1,2024-02-15,453.74847321729357,466.37602723520877,-12.627554017915202,0
2024-02-18,433.0,455.8,433.0,444.0,2.54,307692.0,136564140.1,1,2024-02-18,451.7987785738349,464.0206559472921,-12.221877373457176,0
2024-02-20,436.0,452.9,436.0,442.0,-0.45,118355.0,52580149.9,1,2024-02-20,449.839022859068,461.70269216336663,-11.86366930429864,0
2024-02-21,448.0,448.0,439.0,440.0,-0.45,141689.0,62675274.7,-1,2024-02-21,447.8712182872544,459.4181982514333,-11.546979964178888,0
2024-02-22,438.6,440.0,423.4,427.0,-2.95,149028.0,64038180.6,-1,2024-02-22,443.69697462980355,456.0057563302298,-12.308781700426266,0
2024-02-25,427.0,430.0,410.0,410.9,-3.77,176046.0,73159346.7,-1,2024-02-25,437.13757970384285,451.25778197967935,-14.120202275836505,0
2024-02-26,408.0,419.9,405.1,418.0,1.73,98421.0,40737576.9,1,2024-02-26,433.3100637630743,447.75696282392363,-14.446899060849319,0
2024-02-27,415.0,426.0,412.3,418.5,0.12,70324.0,29412585.3,1,2024-02-27,430.34805101045947,444.6772825266685,-14.329231516209006,0
2024-02-28,413.4,418.0,413.0,415.0,-0.84,36695.0,15235126.3,1,2024-02-28,427.2784408083676,441.55335805017705,-14.274917241809476,0
2024-02-29,415.0,415.0,408.0,412.0,-0.72,109726.0,45161462.0,-1,2024-02-29,424.22275264669406,438.4424782554216,-14.219725608727515,0
2024-03-03,412.0,417.0,406.0,407.0,-1.21,60400.0,24681799.0,-1,2024-03-03,420.77820211735525,435.1327437022193,-14.354541584864023,0
2024-03-04,415.1,438.0,415.1,435.0,6.88,11800.0,5079001.5,1,2024-03-04,423.6225616938842,435.11877068093304,-11.496208987048817,0
2024-03-05,435.0,439.0,414.0,416.9,-4.16,107535.0,45093107.6,-1,2024-03-05,422.2780493551074,433.201005346098,-10.922955990990602,0
2024-03-06,421.0,424.9,411.4,418.0,0.26,73115.0,30537859.3,-1,2024-03-06,421.42243948408594,431.6008995201929,-10.17846003610697,0
2024-03-07,425.9,425.9,418.1,421.9,0.93,39804.0,16757703.8,-1,2024-03-07,421.5179515872688,430.57975220227786,-9.061800615009076,0
2024-03-10,425.0,428.9,419.5,420.0,-0.45,84813.0,35815152.1,-1,2024-03-10,421.2143612698151,429.4660940757223,-8.251732805907238,0
2024-03-12,428.4,434.0,422.0,433.5,3.21,85533.0,36612902.9,1,2024-03-12,423.67148901585205,429.8907157519621,-6.219226736110045,0
2024-03-13,442.1,442.1,428.0,432.0,-0.35,84991.0,36691710.9,-1,2024-03-13,425.33719121268166,430.11274567280816,-4.7755544601265,0
2024-03-14,432.0,432.9,425.1,425.1,-1.6,67871.0,29042120.5,-1,2024-03-14,425.2897529701454,429.58508823356516,-4.295335263419759,0
2024-03-17,424.2,424.2,417.0,418.0,-1.67,58774.0,24721464.7,-1,2024-03-17,423.83180237611634,428.36560526161094,-4.533802885494595,0
2024-03-18,416.0,421.5,416.0,418.2,0.05,45079.0,18848493.2,1,2024-03-18,422.7054419008931,427.2955415498624,-4.590099648969272,0
2024-03-19,420.0,423.0,417.0,417.2,-0.24,20842.0,8739686.6,-1,2024-03-19,421.6043535207145,426.2328529656663,-4.628499444951842,0
2024-03-20,417.0,425.0,415.5,417.0,-0.05,41724.0,17407649.0,0,2024-03-20,420.68348281657165,425.2609737061225,-4.577490889550859,0
2024-03-21,419.0,419.9,414.1,414.1,-0.7,28308.0,11746842.2,-1,2024-03-21,419.3667862532573,424.08613436863595,-4.7193481153786365,0
2024-03-25,410.1,413.0,409.0,410.1,-0.97,71062.0,29127859.4,0,2024-03-25,417.5134290026059,422.6139096982532,-5.10048069564732,0
2024-03-26,415.0,415.0,409.2,413.0,0.71,29379.0,12076818.2,-1,2024-03-26,416.6107432020848,421.6019192037002,-4.991176001615429,0
2024-03-27,413.0,413.0,408.0,411.0,-0.48,42526.0,17423947.0,-1,2024-03-27,415.48859456166787,420.48592770857385,-4.997333146905987,0
2024-03-28,413.9,414.0,407.0,410.0,-0.24,33224.0,13602227.0,-1,2024-03-28,414.3908756493343,419.38214584451345,-4.9912701951791405,0
2024-03-31,413.0,413.0,406.0,407.0,-0.73,30600.0,12479861.4,-1,2024-03-31,412.9127005194674,418.0787620714068,-5.166061551939379,0
2024-04-01,410.0,412.5,405.0,407.9,0.22,51254.0,20869305.3,-1,2024-04-01,411.91016041557396,417.0073134323114,-5.097153016737423,0
2024-04-02,412.0,412.0,405.0,406.8,-0.27,28130.0,11430729.5,-1,2024-04-02,410.8881283324592,415.9328593868049,-5.044731054345732,0
2024-04-03,410.0,410.0,399.0,402.0,-1.18,59686.0,23975302.8,-1,2024-04-03,409.1105026659674,414.46624260924654,-5.355739943279161,0
2024-04-04,400.0,402.0,398.0,398.0,-1.0,61026.0,24350543.2,-1,2024-04-04,406.88840213277393,412.7329539135364,-5.844551780762458,0
2024-04-07,398.0,398.8,390.3,397.0,-0.25,80715.0,31781656.1,-1,2024-04-07,404.9107217062192,411.07685350158516,-6.1661317953659704,0
2024-04-09,400.0,406.9,396.9,398.8,0.45,47203.0,18883043.4,-1,2024-04-09,403.68857736497534,409.7845531329973,-6.095975768021958,0
2024-04-10,405.9,405.9,394.1,395.0,-0.95,40657.0,16171916.1,-1,2024-04-10,401.9508618919803,408.2282843821555,-6.277422490175184,0
2024-04-14,398.0,400.0,394.0,395.0,0.0,29072.0,11530462.0,-1,2024-04-14,400.5606895135843,406.83583339456015,-6.275143880975861,0
2024-04-15,392.0,395.0,390.0,391.0,-1.01,63551.0,24886154.9,-1,2024-04-15,398.64855161086746,405.1689035635538,-6.520351952686326,0
2024-04-16,389.0,393.0,387.3,390.0,-0.26,33400.0,13032506.8,1,2024-04-16,396.918841288694,403.57217687265336,-6.653335583959347,0
2024-04-18,390.0,390.0,383.0,385.0,-1.28,38828.0,14927701.0,-1,2024-04-18,394.53507303095523,401.6172108860583,-7.082137855103042,0
2024-04-21,377.3,380.0,366.1,373.0,-3.12,127611.0,47268075.5,-1,2024-04-21,390.22805842476424,398.6048728980521,-8.37681447328788,0
2024-04-22,372.0,373.0,357.1,358.0,-4.02,105899.0,38459763.6,-1,2024-04-22,383.78244673981146,394.33067575088876,-10.548229011077296,0
2024-04-24,358.0,360.0,345.0,351.0,-1.96,132036.0,46377658.9,-1,2024-04-24,377.2259573918492,389.7695519876373,-12.543594595788136,0
2024-04-25,351.5,355.0,346.0,348.5,-0.71,49901.0,17470531.8,-1,2024-04-25,371.48076591347933,385.4253886205176,-13.944622707038263,0
2024-04-28,355.4,355.4,347.0,351.6,0.89,60351.0,21142160.0,-1,2024-04-28,367.5046127307835,381.86482139730526,-14.360208666521771,0
2024-04-29,358.6,358.6,351.6,352.0,0.11,45855.0,16188257.0,-1,2024-04-29,364.40369018462684,378.7211559870626,-14.317465802435777,0
2024-04-30,359.0,365.0,351.1,363.0,3.13,69508.0,24935148.2,1,2024-04-30,364.1229521477015,377.06629746210865,-12.943345314407168,0
2024-05-02,370.2,370.2,357.0,357.0,-1.65,63914.0,23111015.4,-1,2024-05-02,362.6983617181612,374.95405562399196,-12.255693905830753,0
2024-05-05,356.1,359.0,349.0,349.0,-2.24,53700.0,18864100.2,-1,2024-05-05,359.958689374529,372.22204976883495,-12.263360394305948,0
2024-05-06,345.1,351.9,344.6,346.9,-0.6,59983.0,20763022.1,1,2024-05-06,357.34695149962323,369.5565708457997,-12.209619346176453,0
2024-05-07,350.0,355.9,347.1,348.0,0.32,47490.0,16609211.5,-1,2024-05-07,355.47756119969864,367.28745812518923,-11.809896925490591,0
2024-05-08,349.1,352.0,341.6,350.0,0.57,47782.0,16573927.5,1,2024-05-08,354.38204895975895,365.4677256909588,-11.08567673119984,0
2024-05-09,345.0,352.8,345.0,350.0,0.0,29902.0,10471855.8,1,2024-05-09,353.50563916780715,363.83954403927896,-10.333904871471816,0
2024-05-12,350.0,355.0,347.0,352.0,0.57,39449.0,13837283.5,1,2024-05-12,353.2045113342457,362.5932762456706,-9.388764911424914,0
2024-05-13,350.0,364.9,350.0,363.0,3.13,55261.0,19860003.5,1,2024-05-13,355.1636090673966,362.6360892724421,-7.472480205045542,0
2024-05-14,368.1,369.0,356.8,365.5,0.69,47874.0,17319347.8,-1,2024-05-14,357.2308872539173,362.93755355955346,-5.70666630563619,0
2024-05-15,359.0,370.0,357.8,358.0,-2.05,64416.0,23307126.8,-1,2024-05-15,357.38470980313383,362.4178110796005,-5.0331012764666525,0
2024-05-16,365.1,365.1,355.1,360.1,0.59,75546.0,27235273.1,-1,2024-05-16,357.92776784250714,362.17383096595836,-4.246063123451222,0
2024-05-19,367.3,385.7,362.0,385.0,6.91,135375.0,51227459.4,1,2024-05-19,363.3422142740057,364.57658560112066,-1.2343713271149568,0
2024-05-20,385.0,421.0,385.0,419.9,9.06,276638.0,112940210.2,1,2024-05-20,374.6537714192046,370.40010290626583,4.253668512938759,1
2024-05-21,420.0,432.7,407.1,429.5,2.29,201842.0,85312936.8,1,2024-05-21,385.62301713536374,376.6211447056063,9.00187242975744,0
2024-05-22,430.5,458.0,420.4,452.9,5.45,287668.0,127385008.8,1,2024-05-22,399.078413708291,384.65049789448983,14.427915813801178,0
2024-05-26,455.0,458.0,435.0,435.1,-3.93,219186.0,97303479.0,-1,2024-05-26,406.2827309666328,389.960971800333,16.321759166299785,0
2024-05-27,443.8,443.8,424.5,428.0,-1.63,161570.0,69707496.9,-1,2024-05-27,410.6261847733063,393.9650800318769,16.661104741429426,0
2024-05-29,435.0,442.0,412.6,414.0,-3.27,116281.0,49172569.7,-1,2024-05-29,411.30094781864506,396.0740189758898,15.226928842755228,0
2024-05-30,417.0,417.9,402.0,407.6,-1.55,99271.0,40604602.8,-1,2024-05-30,410.5607582549161,397.2872801363225,13.273478118593573,0
2024-06-02,407.0,429.3,407.0,424.0,4.02,112458.0,46750189.0,1,2024-06-02,413.2486066039329,400.0991453851307,13.149461218802173,0
2024-06-03,425.0,427.1,413.0,415.1,-2.1,52109.0,21803568.4,-1,2024-06-03,413.61888528314637,401.6781827130117,11.940702570134647,0
2024-06-04,423.4,423.4,414.0,415.5,0.1,31000.0,12925554.6,-1,2024-06-04,413.9951082265171,403.1331108484842,10.861997378032925,0
2024-06-05,415.0,415.0,407.2,412.0,-0.84,40825.0,16766865.4,-1,2024-06-05,413.59608658121374,404.0664676012753,9.529618979938448,0
2024-06-06,410.0,412.8,407.0,408.0,-0.97,40467.0,16576252.2,-1,2024-06-06,412.476869264971,404.48052364324633,7.996345621724686,0
2024-06-09,416.1,416.1,401.0,401.0,-1.72,63378.0,25738375.4,-1,2024-06-09,410.1814954119768,404.11415273343096,6.067342678545856,0
2024-06-10,409.0,409.0,400.0,401.1,0.02,57100.0,23045878.6,-1,2024-06-10,408.3651963295815,403.796873498333,4.5683228312485085,0
2024-06-11,409.1,421.0,402.0,418.0,4.21,71137.0,29197703.6,1,2024-06-11,410.2921570636653,405.2919394458769,5.000217617788394,0
2024-06-12,425.0,425.0,418.0,418.0,0.0,81660.0,34375632.0,-1,2024-06-12,411.83372565093225,406.6296300305214,5.20409562041084,0
2024-06-13,418.0,418.0,411.5,415.1,-0.69,45758.0,18913728.4,-1,2024-06-13,412.4869805207459,407.52124792204546,4.965732598700413,0
2024-06-16,416.0,420.0,410.0,412.0,-0.75,69817.0,28750341.9,-1,2024-06-16,412.3895844165967,407.99269550919854,4.396888907398136,0
2024-06-18,407.0,410.0,403.0,404.0,-1.94,58636.0,23801380.5,-1,2024-06-18,410.71166753327736,407.5724117713882,3.13925576188916,0
2024-06-19,402.0,408.0,402.0,404.0,0.0,30586.0,12384217.5,1,2024-06-19,409.3693340266219,407.1963684270316,2.172965599590327,0
2024-06-20,412.0,412.0,401.1,401.1,-0.72,42682.0,17174518.5,-1,2024-06-20,407.71546722129756,406.5546454347125,1.1608217865850747,0
2024-06-23,409.0,409.0,400.0,403.0,0.47,32541.0,13048979.9,-1,2024-06-23,406.77237377703807,406.18047223105856,0.5919015459795105,0
2024-06-24,408.9,408.9,400.0,400.4,-0.65,40516.0,16275171.7,-1,2024-06-24,405.4978990216305,405.57200146989453,-0.07410244826405687,-1
2024-06-25,408.3,408.3,397.2,398.1,-0.57,42749.0,17076309.2,-1,2024-06-25,404.0183192173044,404.78547499937935,-0.7671557820749513,0
2024-06-26,406.0,406.0,396.6,397.0,-0.28,45572.0,18121871.9,-1,2024-06-26,402.61465537384356,403.9659513152341,-1.3512959413905605,0
2024-06-27,397.0,399.0,394.0,397.0,0.0,56848.0,22559389.2,0,2024-06-27,401.4917242990749,403.23269328205157,-1.7409689829766535,0
2024-06-30,400.0,400.0,393.5,394.1,-0.73,45391.0,17908558.6,-1,2024-06-30,400.01337943925995,402.2713571470988,-2.2579777078388474,0
2024-07-01,400.0,400.5,391.1,400.0,1.5,48992.0,19322075.7,0,2024-07-01,400.01070355140797,402.0322669210884,-2.0215633696804503,0
2024-07-02,408.0,440.0,408.0,418.0,4.5,147642.0,61793510.9,1,2024-07-02,403.6085628411264,403.7130809293949,-0.10451808826849174,0
2024-07-03,410.6,420.0,407.0,420.0,0.48,75714.0,31347290.7,1,2024-07-03,406.88685027290114,405.4274934631428,1.459356809758333,1
2024-07-04,420.1,430.1,417.0,424.6,1.1,106679.0,45217824.3,1,2024-07-04,410.429480218321,407.4456520459699,2.9838281723510818,0
2024-07-07,430.0,430.0,421.3,429.0,1.04,73287.0,31215876.2,-1,2024-07-07,414.14358417465684,409.71453077797304,4.429053396683798,0
2024-07-08,430.0,434.0,426.4,427.0,-0.47,74221.0,31821000.9,-1,2024-07-08,416.7148673397255,411.53405385397593,5.180813485749582,0
2024-07-09,425.0,435.0,422.0,433.1,1.43,72357.0,31036007.5,1,2024-07-09,419.99189387178046,413.80415344829424,6.187740423486218,0
2024-07-10,441.7,441.7,433.0,438.0,1.13,98818.0,43238209.9,-1,2024-07-10,423.5935150974244,416.3510846642633,7.242430433161132,0
2024-07-11,446.7,447.2,438.0,446.1,1.85,117154.0,51875527.9,-1,2024-07-11,428.0948120779396,419.4825494364461,8.612262641493487,0
2024-07-14,455.0,468.0,447.0,449.0,0.65,157454.0,71094465.4,-1,2024-07-14,432.27584966235173,422.58964949576756,9.686200166584172,0
2024-07-15,457.9,457.9,443.0,443.2,-1.29,155082.0,69641258.8,-1,2024-07-15,434.4606797298814,424.7591600751604,9.701519654720983,0
2024-07-16,452.0,469.0,439.0,461.0,4.02,139792.0,63123320.8,1,2024-07-16,439.76854378390516,428.5739853304067,11.194558453498473,0
2024-07-17,470.2,482.4,466.0,478.6,3.82,193151.0,91949908.8,1,2024-07-17,447.5348350271242,433.8398816114165,13.694953415707687,0
2024-07-18,478.0,525.0,469.2,500.0,4.47,331046.0,165053646.7,1,2024-07-18,458.02786802169936,440.80410459968846,17.223763422010904,0
2024-07-21,500.0,511.0,492.5,504.2,0.84,272349.0,136963265.5,1,2024-07-21,467.2622944173595,447.4773567470897,19.784937670269812,0
2024-07-22,508.0,513.0,492.0,502.0,-0.44,201152.0,100434734.2,-1,2024-07-22,474.2098355338876,453.2165823526592,20.993253181228397,0
2024-07-23,502.0,513.0,490.0,508.0,1.2,280089.0,141314159.7,1,2024-07-23,480.96786842711015,458.98325789448455,21.984610532625595,0
2024-07-24,510.0,520.0,497.9,499.0,-1.77,218750.0,110822199.3,-1,2024-07-24,484.57429474168816,463.1955465371704,21.378748204517763,0
2024-07-25,499.0,505.0,491.0,501.9,0.58,163606.0,81736328.5,1,2024-07-25,488.03943579335055,467.2696995332577,20.769736260092827,0
2024-07-28,511.9,552.0,511.9,552.0,9.98,642139.0,348169885.6,1,2024-07-28,500.8315486346804,476.18867852975694,24.642870104923475,0
2024-07-29,563.0,573.0,533.0,534.5,-3.17,415282.0,225481164.3,-1,2024-07-29,507.5652389077444,482.3267123687299,25.238526539014515,0
2024-07-30,534.5,537.6,515.5,530.0,-0.84,296884.0,156278069.7,-1,2024-07-30,512.0521911261956,487.34495317202146,24.707237954174104,0
2024-07-31,533.1,539.0,525.0,530.0,0.0,321197.0,170933211.2,-1,2024-07-31,515.6417529009565,491.8349581012824,23.806794799674094,0
2024-08-01,540.6,540.6,516.0,517.0,-2.45,397416.0,207735106.0,-1,2024-08-01,515.9134023207652,494.48390988009476,21.4294924406704,0
2024-08-05,506.7,506.7,480.0,495.9,-4.08,677340.0,336221737.5,-1,2024-08-05,511.91072185661216,494.6329719979795,17.27774985863266,0
2024-08-06,495.9,495.9,474.0,474.4,-4.34,499757.0,241222400.2,-1,2024-08-06,504.40857748528975,492.5031854718764,11.905392013413348,0
2024-08-07,470.0,487.4,470.0,483.0,1.81,214696.0,103147127.1,1,2024-08-07,500.12686198823184,491.5028501590473,8.624011829184553,0
2024-08-08,483.0,495.0,480.0,487.0,0.83,245160.0,119652202.8,1,2024-08-08,497.5014895905855,491.02886593177914,6.472623658806356,0
2024-08-11,490.0,508.0,490.0,504.3,3.55,437035.0,219599887.9,1,2024-08-11,498.8611916724684,492.4258274126445,6.435364259823928,0
2024-08-12,514.0,534.0,504.0,525.0,4.1,429436.0,224076205.9,1,2024-08-12,504.0889533379748,495.85468768499766,8.234265652977115,0
2024-08-13,535.5,535.5,513.0,516.0,-1.71,192089.0,100296001.2,-1,2024-08-13,506.47116267037984,497.97524687605056,8.495915794329278,0
2024-08-14,516.0,523.0,508.0,520.0,0.78,193085.0,99413002.6,1,2024-08-14,509.1769301363039,500.29364194172945,8.883288194574448,0
2024-08-15,520.0,557.0,518.5,545.1,4.83,751075.0,409374057.0,1,2024-08-15,516.3615441090432,505.0101006847053,11.351443424337845,0
2024-08-18,550.0,564.0,535.0,537.7,-1.36,480715.0,262926484.0,-1,2024-08-18,520.6292352872346,508.45114271789424,12.178092569340322,0
2024-08-21,539.0,539.0,525.0,530.0,-1.43,209828.0,111492627.2,-1,2024-08-21,522.5033882297877,510.7194434844317,11.783944745355996,0
2024-08-22,530.0,542.6,527.0,528.0,-0.38,198426.0,105879839.6,-1,2024-08-22,523.6027105838301,512.5384494334389,11.06426115039119,0
2024-08-25,528.0,537.9,515.0,516.0,-2.27,264501.0,137841516.0,-1,2024-08-25,522.0821684670641,512.9028231772875,9.17934528977662,0
2024-08-27,515.0,525.0,496.1,497.0,-3.68,251927.0,127755243.8,-1,2024-08-27,517.0657347736513,511.22884179020457,5.8368929834467735,0
2024-08-28,506.0,516.0,493.0,498.0,0.2,141796.0,71076392.6,-1,2024-08-28,513.2525878189211,509.8363321280778,3.416255690843343,0
2024-08-29,498.8,503.0,489.3,494.0,-0.8,125957.0,62118372.8,-1,2024-08-29,509.40207025513695,508.1693497988065,1.232720456330469,0
2024-09-01,503.8,503.8,485.0,485.2,-1.78,122470.0,59721867.4,-1,2024-09-01,504.5616562041096,505.7515235041953,-1.189867300085666,-1
2024-09-02,485.0,503.9,480.0,501.0,3.26,124169.0,61161137.9,1,2024-09-02,503.8493249632877,505.25136313533267,-1.4020381720449677,0
2024-09-03,501.0,512.0,489.6,498.0,-0.6,196070.0,96940498.4,-1,2024-09-03,502.6794599706302,504.4880617526661,-1.8086017820359075,0
2024-09-04,507.9,507.9,480.0,482.0,-3.21,78221.0,38174659.2,-1,2024-09-04,498.54356797650416,502.12089735764863,-3.577329381144466,0
2024-09-05,484.0,489.0,473.0,479.0,-0.62,85177.0,40729551.0,-1,2024-09-05,494.63485438120335,499.68711868842246,-5.0522643072191045,0
2024-09-08,487.0,488.0,470.0,474.5,-0.94,63926.0,30515717.8,-1,2024-09-08,490.60788350496273,497.0358430370096,-6.427959532046884,0
2024-09-09,476.0,479.0,460.0,465.0,-2.0,108664.0,50691255.4,-1,2024-09-09,485.4863068039702,493.66364903311387,-8.177342229143676,0
2024-09-10,468.0,473.0,455.0,460.0,-1.08,121413.0,55977422.1,-1,2024-09-10,480.3890454431762,490.12010702962823,-9.731061586452029,0
2024-09-11,460.0,465.5,457.1,458.5,-0.33,73610.0,33892278.7,-1,2024-09-11,476.011236354541,486.79167471072,-10.78043835617899,0
2024-09-12,467.6,470.0,456.0,469.0,2.29,89053.0,41164303.2,1,2024-09-12,474.6089890836328,484.9188668464337,-10.309877762800852,0
2024-09-15,475.0,478.2,460.0,462.0,-1.49,121891.0,56785017.6,-1,2024-09-15,472.0871912669063,482.5063545468091,-10.419163279902818,0
2024-09-16,469.0,469.0,452.1,452.9,-1.97,93821.0,42889083.3,-1,2024-09-16,468.24975301352504,479.3898961734608,-11.140143159935747,0
2024-09-18,458.0,458.0,447.0,455.0,0.46,59933.0,27163435.7,-1,2024-09-18,465.5998024108201,476.8225386815175,-11.222736270697453,0
2024-09-22,464.1,471.0,449.2,452.0,-0.66,78178.0,35561158.3,-1,2024-09-22,462.8798419286561,474.20963987293675,-11.329797944280642,0
2024-09-23,461.0,461.0,443.0,444.5,-1.66,87158.0,38924478.3,-1,2024-09-23,459.20387354292495,471.08230935999603,-11.878435817071079,0
2024-09-24,441.1,444.0,430.0,430.2,-3.22,114932.0,50098069.4,-1,2024-09-24,453.40309883434,466.7789083747333,-13.375809540393277,0
2024-09-25,427.0,442.6,427.0,442.5,2.86,78402.0,34196940.1,1,2024-09-25,451.222479067472,464.2232338089719,-13.000754741499861,0
2024-09-26,433.7,448.0,433.7,437.0,-1.24,57402.0,25264368.6,1,2024-09-26,448.3779832539776,461.35763025013273,-12.979646996155111,0
2024-09-29,435.0,440.0,429.0,436.0,-0.23,32022.0,13974891.0,1,2024-09-29,445.9023866031821,458.6884060132767,-12.786019410094582,0
2024-09-30,442.7,442.9,435.0,440.0,0.92,39543.0,17353125.2,-1,2024-09-30,444.7219092825457,456.7212053803002,-11.999296097754495,0
2024-10-01,447.5,463.9,441.0,458.7,4.25,118682.0,53583406.0,1,2024-10-01,447.5175274260366,456.92949955079496,-9.411972124758336,0
2024-10-02,465.0,474.0,458.0,462.0,0.72,106390.0,49291155.4,-1,2024-10-02,450.41402194082934,457.46323644018497,-7.049214499355628,0
2024-10-06,470.0,476.9,462.0,474.0,2.6,70077.0,32814474.9,1,2024-10-06,455.1312175526635,459.2039483938497,-4.072730841186228,0
2024-10-07,483.0,483.4,475.0,475.0,0.21,61966.0,29712489.2,-1,2024-10-07,459.10497404213083,460.8666906681813,-1.761716626050486,0
2024-10-08,470.0,485.0,468.0,480.0,1.05,270991.0,128676088.0,1,2024-10-08,463.2839792337047,462.8807232294254,0.4032560042792852,1
2024-10-09,480.0,483.0,473.0,478.0,-0.42,38554.0,18420792.2,-1,2024-10-09,466.2271833869638,464.4722260473807,1.754957339583143,0
2024-10-15,487.5,489.0,476.0,486.8,1.84,14812.0,7140200.7,-1,2024-10-15,470.3417467095711,466.82251804239326,3.519228667177856,0
2024-10-16,494.0,501.9,484.0,498.7,2.44,302170.0,147506063.3,1,2024-10-16,476.0133973676569,470.17804245898344,5.83535490867348,0
2024-10-17,498.0,505.0,493.0,493.0,-1.14,80563.0,40014898.3,-1,2024-10-17,479.4107178941256,472.58035377909044,6.830364115035138,0
2024-10-20,484.0,495.0,479.1,480.0,-2.64,187805.0,90783664.4,-1,2024-10-20,479.5285743153005,473.36136917076516,6.16720514453533,0
2024-10-21,472.0,480.0,468.4,469.2,-2.25,70285.0,33198853.9,-1,2024-10-21,477.4628594522404,472.92333031068466,4.539529141555761,0
2024-10-22,475.0,476.0,459.5,465.0,-0.9,104000.0,48395845.7,-1,2024-10-22,474.97028756179236,472.0892955411389,2.88099202065348,0
2024-10-23,460.0,460.0,450.0,452.0,-2.8,182640.0,82721217.3,-1,2024-10-23,470.37623004943396,469.97463285259795,0.4015971968360077,0
2024-10-24,450.0,455.0,439.0,443.0,-1.99,104890.0,46521225.2,-1,2024-10-24,464.9009840395472,467.1351978154824,-2.2342137759351886,-1
2024-10-27,443.0,446.0,437.0,444.0,0.23,55784.0,24654312.4,1,2024-10-27,460.7207872316378,464.6999138349053,-3.9791266032675026,0
2024-10-28,452.0,452.0,441.0,443.0,-0.23,59809.0,26572257.4,-1,2024-10-28,457.1766297853103,462.4157123785995,-5.239082593289197,0
2024-10-29,445.0,452.0,445.0,450.9,1.78,65634.0,29500622.4,1,2024-10-29,455.92130382824826,461.20353212822056,-5.282228299972303,0
2024-10-30,450.0,454.0,443.1,445.8,-1.13,77838.0,34838568.8,-1,2024-10-30,453.89704306259864,459.58210769367105,-5.685064631072407,0
2024-11-05,440.3,455.8,440.0,444.0,-0.4,51361.0,22962464.4,1,2024-11-05,451.91763445007894,457.9418858311794,-6.0242513811004414,0
2024-11-06,445.0,447.0,439.0,440.0,-0.9,63545.0,28083991.4,-1,2024-11-06,449.53410756006315,456.0532662700026,-6.519158709939461,0
2024-11-10,448.0,449.8,442.1,449.8,2.23,82617.0,36815029.4,1,2024-11-10,449.5872860480506,455.3950277152655,-5.807741667214884,0
2024-11-11,458.0,462.1,450.0,454.0,0.93,159935.0,72757931.2,-1,2024-11-11,450.4698288384405,455.24818269260595,-4.778353854165459,0
2024-11-12,463.0,463.0,450.0,457.0,0.66,98128.0,44800783.0,-1,2024-11-12,451.7758630707524,455.4325845144369,-3.6567214436844893,0
2024-11-13,464.1,464.1,448.0,451.7,-1.16,70413.0,31867704.8,-1,2024-11-13,451.760690456602,455.03968088133826,-3.2789904247362642,0
2024-11-14,450.1,453.0,443.3,445.1,-1.46,124178.0,55402034.9,-1,2024-11-14,450.4285523652816,453.99339868330264,-3.5648463180210683,0
2024-11-17,445.5,447.0,440.0,440.3,-1.08,164538.0,72738307.2,-1,2024-11-17,448.4028418922253,452.55198829558657,-4.1491464033612715,0
2024-11-19,442.0,442.0,429.1,431.2,-2.07,230820.0,99858868.4,-1,2024-11-19,444.96227351378025,450.3044105802617,-5.342137066481428,0
2024-11-20,439.8,439.8,428.0,429.9,-0.3,116555.0,50011496.1,-1,2024-11-20,441.9498188110242,448.15657788760257,-6.206759076578351,0
2024-11-21,431.0,433.0,426.0,426.3,-0.84,111250.0,47655052.8,-1,2024-11-21,438.81985504881936,445.85588547838125,-7.03603042956189,0
2024-11-24,430.0,430.0,423.0,427.0,0.16,112104.0,47548945.2,-1,2024-11-24,436.4558840390555,443.87105542802533,-7.4151713889698385,0
2024-11-25,435.5,435.5,422.1,425.0,-0.47,108838.0,46178968.1,-1,2024-11-25,434.1647072312444,441.8846285408648,-7.719921309620418,0
2024-11-26,431.0,435.7,425.1,434.5,2.24,114088.0,48908653.0,1,2024-11-26,434.23176578499556,441.1072992207738,-6.875533435778266,0
2024-11-27,435.0,438.8,431.6,436.9,0.55,77997.0,33877361.5,1,2024-11-27,434.76541262799645,440.6644256185871,-5.89901299059062,0
2024-11-28,437.0,437.9,430.0,435.3,-0.37,81755.0,35574057.3,-1,2024-11-28,434.8723301023972,440.09974923768317,-5.22741913528597,0
2024-12-01,444.0,444.0,427.2,428.8,-1.49,126527.0,54336790.1,-1,2024-12-01,433.65786408191775,438.910301949506,-5.252437867588242,0
2024-12-02,430.0,430.0,425.0,427.9,-0.21,181491.0,77567724.1,-1,2024-12-02,432.50629126553423,437.75132279692644,-5.245031531392215,0
2024-12-03,436.0,436.0,417.0,419.8,-1.89,410484.0,172511347.9,-1,2024-12-03,429.9650330124274,435.8617098709342,-5.896676858506794,0
2024-12-04,420.0,425.0,415.0,415.2,-1.1,143772.0,60079128.4,-1,2024-12-04,427.01202640994194,433.6867930424148,-6.674766632472881,0
2024-12-05,406.9,415.0,406.0,409.9,-1.28,155704.0,63754717.8,1,2024-12-05,423.5896211279536,431.1829200905817,-7.5932989626281255,0
2024-12-08,409.9,414.9,400.1,405.0,-1.2,159922.0,64577191.5,-1,2024-12-08,419.8716969023629,428.42682323894155,-8.555126336578667,0
2024-12-09,396.9,411.4,396.9,405.0,0.0,66907.0,27135316.0,1,2024-12-09,416.89735752189034,425.9608418453688,-9.063484323478463,0
2024-12-10,396.9,411.0,396.9,405.0,0.0,58539.0,23694809.2,1,2024-12-10,414.5178860175123,423.75443744059316,-9.236551423080869,0
2024-12-11,404.0,415.0,397.0,415.0,2.47,150942.0,60777882.1,1,2024-12-11,414.61430881400986,422.8329177100044,-8.218608895994521,0
2024-12-12,423.3,423.3,402.8,403.0,-2.89,84801.0,34642192.0,-1,2024-12-12,412.2914470512079,420.7452421615829,-8.453795110374983,0
2024-12-16,403.0,403.0,395.0,398.2,-1.19,113101.0,45028844.1,-1,2024-12-16,409.47315764096635,418.3720587761531,-8.898901135186748,0
2024-12-17,396.0,399.9,395.5,397.0,-0.3,80508.0,32015293.7,1,2024-12-17,406.9785261127731,416.1223683786633,-9.143842265890157,0
2024-12-18,389.1,412.0,389.1,392.0,-1.26,83131.0,32775891.2,1,2024-12-18,403.9828208902185,413.583171707225,-9.600350817006529,0
2024-12-19,384.2,395.1,384.2,392.9,0.23,73620.0,28901909.4,1,2024-12-19,401.76625671217477,411.40599573804343,-9.639739025868664,0
2024-12-22,392.9,400.6,387.1,390.0,-0.74,73760.0,28751184.0,-1,2024-12-22,399.41300536973984,409.1527330287757,-9.73972765903585,0
2024-12-23,382.2,391.0,382.2,388.8,-0.31,82637.0,32024251.6,1,2024-12-23,397.29040429579186,407.01034007837825,-9.71993578258639,0
2024-12-24,395.0,398.0,390.0,396.0,1.85,51143.0,20205178.7,1,2024-12-24,397.0323234366335,405.85135691223314,-8.819033475599667,0
2024-12-26,388.1,409.9,388.0,403.0,1.77,92340.0,36962239.4,1,2024-12-26,398.22585874930684,405.5512140793665,-7.325355330059665,0
2024-12-29,400.0,404.7,391.0,391.0,-2.98,70534.0,27876541.8,-1,2024-12-29,396.7806869994455,404.01950733417,-7.238820334724494,0
2024-12-31,383.2,395.0,376.6,385.0,-1.53,132291.0,50756067.0,1,2024-12-31,394.4245495995564,402.01745393057314,-7.592904331016712,0
2025-01-01,377.3,388.0,377.3,383.6,-0.36,43278.0,16613575.4,1,2025-01-01,392.2596396796452,400.07877456946017,-7.819134889814961,0
2025-01-02,390.0,390.0,377.4,386.9,0.86,58340.0,22439781.8,-1,2025-01-02,391.1877117437162,398.6915351410959,-7.503823397379733,0
2025-01-05,385.0,389.7,382.7,384.0,-0.75,88991.0,34166948.7,-1,2025-01-05,389.750169394973,397.1450577578227,-7.394888362849713,0
2025-01-06,388.0,390.0,382.1,388.0,1.04,78034.0,30121853.6,0,2025-01-06,389.40013551597843,396.18242009910455,-6.782284583126113,0
2025-01-07,395.7,395.7,384.0,387.8,-0.05,59219.0,22908320.5,-1,2025-01-07,389.08010841278275,395.30006008867247,-6.2199516758897175,0
2025-01-08,393.5,393.5,383.0,387.0,-0.21,45107.0,17419527.1,-1,2025-01-08,388.66408673022624,394.42636955302277,-5.7622828227965215,0
2025-01-09,386.0,388.0,381.0,383.4,-0.93,78694.0,30206337.5,-1,2025-01-09,387.611269384181,393.2656990737572,-5.6544296895762045,0
2025-01-12,385.0,385.2,381.0,381.0,-0.63,36094.0,13812729.1,-1,2025-01-12,386.2890155073448,391.974572855467,-5.685557348122188,0
2025-01-13,388.6,388.6,377.5,377.6,-0.89,84072.0,31908096.2,-1,2025-01-13,384.55121240587584,390.46145992331253,-5.910247517436687,0
2025-01-15,370.1,384.0,370.1,377.8,0.05,51468.0,19446913.7,1,2025-01-15,383.2009699247007,389.128674668227,-5.927704743526306,0
2025-01-16,375.2,377.8,368.0,368.9,-2.36,67591.0,25110905.7,-1,2025-01-16,380.34077593976053,386.9993404926242,-6.658564552863652,0
2025-01-19,365.1,370.0,361.6,366.0,-0.79,83984.0,30679994.8,1,2025-01-19,377.47262075180845,384.78888359866374,-7.316262846855295,0
2025-01-20,362.0,363.6,351.6,357.5,-2.32,187054.0,66767422.9,-1,2025-01-20,373.4780966014468,381.91636953564654,-8.438272934199745,0
2025-01-21,357.0,361.0,354.0,359.0,0.42,85995.0,30732031.1,1,2025-01-21,370.5824772811575,379.50412011084165,-8.921642829684174,0
2025-01-22,359.0,370.0,355.0,369.8,3.01,137664.0,49669715.4,1,2025-01-22,370.425981824926,378.48263378338464,-8.056651958458644,0
2025-01-23,369.0,371.8,364.3,366.0,-1.03,59766.0,21896885.1,-1,2025-01-23,369.5407854599408,377.16867233250207,-7.627886872561248,0
2025-01-26,362.1,364.9,356.0,356.5,-2.6,87702.0,31524673.6,-1,2025-01-26,366.9326283679527,374.9930226132913,-8.060394245338614,0
2025-01-27,362.8,362.8,351.0,353.0,-0.98,95052.0,33567863.7,-1,2025-01-27,364.1461026943622,372.6779676013659,-8.531864907003694,0
2025-01-28,353.0,362.0,350.0,357.0,1.13,104728.0,37397715.6,1,2025-01-28,362.71688215548977,371.02765522227475,-8.310773066784975,0
2025-02-02,355.0,367.0,355.0,367.0,2.8,81796.0,29683622.2,1,2025-02-02,363.5735057243918,370.6036915146669,-7.030185790275084,0
2025-02-03,369.2,385.5,369.0,372.0,1.36,147482.0,55551307.3,1,2025-02-03,365.2588045795135,370.75067135522823,-5.491866775714755,0
2025-02-04,379.0,379.0,367.0,369.3,-0.73,54568.0,20261319.4,-1,2025-02-04,366.06704366361083,370.5979691073095,-4.5309254436986635,0
2025-02-05,366.0,370.1,363.0,365.0,-1.16,50984.0,18697457.0,-1,2025-02-05,365.8536349308887,370.00870920127693,-4.155074270388241,0
2025-02-06,363.0,368.0,359.0,365.9,0.25,73453.0,26881083.3,1,2025-02-06,365.86290794471097,369.57621349587936,-3.7133055511683892,0
2025-02-09,358.6,370.0,358.6,366.0,0.03,55880.0,20503353.5,1,2025-02-09,365.89032635576876,369.19976996999736,-3.3094436142285986,0
2025-02-10,369.9,369.9,363.2,364.1,-0.52,28859.0,10533106.8,-1,2025-02-10,365.532261084615,368.6629520784187,-3.1306909938036824,0
2025-02-11,367.0,370.0,361.0,364.0,-0.03,48342.0,17610510.4,-1,2025-02-11,365.225808867692,368.1721150175325,-2.9463061498404954,0
2025-02-12,365.0,370.0,360.0,363.1,-0.25,47038.0,17147454.5,-1,2025-02-12,364.80064709415365,367.63820817358175,-2.8375610794280988,0
2025-02-13,360.0,366.0,360.0,363.0,-0.03,47627.0,17318839.0,1,2025-02-13,364.44051767532295,367.14997573425734,-2.7094580589343877,0
2025-02-16,367.0,370.9,365.0,370.7,2.12,70533.0,26014490.4,1,2025-02-16,365.69241414025834,367.5236624990723,-1.8312483588139798,0
2025-02-17,371.0,386.9,370.7,382.0,3.05,108899.0,41212054.5,1,2025-02-17,368.9539313122067,369.04748749916996,-0.09355618696326928,0
2025-02-18,389.0,389.6,375.0,377.0,-1.31,74518.0,28374584.9,-1,2025-02-18,370.56314504976535,369.8845940782047,0.6785509715606395,1
2025-02-20,384.5,384.5,373.6,374.5,-0.66,42089.0,15847811.6,-1,2025-02-20,371.3505160398123,370.370426280499,0.98008975931333,0
2025-02-23,367.1,375.2,365.3,373.1,-0.37,69490.0,25818995.1,1,2025-02-23,371.70041283184986,370.65774982992014,1.042663001929725,0
2025-02-24,380.5,380.5,371.0,372.0,-0.29,95948.0,35893221.9,-1,2025-02-24,371.76033026547987,370.79903932150745,0.9612909439724149,0
2025-02-25,375.0,379.8,373.5,374.5,0.67,64721.0,24322008.7,-1,2025-02-25,372.30826421238396,371.18861412976986,1.1196500826141005,0
2025-02-27,381.0,404.0,381.0,399.0,6.54,180854.0,71123148.4,1,2025-02-27,377.6466113699072,374.11612843189937,3.5304829380078218,0
2025-03-02,406.0,410.9,392.0,410.0,2.76,158503.0,63928991.9,1,2025-03-02,384.11728909592574,377.8933780706468,6.223911025278937,0
2025-03-03,410.0,417.9,402.0,404.0,-1.46,104126.0,42315621.7,-1,2025-03-03,388.0938312767406,380.64144353689454,7.452387739846074,0
2025-03-04,405.0,409.0,397.0,397.0,-1.73,81739.0,32657421.1,-1,2025-03-04,389.8750650213925,382.3633968488004,7.511668172592124,0
2025-03-05,402.0,402.0,390.2,391.0,-1.51,75942.0,29943233.8,-1,2025-03-05,390.100052017114,383.2725129699793,6.827539047134735,0
2025-03-06,391.0,397.0,390.1,395.0,1.02,57950.0,22772391.1,1,2025-03-06,391.08004161369126,384.50698528892883,6.573056324762433,0
2025-03-09,402.0,402.0,387.0,387.5,-1.9,53120.0,20802204.8,-1,2025-03-09,390.36403329095305,384.82203946904156,5.54199382191149,0
2025-03-10,379.8,393.5,379.8,382.0,-1.42,51563.0,19812899.6,1,2025-03-10,388.69122663276244,384.52498268282665,4.16624394993579,0
2025-03-11,380.0,384.0,375.5,379.0,-0.79,52438.0,19922402.2,-1,2025-03-11,386.75298130620996,383.9434055583186,2.8095757478913583,0
2025-03-12,380.0,384.0,379.1,384.0,1.32,37447.0,14299389.4,1,2025-03-12,386.202385044968,383.9493628679693,2.2530221769987406,0
2025-03-16,381.0,389.7,375.0,378.0,-1.56,47059.0,17836859.5,-1,2025-03-16,384.56190803597445,383.32311414502516,1.238793890949296,0
2025-03-17,379.0,382.0,374.0,376.0,-0.53,52266.0,19641950.2,-1,2025-03-17,382.8495264287796,382.5522600244962,0.29726640428339124,0
2025-03-18,383.0,383.0,372.0,374.9,-0.29,46712.0,17458101.4,-1,2025-03-18,381.2596211430237,381.74675896928613,-0.4871378262624262,-1
2025-03-19,375.0,376.0,371.5,372.1,-0.75,28240.0,10537317.1,-1,2025-03-19,379.427696914419,380.7313106567297,-1.303613742310688,0
2025-03-20,373.6,375.0,370.0,371.31,-0.21,26250.0,9744625.3,-1,2025-03-20,377.8041575315352,379.73959374549503,-1.9354362139598038,0
2025-03-23,371.0,375.0,364.0,365.0,-1.7,58246.0,21344955.9,-1,2025-03-23,375.2433260252282,378.18805756175874,-2.9447315365305258,0
2025-03-24,372.0,372.0,360.2,369.08,1.12,31813.0,11724152.8,-1,2025-03-24,374.0106608201826,377.22931466052097,-3.2186538403383906,0
2025-03-25,376.4,376.4,362.0,362.76,-1.71,56734.0,20655964.8,-1,2025-03-25,371.7605286561461,375.7062289067819,-3.9457002506358094,0
2025-03-26,360.0,369.8,359.0,366.94,1.15,66232.0,24030589.3,1,2025-03-26,370.7964229249169,374.7834679692259,-3.9870450443090135,0
2025-03-27,374.2,374.2,365.0,369.68,0.75,42064.0,15544120.3,-1,2025-03-27,370.5731383399335,374.2462608145705,-3.6731224746370117,0
2025-03-30,370.0,381.9,370.0,376.42,1.82,43372.0,16375068.8,1,2025-03-30,371.74251067194683,374.47507546566834,-2.732564793721508,0
2025-04-01,375.0,379.0,369.0,371.77,-1.24,35751.0,13329835.2,-1,2025-04-01,371.74800853755744,374.19033067980854,-2.4423221422511006,0
2025-04-02,379.2,379.2,368.6,372.08,0.08,22972.0,8545495.8,-1,2025-04-02,371.814406830046,373.96819060824976,-2.153783778203774,0
2025-04-03,373.0,409.0,371.0,378.09,1.62,78106.0,29756953.8,1,2025-04-03,373.0695254640368,374.4020652810656,-1.33253981702876,0
2025-04-07,380.0,384.0,375.0,376.82,-0.34,39850.0,15061937.1,-1,2025-04-07,373.81962037122946,374.65658472516395,-0.8369643539344906,0
2025-04-08,374.0,374.9,370.0,372.49,-1.15,37140.0,13801058.4,-1,2025-04-08,373.55369629698356,374.4285231751467,-0.8748268781631623,0
2025-04-09,374.0,378.5,373.0,375.1,0.7,18012.0,6750227.7,1,2025-04-09,373.86295703758685,374.4992049461839,-0.6362479085970563,0
2025-04-10,375.0,379.0,375.0,377.54,0.65,38690.0,14581737.4,1,2025-04-10,374.59836563006945,374.8192886360593,-0.22092300598984593,0
2025-04-13,378.0,379.9,371.0,376.04,-0.4,39615.0,14885391.6,-1,2025-04-13,374.8866925040556,374.9477845691057,-0.06109206505010434,0
2025-04-15,383.0,383.0,375.4,378.78,0.73,28213.0,10695139.3,-1,2025-04-15,375.6653540032445,375.35117566709454,0.3141783361499506,1
2025-04-16,385.0,385.0,377.0,377.87,-0.24,26891.0,10165385.0,-1,2025-04-16,376.1062832025956,375.61631507055824,0.48996813203734746,0
2025-04-17,379.0,385.0,378.0,383.07,1.38,59899.0,22887199.6,1,2025-04-17,377.49902656207644,376.40091348418366,1.0981130778927763,0
2025-04-20,375.5,375.5,369.0,369.81,-3.46,122259.0,45413718.4,-1,2025-04-20,375.96122124966115,375.7071331174275,0.2540881322336759,0
2025-04-21,370.0,370.0,362.8,363.72,-1.65,128678.0,47123111.3,-1,2025-04-21,373.51297699972895,374.4453296313825,-0.9323526316535435,-1
2025-04-22,364.0,367.4,361.6,365.22,0.41,62793.0,22878594.2,1,2025-04-22,371.8543815997832,373.47424230176324,-1.6198607019800306,0
2025-04-23,365.0,365.0,357.0,358.22,-1.92,81937.0,29481572.0,-1,2025-04-23,369.1275052798266,371.86853258578816,-2.741027305961552,0
2025-04-24,351.1,363.0,351.1,357.67,-0.15,47357.0,16911588.3,1,2025-04-24,366.83600422386127,370.3739502083368,-3.5379459844755274,0
2025-04-27,355.5,361.0,353.0,354.09,-1.0,67402.0,23908041.7,-1,2025-04-27,364.286803379089,368.65985018640663,-4.373046807317621,0
2025-04-28,358.0,358.0,350.2,352.89,-0.34,64893.0,22851180.0,-1,2025-04-28,362.0074427032712,366.9998659562586,-4.9924232529874075,0
2025-04-29,353.0,354.1,350.0,351.57,-0.37,63441.0,22291994.2,-1,2025-04-29,359.919954162617,365.37566953981036,-5.455715377193371,0
2025-04-30,350.3,351.0,346.3,346.84,-1.35,119600.0,41596006.1,-1,2025-04-30,357.3039633300936,363.4245464303566,-6.120583100262991,0
2025-05-04,350.0,352.5,346.0,349.46,0.76,42458.0,14833415.4,-1,2025-05-04,355.7351706640749,361.9545941745296,-6.219423510454703,0
2025-05-05,350.0,351.0,344.0,348.79,-0.19,91034.0,31446690.3,-1,2025-05-05,354.34613653125996,360.56884741931594,-6.222710888055985,0
2025-05-06,350.0,350.0,342.1,344.23,-1.31,61181.0,21072613.9,-1,2025-05-06,352.322909225008,358.84896874359845,-6.5260595185904435,0
2025-05-07,342.0,360.0,340.1,358.27,4.08,51281.0,17910366.3,1,2025-05-07,353.5123273800064,358.78802466532494,-5.275697285318529,0
2025-05-08,359.0,359.0,347.0,352.29,-1.67,84006.0,29467684.0,-1,2025-05-08,353.26786190400514,358.1040220689749,-4.836160164969783,0
2025-05-11,345.3,359.0,345.3,349.98,-0.66,55925.0,19630604.6,1,2025-05-11,352.6102895232042,357.24886185118805,-4.638572327983866,0
2025-05-13,350.0,352.0,344.0,347.21,-0.79,69156.0,23945061.6,-1,2025-05-13,351.5302316185634,356.192139551063,-4.661907932499616,0
2025-05-14,346.0,351.0,345.3,346.24,-0.28,27056.0,9387814.0,1,2025-05-14,350.4721852948507,355.144545914109,-4.672360619258313,0
2025-05-15,346.0,348.0,339.9,341.58,-1.35,143396.0,48950682.0,-1,2025-05-15,348.69374823588055,353.71669897578175,-5.022950739901205,0
2025-05-18,343.8,343.8,335.5,337.51,-1.19,111931.0,37864933.3,-1,2025-05-18,346.45699858870444,352.01073066254156,-5.553732073837125,0
2025-05-19,338.0,344.0,336.0,340.13,0.78,76308.0,25907663.6,1,2025-05-19,345.19159887096356,350.7601274349056,-5.5685285639420385,0
2025-05-20,340.0,344.9,337.0,341.04,0.27,129948.0,44233760.9,1,2025-05-20,344.3612790967709,349.73695612596816,-5.375677029197277,0
2025-05-21,347.8,361.0,343.0,344.08,0.89,124236.0,43468847.8,-1,2025-05-21,344.3050232774167,349.14148706007677,-4.836463782660076,0
2025-05-22,350.0,378.4,344.0,370.91,7.8,388565.0,140400614.7,1,2025-05-22,349.6260186219334,351.43290947480557,-1.8068908528721863,0
2025-05-25,370.0,377.4,359.2,364.6,-1.7,154179.0,56447346.7,-1,2025-05-25,352.6208148975467,352.81891900377343,-0.19810410622670815,0
2025-05-26,371.8,379.0,354.5,362.83,-0.49,226738.0,82686150.9,-1,2025-05-26,354.66265191803734,353.87271700337624,0.789934914661103,1
2025-05-27,357.1,364.0,355.0,361.45,-0.38,43915.0,15805395.0,1,2025-05-27,356.0201215344299,354.67032573986296,1.349795794566944,0
2025-05-28,356.0,376.9,356.0,371.62,2.81,310444.0,113198808.2,1,2025-05-28,359.14009722754395,356.4545019777721,2.6855952497718363,0
2025-06-02,376.0,382.5,366.0,369.69,-0.52,151086.0,56438137.6,-1,2025-06-02,361.25007778203513,357.8477122959013,3.4023654861338173,0
2025-06-03,370.0,370.0,354.0,360.12,-2.59,127629.0,45940798.5,-1,2025-06-03,361.02406222562814,358.0869004752801,2.937161750348025,0
2025-06-04,355.1,359.0,352.1,353.97,-1.71,80718.0,28617957.0,-1,2025-06-04,359.61324978050254,357.6535425305138,1.9597072499887531,0
2025-06-05,351.1,357.0,350.0,353.75,-0.06,84068.0,29643771.7,1,2025-06-05,358.44059982440206,357.2426433167755,1.197956507626543,0
2025-06-08,350.0,361.0,348.0,348.67,-1.44,68124.0,23905524.3,-1,2025-06-08,356.48647985952164,356.3402598097465,0.14622004977513825,0
2025-06-09,348.0,351.9,345.0,349.81,0.33,109064.0,37908747.0,1,2025-06-09,355.1511838876173,355.6528640402995,-0.5016801526821837,-1
2025-06-10,351.0,352.0,345.0,350.1,0.08,125344.0,43753231.2,-1,2025-06-10,354.14094711009386,355.06835203605743,-0.9274049259635717,0
2025-06-11,355.0,355.0,347.2,347.71,-0.68,60834.0,21229420.1,-1,2025-06-11,352.8547576880751,354.29378866384087,-1.4390309757657747,0
2025-06-12,345.0,350.0,345.0,347.74,0.01,54077.0,18781260.9,1,2025-06-12,351.83180615046007,353.60391617291026,-1.7721100224501924,0
2025-06-15,348.5,349.0,344.0,344.15,-1.03,57297.0,19804058.6,-1,2025-06-15,350.295444920368,352.6087671020776,-2.313322181709566,0
2025-06-16,342.2,347.9,342.0,344.81,0.19,66024.0,22775700.9,1,2025-06-16,349.19835593629443,351.7878442492273,-2.589488312932872,0
2025-06-17,345.0,351.0,340.0,342.68,-0.62,52555.0,18003104.2,-1,2025-06-17,347.89468474903555,350.8291238019402,-2.934439052904679,0
2025-06-18,340.5,348.0,340.5,341.66,-0.3,73017.0,24984089.5,1,2025-06-18,346.64774779922845,349.86395287542024,-3.216205076191784,0
2025-06-19,344.9,345.9,337.2,340.63,-0.3,177028.0,59969152.0,-1,2025-06-19,345.4441982393828,348.8919578359023,-3.447759596519518,0
2025-06-22,333.9,345.0,333.9,337.67,-0.87,74852.0,25309362.4,1,2025-06-22,343.8893585915062,347.71069911633367,-3.8213405248274626,0
2025-06-23,335.5,343.4,333.0,337.54,-0.04,36751.0,12414497.1,1,2025-06-23,342.619486873205,346.6400992093512,-4.0206123361462005,0
2025-06-24,344.0,345.0,335.0,335.39,-0.64,117512.0,39638521.0,-1,2025-06-24,341.17358949856407,345.45587823994583,-4.2822887413817625,0
2025-06-25,338.5,340.9,335.3,338.68,0.98,62197.0,21065787.0,1,2025-06-25,340.67487159885127,344.7426278988989,-4.06775630004762,0
2025-06-26,340.0,341.0,336.0,337.42,-0.37,37902.0,12803881.9,-1,2025-06-26,340.023897279081,343.97182496217266,-3.9479276830916774,0
2025-06-29,340.0,345.0,335.0,343.92,1.93,64107.0,21745989.1,1,2025-06-29,340.8031178232648,343.9663697029966,-3.1632518797317744,0
2025-06-30,340.1,345.0,338.0,340.78,-0.91,58312.0,19850622.5,1,2025-06-30,340.79849425861187,343.6309623658391,-2.832468107227214,0
2025-07-01,339.2,350.0,338.2,346.22,1.6,75776.0,25905407.5,1,2025-07-01,341.88279540688956,343.90349264311914,-2.02069723622958,0
2025-07-02,352.0,353.9,343.6,352.39,1.78,99579.0,34692258.3,1,2025-07-02,343.9842363255117,344.79680920700133,-0.8125728814896434,0
2025-07-03,355.0,363.0,347.0,360.53,2.31,134444.0,47800177.6,1,2025-07-03,347.29338906040937,346.4529345536328,0.8404545067765525,1
2025-07-06,360.0,360.5,353.5,355.23,-1.47,87837.0,31279564.3,-1,2025-07-06,348.8807112483275,347.3768361795662,1.5038750687612605,0
2025-07-07,352.0,354.9,347.0,347.77,-2.1,65015.0,22789430.7,-1,2025-07-07,348.65856899866196,347.41822184487506,1.2403471537868995,0
2025-07-08,349.5,351.0,342.4,346.83,-0.27,48932.0,16998783.0,-1,2025-07-08,348.29285519892954,347.35630375594087,0.936551442988673,0
2025-07-09,350.0,365.0,347.4,360.46,3.93,164992.0,58850780.4,1,2025-07-09,350.72628415914363,348.73564020268395,1.990643956459678,0
2025-07-10,367.6,375.0,363.0,368.59,2.26,268028.0,98822166.8,1,2025-07-10,354.29902732731495,350.82557281292776,3.4734545143871856,0
2025-07-13,375.9,405.4,375.9,405.4,9.99,935652.0,371499032.0,1,2025-07-13,364.519221861852,356.5702493589353,7.948972502916661,0
2025-07-14,413.5,413.5,400.0,404.59,-0.2,591115.0,239002343.0,-1,2025-07-14,372.5333774894816,361.6249599527316,10.908417536749994,0
2025-07-15,405.0,416.5,391.1,413.64,2.24,752172.0,303137632.1,1,2025-07-15,380.7547019915853,367.10022732612833,13.654474665456974,0
2025-07-16,415.0,426.0,410.5,420.05,1.55,652885.0,274327020.2,1,2025-07-16,388.61376159326824,372.6738876075885,15.939873985679753,0
2025-07-17,428.4,428.4,414.0,418.72,-0.32,613888.0,256975172.1,-1,2025-07-17,394.6350092746146,377.5208468067897,17.11416246782494,0
2025-07-20,420.0,420.0,404.0,405.83,-3.08,774408.0,317619954.1,-1,2025-07-20,396.87400741969174,380.5007576692328,16.37324975045891,0
2025-07-21,404.5,412.0,400.3,410.35,1.11,314794.0,127967454.2,1,2025-07-21,399.5692059357534,383.64278317773466,15.92642275801876,0
2025-07-22,410.0,418.0,406.0,416.42,1.48,379370.0,156024594.9,1,2025-07-22,402.93936474860277,387.0930165274468,15.84634822115595,0
2025-07-23,417.0,417.0,407.1,410.62,-1.39,264074.0,108423815.0,-1,2025-07-23,404.4754917988823,389.56954110350506,14.905950695377214,0
2025-07-24,418.8,418.8,403.0,404.97,-1.38,211844.0,85930783.2,-1,2025-07-24,404.57439343910585,391.19064203997823,13.383751399127618,0
2025-07-27,407.0,412.0,398.9,400.35,-1.14,357867.0,144792585.5,-1,2025-07-27,403.7295147512847,392.15478498313837,11.574729768146312,0
2025-07-28,400.0,403.0,388.7,396.3,-1.01,416122.0,163714234.0,-1,2025-07-28,402.2436118010278,392.5911234059659,9.65248839506188,0
2025-07-29,403.0,410.0,395.0,400.89,1.16,308929.0,124476292.8,-1,2025-07-29,401.97288944082226,393.46468936323265,8.508200077589606,0
2025-07-30,405.0,406.7,388.0,390.2,-2.67,189372.0,74779345.5,-1,2025-07-30,399.6183115526579,393.1210378513134,6.497273701344454,0
2025-07-31,390.0,396.9,383.5,386.43,-0.97,170007.0,66167915.9,-1,2025-07-31,396.98064924212633,392.416718077491,4.563931164635335,0
2025-08-03,386.0,388.0,381.0,381.91,-1.17,146401.0,56051636.6,-1,2025-08-03,393.9665193937011,391.31074775354455,2.6557716401565585,0
2025-08-04,388.7,399.0,385.0,395.76,3.63,275662.0,108183779.4,1,2025-08-04,394.3252155149609,391.7790900952767,2.5461254196842447,0
2025-08-05,403.5,403.5,385.9,386.38,-2.37,168482.0,66054248.8,-1,2025-08-05,392.73617241196877,391.21076482208963,1.525407589879137,0
2025-08-06,391.0,391.0,385.0,385.51,-0.23,63156.0,24412473.7,-1,2025-08-06,391.2909379295751,390.6106843145012,0.6802536150738661,0
2025-08-07,392.8,392.8,383.0,384.68,-0.22,83056.0,32003820.7,-1,2025-08-07,389.9687503436601,389.98640175508,-0.017651411419933538,-1
2025-08-11,389.0,392.0,381.1,381.26,-0.89,101169.0,38902186.4,-1,2025-08-11,388.2270002749281,389.06783314928214,-0.840832874354021,0
2025-08-12,385.0,385.0,376.1,376.92,-1.14,59057.0,22363141.3,-1,2025-08-12,385.96560021994253,387.78911387041035,-1.8235136504678167,0
2025-08-13,380.0,380.0,370.0,370.48,-1.71,85556.0,31991359.1,-1,2025-08-13,382.86848017595406,385.9671018840514,-3.098621708097312,0
2025-08-14,371.8,371.9,363.1,365.66,-1.3,88358.0,32407300.6,-1,2025-08-14,379.4267841407633,383.8295122120459,-4.402728071282638,0
2025-08-17,358.4,358.4,340.0,348.64,-4.65,256794.0,90033152.6,-1,2025-08-17,373.2694273126107,380.12535303183057,-6.855925719219897,0
2025-08-18,350.0,351.0,344.5,348.23,-0.12,103749.0,36139739.7,-1,2025-08-18,368.2615418500886,376.7679474495326,-8.506405599444008,0
2025-08-19,348.5,355.1,348.1,350.65,0.69,83058.0,29263547.3,1,2025-08-19,364.7392334800709,374.018689823266,-9.279456343195136,0
2025-08-20,353.0,356.0,350.0,351.12,0.13,58516.0,20575102.7,-1,2025-08-20,362.0153867840567,371.60830142081693,-9.592914636760213,0
2025-08-21,350.1,353.9,348.0,348.38,-0.78,47481.0,16616877.5,-1,2025-08-21,359.2883094272454,369.1632170607309,-9.87490763348552,0
2025-08-24,348.2,349.5,343.0,343.56,-1.38,94633.0,32680795.7,-1,2025-08-24,356.1426475417963,366.468141580654,-10.325494038857698,0
2025-08-25,343.0,345.0,337.0,344.34,0.23,76387.0,26129868.7,1,2025-08-25,353.78211803343703,364.1388635195325,-10.356745486095463,0
2025-08-26,349.9,349.9,344.0,344.53,0.06,34295.0,11850669.8,-1,2025-08-26,351.93169442674963,362.0747726227396,-10.143078195989972,0
2025-08-27,351.4,352.9,345.2,351.44,2.01,75720.0,26464709.2,1,2025-08-27,351.8333555413997,360.9553228729775,-9.121967331577764,0
2025-08-28,352.0,355.0,350.0,351.32,-0.03,63594.0,22397074.1,-1,2025-08-28,351.7306844331198,359.9410783600325,-8.21039392691273,0
2025-08-31,352.0,353.0,345.0,346.46,-1.38,31039.0,10759272.7,-1,2025-08-31,350.67654754649584,358.5220174800291,-7.845469933533252,0
2025-09-01,353.3,353.3,341.0,350.02,1.03,62119.0,21489767.6,-1,2025-09-01,350.5452380371967,357.62706827160497,-7.081830234408244,0
2025-09-02,357.0,357.0,345.0,345.15,-1.39,45243.0,15760942.6,-1,2025-09-02,349.4661904297574,356.3136926640676,-6.847502234310241,0
2025-09-03,346.5,346.8,344.0,344.79,-0.1,22544.0,7786264.7,-1,2025-09-03,348.53095234380595,355.10067238363945,-6.5697200398334985,0
2025-09-04,341.3,345.0,341.3,344.18,-0.18,46045.0,15781524.1,1,2025-09-04,347.6607618750448,353.95112792220374,-6.290366047158955,0
2025-09-07,338.0,344.7,338.0,341.54,-0.77,33752.0,11540652.0,1,2025-09-07,346.43660950003584,352.64469340407703,-6.208083904041189,0
2025-09-08,341.0,342.0,338.5,339.78,-0.52,51679.0,17561190.5,-1,2025-09-08,345.1052876000287,351.2905151510163,-6.185227550987577,0
2025-09-18,333.0,333.0,308.7,314.0,-7.59,7459.0,2375434.6,-1,2025-09-18,338.884230080023,347.36519776669877,-8.480967686675797,0
2025-09-21,310.5,332.4,310.5,331.42,5.55,108087.0,35357788.5,1,2025-09-21,337.3913840640184,345.6867558965199,-8.29537183250153,0
2025-09-23,335.0,338.9,333.0,336.8,1.62,49990.0,16776510.5,1,2025-09-23,337.27310725121475,344.7513079074126,-7.478200656197828,0
2025-09-24,337.0,338.4,331.0,334.0,-0.83,31306.0,10432191.2,-1,2025-09-24,336.6184858009718,343.61959128557965,-7.00110548460782,0
2025-09-25,330.1,336.7,330.1,331.2,-0.84,24603.0,8184953.0,1,2025-09-25,335.5347886407775,342.31226588709757,-6.777477246320075,0
2025-09-28,335.0,337.0,333.0,334.0,0.85,31511.0,10522752.9,-1,2025-09-28,335.22783091262204,341.437290530561,-6.209459617938933,0
2025-10-07,332.0,335.0,326.4,330.2,-1.14,38679.0,12774584.7,-1,2025-10-07,334.22226473009766,340.2544178431335,-6.032153113035861,0
2025-10-08,331.5,331.5,318.0,321.0,-2.79,81048.0,26122021.5,-1,2025-10-08,331.5778117840781,338.22763701754053,-6.649825233462423,0
2025-10-09,327.4,345.0,326.1,328.0,2.18,35932.0,11850764.0,1,2025-10-09,330.8622494272625,337.1510436472731,-6.2887942200106295,0
2025-10-12,329.0,329.0,318.0,321.0,-2.13,61096.0,19597769.5,-1,2025-10-12,328.88979954181,335.45093378966544,-6.561134247855421,0
2025-10-13,327.0,327.0,320.0,322.0,0.31,43486.0,14002986.3,-1,2025-10-13,327.51183963344806,334.0350460223322,-6.523206388884148,0
2025-10-14,322.0,324.5,316.0,316.7,-1.65,36339.0,11579222.9,-1,2025-10-14,325.34947170675844,332.2103043357709,-6.860832629012464,0
2025-10-15,316.0,319.0,315.0,317.0,0.09,28907.0,9155075.2,1,2025-10-15,323.6795773654068,330.60921966884763,-6.929642303440858,0
2025-10-16,319.0,319.0,314.0,314.1,-0.91,33027.0,10410928.7,-1,2025-10-16,321.76366189232544,328.87140707212683,-7.107745179801384,0
2025-10-19,314.0,320.0,313.6,314.1,0.0,18515.0,5851907.9,1,2025-10-19,320.23092951386036,327.31652211716613,-7.08559260330577,0
2025-10-26,312.1,316.0,312.0,316.0,0.6,25544.0,8010771.8,1,2025-10-26,319.3847436110883,326.12530926272757,-6.740565651639258,0
2025-10-28,316.0,327.0,316.0,324.0,2.53,39389.0,12720536.9,1,2025-10-28,320.30779488887066,325.90159249822995,-5.593797609359285,0
2025-10-29,329.7,329.7,317.1,319.0,-1.54,41189.0,13195625.3,-1,2025-10-29,320.0462359110966,325.17510907736363,-5.128873166267056,0
2025-10-30,316.0,323.9,312.0,321.0,0.63,30393.0,9691715.8,1,2025-10-30,320.23698872887724,324.7356239113254,-4.49863518244814,0
2025-11-02,327.4,327.5,320.2,323.9,0.9,68588.0,22212479.3,-1,2025-11-02,320.96959098310185,324.6476634996069,-3.67807251650504,0
2025-11-03,324.0,330.0,321.2,324.0,0.03,43294.0,14103738.8,0,2025-11-03,321.5756727864815,324.5794883943851,-3.0038156079036185,0
2025-11-04,324.0,328.0,320.0,321.0,-0.93,38008.0,12279041.4,-1,2025-11-04,321.4605382291852,324.20270014234455,-2.74216191315935,0
2025-11-05,322.0,325.0,319.1,322.5,0.47,28471.0,9159963.8,1,2025-11-05,321.6684305833482,324.0234685484136,-2.355037965065378,0
2025-11-06,322.0,326.9,320.5,322.0,-0.16,31827.0,10313274.6,0,2025-11-06,321.73474446667853,323.8104718591069,-2.075727392428348,0
2025-11-09,320.0,320.0,315.0,316.2,-1.8,57077.0,18076491.1,-1,2025-11-09,320.62779557334284,323.0093695581483,-2.3815739848054704,0
2025-11-10,316.0,319.9,311.0,315.9,-0.09,46722.0,14658851.6,-1,2025-11-10,319.6822364586743,322.2610148678169,-2.5787784091426147,0
2025-11-11,319.0,319.0,311.5,312.2,-1.17,42493.0,13305285.5,-1,2025-11-11,318.18578916693946,321.20196067120463,-3.0161715042651736,0
2025-11-12,312.4,316.4,311.5,311.8,-0.13,31341.0,9803660.5,-1,2025-11-12,316.90863133355157,320.2122806005515,-3.303649266999912,0
2025-11-13,312.0,314.0,308.2,308.9,-0.93,46844.0,14500379.0,-1,2025-11-13,315.3069050668413,319.02151422154606,-3.7146091547047604,0
2025-11-16,308.9,312.0,307.2,308.3,-0.19,25022.0,7714727.8,-1,2025-11-16,313.9055240534731,317.8929337771728,-3.9874097236997272,0
2025-11-17,308.0,310.0,307.0,307.5,-0.26,43796.0,13479927.8,-1,2025-11-17,312.62441924277846,316.7989407479967,-4.174521505218252,0
2025-11-18,306.3,309.6,306.3,309.0,0.49,34492.0,10632873.0,1,2025-11-18,311.89953539422277,315.97799961662867,-4.0784642224058985,0
2025-11-19,311.9,311.9,305.7,306.9,-0.68,35247.0,10805225.2,-1,2025-11-19,310.8996283153782,315.0224207096151,-4.12279239423691,0
2025-11-20,306.1,307.5,304.5,306.4,-0.16,47593.0,14543739.9,1,2025-11-20,309.9997026523026,314.11479747702407,-4.115094824721496,0
2025-11-23,312.2,312.2,307.0,309.0,0.85,52221.0,16121273.8,-1,2025-11-23,309.7997621218421,313.5763977426005,-3.776635620758384,0
2025-11-24,309.0,316.9,309.0,316.9,2.56,87011.0,27332755.8,1,2025-11-24,311.2198096974737,313.92625061180047,-2.7064409143267767,0
2025-11-25,316.9,320.0,312.1,320.0,0.98,45468.0,14348839.9,1,2025-11-25,312.97584775797895,314.56559265266355,-1.5897448946845998,0
2025-11-26,315.0,335.0,315.0,326.0,1.88,98559.0,31992593.3,1,2025-11-26,315.5806782063832,315.769214478699,-0.18853627231578685,0
2025-11-27,328.9,343.1,321.0,334.9,2.73,199986.0,67177851.7,1,2025-11-27,319.4445425651066,317.78298137567805,1.6615611894285394,1
2025-11-30,337.2,340.0,328.0,330.0,-1.46,77227.0,25656482.2,-1,2025-11-30,321.5556340520853,319.068983336133,2.486650715952294,0
2025-12-01,328.0,330.9,323.4,324.0,-1.82,60641.0,19713415.1,-1,2025-12-01,322.04450724166827,319.58803772180323,2.4564695198650384,0
2025-12-02,322.0,327.0,317.1,326.9,0.9,60134.0,19319826.1,1,2025-12-02,323.0156057933346,320.3577179616134,2.6578878317212116,0
2025-12-03,322.9,328.7,319.5,320.0,-2.11,29618.0,9558331.1,-1,2025-12-03,322.4124846346677,320.3200634393383,2.0924211953293934,0
2025-12-07,316.5,321.0,315.0,315.8,-1.31,47682.0,15092782.5,-1,2025-12-07,321.08998770773417,319.844267287829,1.245720419905183,0
2025-12-08,314.0,319.0,314.0,317.0,0.38,27639.0,8756692.3,1,2025-12-08,320.2719901661874,319.5448707312154,0.7271194349719963,0
2025-12-09,321.0,321.0,315.6,316.1,-0.28,26045.0,8252847.2,-1,2025-12-09,319.43759213294993,319.1822527595085,0.2553393734414158,0
2025-12-10,319.9,319.9,315.0,316.2,0.03,34740.0,10996213.3,-1,2025-12-10,318.79007370636,318.8683314164024,-0.07825771004240778,-1
2025-12-11,316.0,318.5,315.5,316.0,-0.06,28406.0,8994886.4,0,2025-12-11,318.232058965088,318.5664017936232,-0.3343428285351706,0
2025-12-14,320.0,320.0,315.3,317.0,0.32,47378.0,15001525.9,-1,2025-12-14,317.98564717207046,318.4015173942944,-0.4158702222239299,0
2025-12-15,316.1,330.2,316.0,328.0,3.47,152335.0,49447945.9,1,2025-12-15,319.98851773765637,319.41188398436867,0.5766337532876946,1
2025-12-16,331.9,331.9,323.5,326.0,-0.61,40675.0,13255172.1,-1,2025-12-16,321.1908141901251,320.1053698807509,1.085444309374168,0
2025-12-17,325.0,327.9,321.0,323.0,-0.92,31340.0,10169995.8,-1,2025-12-17,321.5526513521001,320.4100677880403,1.1425835640598052,0
2025-12-18,322.0,324.0,316.6,317.0,-1.86,64599.0,20569592.5,-1,2025-12-18,320.6421210816801,320.05111328403603,0.5910077976440675,0
2025-12-21,318.0,320.0,315.2,317.0,0.0,26822.0,8519141.3,-1,2025-12-21,319.91369686534415,319.7299434646638,0.1837534006803594,0
2025-12-22,315.2,319.0,310.0,315.4,-0.5,62478.0,19643115.0,1,2025-12-22,319.01095749227534,319.27415994206757,-0.2632024497922316,-1
2025-12-23,312.8,319.0,312.8,318.0,0.82,33536.0,10608584.0,1,2025-12-23,318.8087659938203,319.14003784290253,-0.3312718490822135,0
2025-12-24,319.0,322.9,316.5,321.0,0.94,35797.0,11445368.3,1,2025-12-24,319.24701279505626,319.3358233331233,-0.08881053806703676,0
2025-12-28,324.0,336.0,320.6,335.0,4.36,131308.0,43128391.2,1,2025-12-28,322.397610236045,320.9846840348998,1.4129262011452397,1
2025-12-29,335.0,335.0,324.0,325.0,-2.99,56073.0,18382999.4,-1,2025-12-29,322.918088188836,321.4073488733314,1.5107393155046225,0
2025-12-31,327.0,332.0,324.6,327.0,0.62,45656.0,14965752.8,0,2025-12-31,323.73447055106885,321.9960489919281,1.738421559140761,0
2026-01-01,332.9,332.9,322.2,324.8,-0.67,25445.0,8274144.9,-1,2026-01-01,323.9475764408551,322.29120172961984,1.6563747112352303,0
2026-01-04,331.2,356.0,331.0,344.0,5.91,634749.0,219417898.3,1,2026-01-04,327.9580611526841,324.5763383896599,3.381722763024186,0
2026-01-05,350.0,355.5,344.2,352.3,2.41,226433.0,79107162.8,1,2026-01-05,332.8264489221473,327.49461855916934,5.331830362977939,0
2026-01-06,355.0,359.0,351.0,353.1,0.23,147211.0,52224391.8,-1,2026-01-06,336.8811591377178,330.18992186873044,6.691237268987379,0
2026-01-07,354.0,354.0,343.8,343.8,-2.63,135639.0,46927978.8,-1,2026-01-07,338.26492731017424,331.622561672022,6.642365638152228,0
2026-01-08,337.0,349.0,337.0,345.9,0.61,92775.0,32145834.8,1,2026-01-08,339.7919418481394,333.12544991707233,6.666491931067071,0
2026-01-12,346.0,348.9,339.0,339.1,-1.97,63530.0,21718026.4,-1,2026-01-12,339.6535534785115,333.7543499258016,5.899203552709935,0
2026-01-13,332.4,373.0,332.4,338.0,-0.32,142207.0,48110679.2,1,2026-01-13,339.32284278280923,334.2012604599277,5.1215823228815225,0
2026-01-14,331.3,342.0,331.3,334.2,-1.12,87141.0,29278769.1,1,2026-01-14,338.2982742262474,334.20112777993535,4.097146446312024,0
2026-01-18,339.7,347.0,335.0,339.0,1.44,163190.0,55502172.6,-1,2026-01-18,338.4386193809979,334.70627222415266,3.7323471568452646,0
2026-01-20,332.5,350.0,332.5,346.0,2.06,141100.0,48859694.4,1,2026-01-20,339.9508955047983,335.89508567424184,4.055809830556484,0
2026-01-21,348.0,348.0,340.0,342.0,-1.16,91181.0,31278407.9,-1,2026-01-21,340.36071640383864,336.53770823484797,3.8230081689906683,0
2026-01-22,347.9,347.9,337.0,341.9,-0.03,71540.0,24282898.9,-1,2026-01-22,340.6685731230709,337.1021599996008,3.566413123470113,0
2026-01-25,343.9,355.0,340.0,351.2,2.72,164488.0,57106724.3,1,2026-01-25,342.77485849845675,338.5861431575376,4.1887153409191455,0
2026-01-26,356.9,365.0,347.7,356.0,1.37,250861.0,88805399.9,-1,2026-01-26,345.4198867987654,340.41918071990204,5.000706078863345,0
2026-01-27,355.0,362.0,346.0,347.0,-2.53,108099.0,38057967.9,-1,2026-01-27,345.7359094390123,341.11189853885975,4.624010900152541,0
2026-01-28,344.2,350.0,344.0,345.9,-0.32,75584.0,26161201.0,1,2026-01-28,345.76872755120985,341.61590921897977,4.152818332230083,0
2026-01-29,340.0,343.0,337.0,337.3,-2.49,106393.0,36152038.9,-1,2026-01-29,344.07498204096794,341.1616029854029,2.9133790555650307,0
2026-02-01,334.0,338.0,330.5,330.5,-2.02,88265.0,29373917.1,-1,2026-02-01,341.3599856327744,340.03932898693944,1.3206566458349585,0
2026-02-02,330.5,338.0,330.5,334.0,1.06,39025.0,12973459.3,1,2026-02-02,339.88798850621953,339.40361014620896,0.48437836001056667,0
2026-02-03,337.0,337.8,321.5,328.0,-1.8,106817.0,35010819.3,-1,2026-02-03,337.51039080497566,338.20323013081855,-0.6928393258428969,-1
2026-02-04,322.0,332.9,322.0,326.0,-0.61,69033.0,22530574.0,1,2026-02-04,335.20831264398055,336.9186795907324,-1.710366946751833,0
2026-02-05,327.0,329.9,325.0,327.7,0.52,55997.0,18354187.2,1,2026-02-05,333.70665011518446,335.9482922653921,-2.2416421502076673,0
2026-02-08,333.9,333.9,327.3,328.7,0.31,48970.0,16122325.0,-1,2026-02-08,332.7053200921476,335.18531413219296,-2.4799940400453693,0
2026-02-09,328.2,328.2,322.2,323.0,-1.73,114234.0,36994763.0,-1,2026-02-09,330.7642560737181,333.902649486699,-3.138393412980861,0
2026-02-10,327.9,327.9,320.5,322.0,-0.31,74460.0,23948731.6,-1,2026-02-10,329.0114048589745,332.6497390144149,-3.6383341554403614,0
2026-02-11,315.6,328.0,315.6,320.9,-0.34,72607.0,23379514.7,1,2026-02-11,327.3891238871796,331.41292438131853,-4.023800494138925,0
2026-02-12,320.8,330.0,320.1,329.9,2.8,195633.0,64117459.4,1,2026-02-12,327.8912991097437,331.253669183285,-3.3623700735412854,0
2026-02-16,330.0,330.0,324.2,325.9,-1.21,25760.0,8386080.3,-1,2026-02-16,327.493039287795,330.6901250587287,-3.197085770933711,0
2026-02-17,324.2,330.0,322.0,323.0,-0.89,145521.0,47176032.3,-1,2026-02-17,326.59443143023606,329.8806382104415,-3.2862067802054185,0
2026-02-22,325.0,327.5,320.4,321.0,-0.62,34856.0,11214035.4,-1,2026-02-22,325.47554514418886,328.9458341882897,-3.4702890441008662,0
2026-02-23,321.0,324.5,320.0,322.0,0.31,53331.0,17153651.6,1,2026-02-23,324.7804361153511,328.21469374741713,-3.4342576320660214,0
2026-02-24,322.0,326.9,321.0,323.7,0.53,24034.0,7762089.0,1,2026-02-24,324.5643488922809,327.7394628266364,-3.1751139343554655,0
2026-02-25,322.0,326.0,322.0,322.3,-0.43,32708.0,10560127.2,1,2026-02-25,324.11147911382477,327.1668877922536,-3.055408678428819,0
2026-02-26,328.7,328.7,322.8,325.0,0.84,29539.0,9563016.6,-1,2026-02-26,324.2891832910598,326.9387943404374,-2.6496110493775973,0
2026-03-01,325.0,329.5,322.0,329.5,1.38,42373.0,13845220.0,1,2026-03-01,325.33134663284784,327.20839493618087,-1.8770483033330265,0
2026-03-03,336.0,338.0,327.5,334.9,1.64,55876.0,18709202.9,-1,2026-03-03,327.2450773062783,328.01803757447766,-0.7729602681993697,0
